"Product","Blackbox flight data recorder by Nicholas Sherlock"
"Data source","SYNTHETIC SAMPLE made by the Quadline simulator (scripts/make-blackbox-sample.ts). Not a real flight."
"Firmware type","Cleanflight"
"Firmware revision","Betaflight 4.4.2 (synthetic sample)"
"Craft name","QUADLINE SAMPLE 5IN"
"looptime","125"
"rates_type","3"
"rc_rates","7,7,7"
"rc_expo","0,0,0"
"rates","67,67,67"
"rollPID","45,80,40"
"pitchPID","47,84,46"
"yawPID","45,80,0"
"d_min","30,34,0"
"ff_weight","120,125,120"
"tpa_rate","65"
"tpa_breakpoint","1350"
"anti_gravity_gain","80"
"thr_mid","50"
"thr_expo","0"
"dshot_idle_value","550"
loopIteration,time (us),rcCommand[0],rcCommand[1],rcCommand[2],rcCommand[3],setpoint[0],setpoint[1],setpoint[2],gyroADC[0],gyroADC[1],gyroADC[2],motor[0],motor[1],motor[2],motor[3]
0,0,0,0,0,1000,0,0,0,1,3,-2,222,222,222,222
2,2000,0,0,0,1000,0,-0,0,-1,2,2,223,223,223,223
4,4000,0,0,0,1000,0,-0,0,1,5,2,223,223,223,223
6,6000,0,0,0,1000,0,-0,0,4,1,-2,223,223,223,223
8,8000,0,0,0,1000,0,-0,0,3,-0,-2,223,223,223,223
10,10000,0,0,0,1000,0,-0,0,-3,-2,-0,223,223,223,223
12,12000,0,0,0,1000,0,-0,0,1,2,4,223,223,223,223
14,14000,0,0,0,1000,0,-0,0,-0,3,-3,223,223,223,223
16,16000,0,0,0,1000,0,-0,0,2,-0,-3,223,223,223,223
18,18000,0,0,0,1000,0,-0,0,-5,-1,3,223,223,223,223
20,20000,0,0,0,1000,0,-0,0,-1,6,6,223,223,223,223
22,22000,0,0,0,1000,0,-0,0,-1,-1,-4,223,223,223,223
24,24000,0,0,0,1000,0,-0,0,-4,-3,2,223,223,223,223
26,26000,0,0,0,1000,0,-0,0,5,-0,2,223,223,223,223
28,28000,0,-1,0,1000,0,-0,0,2,-3,4,223,223,223,223
30,30000,1,-1,0,1000,0,-0,0,-0,5,4,223,223,223,223
32,32000,1,-1,0,1000,0,-0,0,-1,1,1,223,223,223,223
34,34000,1,-1,0,1000,0,-0,0,-0,-5,0,223,223,223,223
36,36000,1,-1,0,1000,0,-0,0,1,1,0,223,223,223,223
38,38000,1,-1,0,1000,0,-0,0,-8,-2,0,223,223,223,223
40,40000,1,-2,0,1000,0,-0,0,0,4,1,223,223,223,223
42,42000,2,-2,0,1000,0,-0,0,-0,-2,-3,223,223,223,223
44,44000,2,-2,0,1000,0,-0,0,-0,2,2,223,223,223,223
46,46000,2,-2,0,1000,0,-0,0,3,7,-1,223,223,223,223
48,48000,2,-3,0,1000,0,-0,0,-4,0,-4,223,223,223,223
50,50000,3,-3,0,1000,0,-0,0,-1,2,3,223,223,223,223
52,52000,3,-3,0,1000,0,-0,0,-5,2,-6,223,223,223,223
54,54000,3,-4,0,1000,0,-1,0,-5,2,0,223,223,223,223
56,56000,3,-4,0,1000,1,-1,0,-2,3,-1,223,223,223,223
58,58000,4,-4,0,1000,1,-1,0,-3,-0,-0,223,223,223,223
60,60000,4,-5,0,1000,1,-1,0,3,3,1,223,223,223,223
62,62000,4,-5,0,1000,1,-1,0,-6,-1,2,223,223,223,223
64,64000,5,-6,0,1000,1,-1,0,2,6,5,223,223,223,223
66,66000,5,-6,0,1000,1,-1,0,-3,0,-4,223,223,223,223
68,68000,5,-6,0,1000,1,-1,0,-6,1,3,223,223,223,223
70,70000,6,-7,0,1000,1,-1,0,1,10,2,223,223,223,223
72,72000,6,-7,0,1000,1,-1,0,-6,4,-1,223,223,223,223
74,74000,6,-8,0,1000,1,-1,0,-5,5,-1,223,223,223,223
76,76000,7,-8,0,1000,1,-1,0,-0,0,-1,223,223,223,223
78,78000,7,-9,0,1000,1,-1,0,-9,8,3,223,223,223,223
80,80000,8,-9,0,1000,1,-1,0,2,5,-2,223,223,223,223
82,82000,8,-10,0,1000,1,-2,0,-1,3,2,223,223,223,223
84,84000,8,-10,0,1000,1,-2,0,-5,4,-1,223,223,223,223
86,86000,9,-11,0,1000,1,-2,0,-1,9,-1,223,223,223,223
88,88000,9,-11,0,1000,1,-2,0,-9,8,1,223,223,223,223
90,90000,10,-12,0,1000,2,-2,0,-2,2,-4,223,223,223,223
92,92000,10,-12,0,1000,2,-2,0,-8,-1,-1,223,223,223,223
94,94000,10,-13,0,1000,2,-2,0,-8,12,1,223,223,223,223
96,96000,11,-13,0,1000,2,-2,0,-6,4,-2,223,223,223,223
98,98000,11,-14,0,1000,2,-2,0,-9,4,-1,223,223,223,223
100,100000,12,-14,0,1000,2,-2,0,-6,8,1,223,223,223,223
102,102000,12,-15,0,1000,2,-3,0,-8,1,-6,223,223,223,223
104,104000,12,-15,0,1000,2,-3,0,-3,8,6,223,223,223,223
106,106000,13,-16,0,1000,2,-3,0,-5,10,1,223,223,223,223
108,108000,13,-16,0,1000,2,-3,0,-8,9,3,223,223,223,223
110,110000,13,-17,0,1000,2,-3,0,-3,9,-2,223,223,223,223
112,112000,14,-18,0,1000,2,-3,0,-4,6,-2,223,223,223,223
114,114000,14,-18,0,1000,2,-3,0,-5,7,-0,223,223,223,223
116,116000,14,-19,0,1000,2,-4,0,-3,12,-7,223,223,223,223
118,118000,14,-20,0,1000,3,-4,0,-11,5,-3,223,223,223,223
120,120000,-29,21,0,1000,-6,4,0,237,-220,-7,223,223,223,223
122,122000,-15,-5,0,1000,-3,-1,0,2,8,-7,223,223,223,223
124,124000,-10,-5,0,1000,-2,-1,0,-4,-3,3,223,223,223,223
126,126000,-7,-5,0,1000,-1,-1,0,-1,-1,2,223,223,223,223
128,128000,-5,-5,0,1000,-1,-1,0,2,2,-5,223,223,223,223
130,130000,-4,-5,0,1000,-1,-1,0,-5,0,4,223,223,223,223
132,132000,-3,-5,0,1000,-0,-1,0,2,-4,-3,223,223,223,223
134,134000,-1,-6,0,1000,-0,-1,0,-7,-4,-6,223,223,223,223
136,136000,0,-6,0,1000,-0,-1,0,-2,6,5,223,223,223,223
138,138000,0,-6,0,1000,0,-1,0,-1,-3,-3,223,223,223,223
140,140000,1,-6,0,1000,0,-1,0,-8,4,-0,223,223,223,223
142,142000,1,-6,0,1000,0,-1,0,3,7,5,223,223,223,223
144,144000,2,-6,0,1000,0,-1,0,-2,-3,-8,223,223,223,223
146,146000,2,-6,0,1000,0,-1,0,-1,7,4,223,223,223,223
148,148000,3,-7,0,1000,0,-1,0,3,3,-3,223,223,223,223
150,150000,3,-7,0,1000,0,-1,0,-2,-0,1,223,223,223,223
152,152000,3,-7,0,1000,0,-1,0,-2,5,5,223,223,223,223
154,154000,3,-7,0,1000,0,-1,0,3,-0,-7,223,223,223,223
156,156000,3,-7,0,1000,1,-1,0,0,3,5,223,223,223,223
158,158000,4,-7,0,1000,1,-1,0,6,3,-2,223,223,223,223
160,160000,4,-7,0,1000,1,-1,0,2,-1,-7,223,223,223,223
162,162000,4,-7,0,1000,1,-1,0,-2,7,-3,223,223,223,223
164,164000,4,-7,0,1000,1,-1,0,1,2,0,223,223,223,223
166,166000,4,-7,0,1000,1,-1,0,-3,-4,-2,223,223,223,223
168,168000,4,-7,0,1000,1,-1,0,-5,5,7,223,223,223,223
170,170000,4,-7,0,1000,1,-1,0,-1,-1,-0,223,223,223,223
172,172000,4,-7,0,1000,1,-1,0,-6,-4,-1,223,223,223,223
174,174000,4,-7,0,1000,1,-1,0,1,3,-0,223,223,223,223
176,176000,4,-7,0,1000,1,-1,0,1,-3,-1,223,223,223,223
178,178000,4,-7,0,1000,1,-1,0,-8,3,4,223,223,223,223
180,180000,4,-7,0,1000,1,-1,0,4,0,-1,223,223,223,223
182,182000,4,-7,0,1000,1,-1,0,-4,-5,-2,223,223,223,223
184,184000,4,-7,0,1000,1,-1,0,1,6,2,223,223,223,223
186,186000,4,-7,0,1000,1,-1,0,4,1,-4,223,223,223,223
188,188000,4,-7,0,1000,1,-1,0,-1,-1,-0,223,223,223,223
190,190000,4,-7,0,1000,1,-1,0,0,3,-3,223,223,223,223
192,192000,5,-8,0,1000,1,-1,0,2,-3,-3,223,223,223,223
194,194000,5,-8,0,1000,1,-1,0,-8,3,2,223,223,223,223
196,196000,5,-8,0,1000,1,-1,0,4,9,-1,223,223,223,223
198,198000,5,-8,0,1000,1,-1,0,-2,0,-1,223,223,223,223
200,200000,5,-8,0,1000,1,-1,0,1,3,3,223,223,223,223
202,202000,5,-8,0,1000,1,-1,0,2,2,-6,223,223,223,223
204,204000,5,-8,0,1000,1,-1,0,1,3,-0,223,223,223,223
206,206000,5,-8,0,1000,1,-1,0,2,2,-2,223,223,223,223
208,208000,5,-8,0,1000,1,-1,0,1,0,1,223,223,223,223
210,210000,5,-8,0,1000,1,-1,0,-5,1,1,223,223,223,223
212,212000,5,-8,0,1000,1,-1,0,1,3,-1,223,223,223,223
214,214000,5,-8,0,1000,1,-1,0,-2,-1,-2,223,223,223,223
216,216000,5,-8,0,1000,1,-1,0,-1,-0,0,223,223,223,223
218,218000,5,-8,0,1000,1,-1,0,-1,3,-3,223,223,223,223
220,220000,5,-8,0,1000,1,-1,0,-6,-5,5,223,223,223,223
222,222000,5,-8,0,1000,1,-1,0,2,10,2,223,223,223,223
224,224000,5,-8,0,1000,1,-1,0,3,-1,-6,223,223,223,223
226,226000,5,-8,0,1000,1,-1,0,2,-0,2,223,223,223,223
228,228000,5,-8,0,1000,1,-1,0,-0,2,2,223,223,223,223
230,230000,4,-7,0,1000,1,-1,0,1,-3,-1,223,223,223,223
232,232000,3,-7,0,1000,1,-1,0,-1,1,9,223,223,223,223
234,234000,4,-7,0,1000,1,-1,0,3,-2,-1,223,223,223,223
236,236000,3,-7,0,1000,0,-1,0,-4,-2,-2,223,223,223,223
238,238000,3,-7,0,1000,0,-1,0,0,4,3,223,223,223,223
240,240000,3,-7,0,1000,0,-1,0,-1,-3,1,223,223,223,223
242,242000,3,-7,0,1000,0,-1,0,-2,-3,-2,223,223,223,223
244,244000,3,-7,0,1000,0,-1,0,3,6,2,223,223,223,223
246,246000,3,-7,0,1000,0,-1,0,-2,2,-1,223,223,223,223
248,248000,2,-6,0,1000,0,-1,0,3,-3,-0,223,223,223,223
250,250000,2,-7,0,1000,0,-1,0,2,6,-2,223,223,223,223
252,252000,3,-7,0,1000,0,-1,0,-4,-5,-4,223,223,223,223
254,254000,2,-6,0,1000,0,-1,0,0,-4,2,223,223,223,223
256,256000,2,-7,0,1000,0,-1,0,2,3,-1,223,223,223,223
258,258000,2,-7,0,1000,0,-1,0,3,-5,-0,223,223,223,223
260,260000,2,-7,0,1000,0,-1,0,-2,2,3,223,223,223,223
262,262000,2,-6,0,1000,0,-1,0,3,-5,-8,223,223,223,223
264,264000,2,-6,0,1000,0,-1,0,-2,-0,4,223,223,223,223
266,266000,2,-7,0,1000,0,-1,0,0,5,-1,223,223,223,223
268,268000,2,-7,0,1000,0,-1,0,3,-1,-3,223,223,223,223
270,270000,2,-7,0,1000,0,-1,0,-5,1,4,223,223,223,223
272,272000,2,-6,0,1000,0,-1,0,8,-0,-0,223,223,223,223
274,274000,2,-7,0,1000,0,-1,0,-0,-1,-4,223,223,223,223
276,276000,2,-7,0,1000,0,-1,0,-1,5,3,223,223,223,223
278,278000,2,-7,0,1000,0,-1,0,6,-3,-4,223,223,223,223
280,280000,2,-6,0,1000,0,-1,0,-3,-2,5,223,223,223,223
282,282000,2,-7,0,1000,0,-1,0,1,5,2,223,223,223,223
284,284000,2,-7,0,1000,0,-1,0,-2,-5,3,223,223,223,223
286,286000,2,-6,0,1000,0,-1,0,-3,-1,4,223,223,223,223
288,288000,2,-7,0,1000,0,-1,0,2,3,-5,223,223,223,223
290,290000,2,-7,0,1000,0,-1,0,1,-2,-4,223,223,223,223
292,292000,2,-7,0,1000,0,-1,0,0,7,2,223,223,223,223
294,294000,2,-7,0,1000,0,-1,0,8,2,-6,223,223,223,223
296,296000,2,-7,0,1000,0,-1,0,-1,-3,-2,223,223,223,223
298,298000,2,-7,0,1000,0,-1,0,-3,6,-4,223,223,223,223
300,300000,2,-7,0,1000,0,-1,0,0,0,-2,223,223,223,223
302,302000,2,-7,0,1000,0,-1,0,-5,2,1,223,223,223,223
304,304000,2,-7,0,1000,0,-1,0,5,2,-4,223,223,223,223
306,306000,2,-7,0,1000,0,-1,0,1,-1,-3,223,223,223,223
308,308000,2,-7,0,1000,0,-1,0,-2,4,4,223,223,223,223
310,310000,2,-7,0,1000,0,-1,0,6,-1,-3,223,223,223,223
312,312000,2,-7,0,1000,0,-1,0,-2,-5,2,223,223,223,223
314,314000,2,-7,0,1000,0,-1,0,-1,5,1,223,223,223,223
316,316000,2,-7,0,1000,0,-1,0,5,-1,-6,223,223,223,223
318,318000,2,-7,0,1000,0,-1,0,2,-1,4,223,223,223,223
320,320000,2,-7,0,1000,0,-1,0,-1,5,3,223,223,223,223
322,322000,2,-7,0,1000,0,-1,0,-5,1,-6,223,223,223,223
324,324000,2,-7,0,1000,0,-1,0,3,2,2,223,223,223,223
326,326000,2,-7,0,1000,0,-1,0,0,4,2,223,223,223,223
328,328000,2,-7,0,1000,0,-1,0,-2,-1,-4,223,223,223,223
330,330000,2,-7,0,1000,0,-1,0,2,-0,-1,223,223,223,223
332,332000,2,-7,0,1000,0,-1,0,5,-2,-2,223,223,223,223
334,334000,2,-7,0,1000,0,-1,0,-0,-3,-4,223,223,223,223
336,336000,2,-7,0,1000,0,-1,0,-0,8,-3,223,223,223,223
338,338000,2,-7,0,1000,0,-1,0,5,-4,-6,223,223,223,223
340,340000,1,-7,0,1000,0,-1,0,1,-4,4,223,223,223,223
342,342000,2,-7,0,1000,0,-1,0,2,6,1,223,223,223,223
344,344000,2,-7,0,1000,0,-1,0,1,-2,-2,223,223,223,223
346,346000,1,-7,0,1000,0,-1,0,1,3,3,223,223,223,223
348,348000,2,-7,0,1000,0,-1,0,1,4,-3,223,223,223,223
350,350000,2,-7,0,1000,0,-1,0,4,-4,-1,223,223,223,223
352,352000,1,-7,0,1000,0,-1,0,2,4,5,223,223,223,223
354,354000,2,-7,0,1000,0,-1,0,4,-3,-4,223,223,223,223
356,356000,2,-7,0,1000,0,-1,0,-3,1,5,223,223,223,223
358,358000,1,-7,0,1000,0,-1,0,1,3,1,223,223,223,223
360,360000,2,-7,0,1000,0,-1,0,-3,-0,-2,223,223,223,223
362,362000,2,-7,0,1000,0,-1,0,-5,4,6,223,223,223,223
364,364000,2,-7,0,1000,0,-1,0,7,3,-2,223,223,223,223
366,366000,1,-7,0,1000,0,-1,0,0,-4,4,223,223,223,223
368,368000,2,-7,0,1000,0,-1,0,0,2,0,223,223,223,223
370,370000,2,-7,0,1000,0,-1,0,2,-1,-1,223,223,223,223
372,372000,1,-7,0,1000,0,-1,0,-4,-3,2,223,223,223,223
374,374000,2,-7,0,1000,0,-1,0,3,3,-1,223,223,223,223
376,376000,2,-7,0,1000,0,-1,0,5,-5,-4,223,223,223,223
378,378000,1,-7,0,1000,0,-1,0,0,4,3,223,223,223,223
380,380000,2,-7,0,1000,0,-1,0,5,6,2,223,223,223,223
382,382000,2,-7,0,1000,0,-1,0,-1,2,-2,223,223,223,223
384,384000,1,-7,0,1000,0,-1,0,1,-5,8,223,223,223,223
386,386000,1,-7,0,1000,0,-1,0,8,-0,1,223,223,223,223
388,388000,2,-7,0,1000,0,-1,0,1,-5,-1,223,223,223,223
390,390000,2,-7,0,1000,0,-1,0,3,0,3,223,223,223,223
392,392000,1,-7,0,1000,0,-1,0,-1,-2,-3,223,223,223,223
394,394000,2,-7,0,1000,0,-1,0,-3,2,3,223,223,223,223
396,396000,2,-7,0,1000,0,-1,0,8,1,-1,223,223,223,223
398,398000,1,-7,0,1000,0,-1,0,-2,-4,-3,223,223,223,223
400,400000,2,-7,0,1000,0,-1,0,-6,-3,3,223,223,223,223
402,402000,2,-7,0,1000,0,-1,0,4,0,-2,223,223,223,223
404,404000,1,-7,0,1000,0,-1,0,-4,-2,-2,223,223,223,223
406,406000,2,-7,0,1000,0,-1,0,-2,-1,2,223,223,223,223
408,408000,1,-7,0,1000,0,-1,0,1,1,-4,223,223,223,223
410,410000,1,-7,0,1000,0,-1,0,-2,-1,3,223,223,223,223
412,412000,2,-7,0,1000,0,-1,0,-1,4,3,223,223,223,223
414,414000,1,-7,0,1000,0,-1,0,3,-6,-1,223,223,223,223
416,416000,1,-7,0,1000,0,-1,0,-1,-0,3,223,223,223,223
418,418000,2,-8,0,1000,0,-1,0,-1,3,3,223,223,223,223
420,420000,1,-7,0,1000,0,-1,0,3,-4,-2,223,223,223,223
422,422000,1,-7,0,1000,0,-1,0,-3,5,6,223,223,223,223
424,424000,2,-8,0,1000,0,-1,0,-0,-1,-1,223,223,223,223
426,426000,1,-7,0,1000,0,-1,0,-3,-1,3,223,223,223,223
428,428000,1,-7,0,1000,0,-1,0,1,3,7,223,223,223,223
430,430000,1,-7,0,1000,0,-1,0,6,-0,-6,223,223,223,223
432,432000,2,-8,0,1000,0,-1,0,-3,-4,2,223,223,223,223
434,434000,1,-7,0,1000,0,-1,0,3,1,-3,223,223,223,223
436,436000,1,-7,0,1000,0,-1,0,-1,-1,-5,223,223,223,223
438,438000,2,-8,0,1000,0,-1,0,-4,1,3,223,223,223,223
440,440000,1,-8,0,1000,0,-1,0,6,0,-3,223,223,223,223
442,442000,1,-7,0,1000,0,-1,0,-6,-0,2,223,223,223,223
444,444000,1,-7,0,1000,0,-1,0,1,-2,0,223,223,223,223
446,446000,1,-8,0,1000,0,-1,0,-0,-3,-3,223,223,223,223
448,448000,1,-8,0,1000,0,-1,0,-3,-1,4,223,223,223,223
450,450000,1,-7,0,1000,0,-1,0,6,2,1,223,223,223,223
452,452000,1,-7,0,1000,0,-1,0,-2,-0,-2,223,223,223,223
454,454000,1,-8,0,1000,0,-1,0,-7,-1,-3,223,223,223,223
456,456000,1,-8,0,1000,0,-1,0,2,2,-6,223,223,223,223
458,458000,1,-7,0,1000,0,-1,0,-5,-6,-1,223,223,223,223
460,460000,1,-8,0,1000,0,-1,0,0,3,4,223,223,223,223
462,462000,1,-8,0,1000,0,-1,0,3,-5,-0,223,223,223,223
464,464000,1,-7,0,1000,0,-1,0,-3,-3,-0,223,223,223,223
466,466000,1,-8,0,1000,0,-1,0,7,8,-2,223,223,223,223
468,468000,1,-8,0,1000,0,-1,0,1,-3,1,223,223,223,223
470,470000,1,-7,0,1000,0,-1,0,0,-1,-0,223,223,223,223
472,472000,1,-8,0,1000,0,-1,0,-0,4,1,223,223,223,223
474,474000,1,-8,0,1000,0,-1,0,-4,2,-0,223,223,223,223
476,476000,1,-8,0,1000,0,-1,0,7,-4,2,223,223,223,223
478,478000,1,-7,0,1000,0,-1,0,3,1,2,223,223,223,223
480,480000,1,-8,0,1000,0,-1,0,-1,-3,2,223,223,223,223
482,482000,1,-8,0,1000,0,-1,0,1,1,3,223,223,223,223
484,484000,1,-8,0,1000,0,-1,0,5,3,-5,223,223,223,223
486,486000,1,-8,0,1000,0,-1,0,-4,4,-3,223,223,223,223
488,488000,1,-8,0,1000,0,-1,0,3,1,2,223,223,223,223
490,490000,1,-8,0,1000,0,-1,0,4,-5,-4,223,223,223,223
492,492000,1,-8,0,1000,0,-1,0,1,4,3,223,223,223,223
494,494000,1,-8,0,1000,0,-1,0,0,-0,-1,223,223,223,223
496,496000,1,-8,0,1000,0,-1,0,-2,-6,-5,223,223,223,223
498,498000,1,-8,0,1000,0,-1,0,0,5,-0,223,223,223,223
500,500000,1,-7,0,1000,0,-1,0,3,2,-0,223,223,223,223
502,502000,1,-8,0,1000,0,-1,0,2,0,-2,223,223,223,223
504,504000,1,-8,0,1000,0,-1,0,1,4,0,223,223,223,223
506,506000,1,-8,0,1000,0,-1,0,3,-6,-4,223,223,223,223
508,508000,1,-8,0,1000,0,-1,0,-1,4,-1,223,223,223,223
510,510000,1,-8,0,1000,0,-1,0,6,1,1,223,223,223,223
512,512000,1,-8,0,1000,0,-1,0,-1,-0,2,223,223,223,223
514,514000,1,-8,0,1000,0,-1,0,3,2,3,223,223,223,223
516,516000,1,-8,0,1000,0,-1,0,-1,-4,3,223,223,223,223
518,518000,1,-8,0,1000,0,-1,0,-4,2,-2,223,223,223,223
520,520000,0,-8,0,1000,0,-1,0,2,4,6,223,223,223,223
522,522000,1,-8,0,1000,0,-1,0,2,2,-6,223,223,223,223
524,524000,1,-8,0,1000,0,-1,0,-5,1,3,223,223,223,223
526,526000,1,-8,0,1000,0,-1,0,6,-1,2,223,223,223,223
528,528000,1,-8,0,1000,0,-1,0,3,1,-1,223,223,223,223
530,530000,1,-8,0,1000,0,-1,0,-1,-0,4,223,223,223,223
532,532000,1,-8,0,1000,0,-1,0,0,4,-0,223,223,223,223
534,534000,1,-8,0,1000,0,-1,0,1,-2,-1,223,223,223,223
536,536000,1,-8,0,1000,0,-1,0,5,4,4,223,223,223,223
538,538000,0,-8,0,1000,0,-1,0,1,-4,3,223,223,223,223
540,540000,1,-8,0,1000,0,-1,0,-6,-1,2,223,223,223,223
542,542000,1,-8,0,1000,0,-1,0,1,2,0,223,223,223,223
544,544000,0,-8,0,1000,0,-1,0,-1,1,-5,223,223,223,223
546,546000,1,-8,0,1000,0,-1,0,-6,-0,2,223,223,223,223
548,548000,1,-8,0,1000,0,-1,0,4,2,7,223,223,223,223
550,550000,0,-8,0,1000,0,-1,0,2,-1,-7,223,223,223,223
552,552000,1,-8,0,1000,0,-1,0,-2,3,2,223,223,223,223
554,554000,1,-8,0,1000,0,-1,0,5,2,4,223,223,223,223
556,556000,0,-8,0,1000,0,-1,0,-1,-5,4,223,223,223,223
558,558000,1,-8,0,1000,0,-1,0,1,7,-0,223,223,223,223
560,560000,1,-8,0,1000,0,-1,0,-0,-3,1,223,223,223,223
562,562000,1,-8,0,1000,0,-1,0,-0,-0,1,223,223,223,223
564,564000,0,-8,0,1000,0,-1,0,4,-4,3,223,223,223,223
566,566000,1,-8,0,1000,0,-1,0,-1,-2,-2,223,223,223,223
568,568000,1,-8,0,1000,0,-1,0,-3,-2,2,223,223,223,223
570,570000,0,-8,0,1000,0,-1,0,4,-1,-1,223,223,223,223
572,572000,1,-8,0,1000,0,-1,0,-5,-1,-2,223,223,223,223
574,574000,1,-8,0,1000,0,-1,0,1,5,2,223,223,223,223
576,576000,0,-8,0,1000,0,-1,0,0,-1,-4,223,223,223,223
578,578000,1,-8,0,1000,0,-1,0,-5,0,-0,223,223,223,223
580,580000,1,-8,0,1000,0,-1,0,0,2,3,223,223,223,223
582,582000,0,-8,0,1000,0,-1,0,5,-5,-3,223,223,223,223
584,584000,0,-8,0,1000,0,-1,0,0,2,1,223,223,223,223
586,586000,0,-8,0,1000,0,-1,0,3,5,-1,223,223,223,223
588,588000,0,-8,0,1000,0,-1,0,-1,-8,1,223,223,223,223
590,590000,0,-8,0,1000,0,-1,0,-2,3,-1,223,223,223,223
592,592000,1,-8,0,1000,0,-1,0,3,-1,-1,223,223,223,223
594,594000,1,-8,0,1000,0,-1,0,-3,-5,4,223,223,223,223
596,596000,0,-8,0,1000,0,-1,0,2,3,2,223,223,223,223
598,598000,1,-8,0,1000,0,-1,0,5,-3,-0,223,223,223,223
600,600000,1,-8,0,1000,0,-1,0,1,0,3,223,223,223,223
602,602000,0,-8,0,1000,0,-1,0,0,3,-2,223,223,223,223
604,604000,1,-8,0,1000,0,-1,0,-2,-0,-6,223,223,223,223
606,606000,0,-8,0,1000,0,-1,0,1,1,1,223,223,223,223
608,608000,0,-8,0,1000,0,-1,0,3,3,-2,223,223,223,223
610,610000,1,-9,0,1000,0,-1,0,-4,-4,3,223,223,223,223
612,612000,0,-8,0,1000,-0,-1,0,5,1,1,223,223,223,223
614,614000,0,-8,0,1000,0,-1,0,-1,3,-2,223,223,223,223
616,616000,1,-9,0,1000,0,-1,0,-3,2,1,223,223,223,223
618,618000,0,-8,0,1000,-0,-1,0,6,-2,3,223,223,223,223
620,620000,0,-8,0,1000,0,-1,0,1,0,-6,223,223,223,223
622,622000,1,-9,0,1000,0,-1,0,1,3,5,223,223,223,223
624,624000,0,-8,0,1000,-0,-1,0,3,-0,-4,223,223,223,223
626,626000,0,-8,0,1000,0,-1,0,-1,0,0,223,223,223,223
628,628000,0,-8,0,1000,0,-1,0,-4,4,3,223,223,223,223
630,630000,0,-9,0,1000,0,-1,0,2,-2,-8,223,223,223,223
632,632000,0,-8,0,1000,-0,-1,0,-1,-3,6,223,223,223,223
634,634000,0,-8,0,1000,0,-1,0,5,2,2,223,223,223,223
636,636000,0,-9,0,1000,0,-1,0,4,0,-4,223,223,223,223
638,638000,0,-9,0,1000,0,-1,0,0,4,2,223,223,223,223
640,640000,0,-8,0,1000,0,-1,0,7,4,0,223,223,223,223
642,642000,0,-8,0,1000,0,-1,0,-0,-2,-0,223,223,223,223
644,644000,0,-9,0,1000,0,-1,0,-1,8,2,223,223,223,223
646,646000,0,-9,0,1000,0,-1,0,-2,-3,-2,223,223,223,223
648,648000,0,-8,0,1000,0,-1,0,-1,-4,4,223,223,223,223
650,650000,0,-8,0,1000,-0,-1,0,5,2,3,223,223,223,223
652,652000,0,-9,0,1000,0,-1,0,3,-1,-5,223,223,223,223
654,654000,0,-9,0,1000,0,-1,0,-2,-2,5,223,223,223,223
656,656000,0,-8,0,1000,-0,-1,0,3,3,1,223,223,223,223
658,658000,0,-9,0,1000,0,-1,0,-7,-6,-3,223,223,223,223
660,660000,0,-9,0,1000,0,-1,0,0,-1,3,223,223,223,223
662,662000,0,-8,0,1000,-0,-1,0,2,-1,-2,223,223,223,223
664,664000,0,-9,0,1000,0,-1,0,-2,1,-1,223,223,223,223
666,666000,0,-9,0,1000,0,-1,0,1,1,5,223,223,223,223
668,668000,0,-9,0,1000,-0,-1,0,5,-2,-4,223,223,223,223
670,670000,0,-9,0,1000,0,-1,0,-3,-1,0,223,223,223,223
672,672000,0,-9,0,1000,0,-1,0,5,5,-4,223,223,223,223
674,674000,0,-9,0,1000,-0,-1,0,-3,-4,-6,223,223,223,223
676,676000,0,-8,0,1000,-0,-1,0,3,3,5,223,223,223,223
678,678000,0,-9,0,1000,-0,-1,0,5,1,-1,223,223,223,223
680,680000,0,-9,0,1000,0,-1,0,-3,-2,-1,223,223,223,223
682,682000,0,-9,0,1000,-0,-1,0,4,1,7,223,223,223,223
684,684000,0,-9,0,1000,0,-1,0,1,4,-1,223,223,223,223
686,686000,0,-9,0,1000,-0,-1,0,-8,-3,-3,223,223,223,223
688,688000,0,-9,0,1000,-0,-1,0,4,2,2,223,223,223,223
690,690000,0,-9,0,1000,0,-1,0,-1,2,0,223,223,223,223
692,692000,0,-9,0,1000,-0,-1,0,-1,-2,1,223,223,223,223
694,694000,0,-9,0,1000,-0,-1,0,8,6,-0,223,223,223,223
696,696000,0,-9,0,1000,0,-1,0,-2,4,-0,223,223,223,223
698,698000,-1,-9,0,1000,-0,-1,0,0,7,2,223,223,223,223
700,700000,0,-9,0,1000,-0,-1,0,-2,4,-4,223,223,223,223
702,702000,0,-9,0,1000,0,-1,0,-8,-0,-5,223,223,223,223
704,704000,-1,-9,0,1000,-0,-1,0,3,4,-2,223,223,223,223
706,706000,0,-9,0,1000,-0,-1,0,3,-2,-7,223,223,223,223
708,708000,0,-9,0,1000,0,-1,0,-4,2,2,223,223,223,223
710,710000,0,-9,0,1000,-0,-1,0,11,3,1,223,223,223,223
712,712000,0,-9,0,1000,-0,-1,0,-6,-1,-2,223,223,223,223
714,714000,0,-9,0,1000,-0,-1,0,3,-5,4,223,223,223,223
716,716000,0,-9,0,1000,-0,-1,0,-1,5,-2,223,223,223,223
718,718000,-1,-9,0,1000,-0,-1,0,0,-7,-1,223,223,223,223
720,720000,0,-9,0,1000,-0,-1,0,1,2,-2,223,223,223,223
722,722000,0,-9,0,1000,-0,-1,0,-2,-1,-5,223,223,223,223
724,724000,0,-9,0,1000,-0,-1,0,-6,-6,5,223,223,223,223
726,726000,0,-9,0,1000,-0,-1,0,2,3,2,223,223,223,223
728,728000,0,-9,0,1000,-0,-1,0,5,0,4,223,223,223,223
730,730000,0,-9,0,1000,-0,-1,0,-3,-4,0,223,223,223,223
732,732000,0,-9,0,1000,-0,-1,0,4,2,0,223,223,223,223
734,734000,0,-9,0,1000,-0,-1,0,-7,0,-3,223,223,223,223
736,736000,-1,-9,0,1000,-0,-1,0,0,-0,-0,223,223,223,223
738,738000,0,-9,0,1000,-0,-1,0,1,2,-1,223,223,223,223
740,740000,0,-9,0,1000,-0,-1,0,-2,-6,5,223,223,223,223
742,742000,-1,-9,0,1000,-0,-1,0,1,4,3,223,223,223,223
744,744000,0,-9,0,1000,-0,-1,0,-0,0,-5,223,223,223,223
746,746000,0,-9,0,1000,-0,-1,0,-3,-2,3,223,223,223,223
748,748000,-1,-9,0,1000,-0,-1,0,3,5,2,223,223,223,223
750,750000,0,-9,0,1000,-0,-1,0,-3,-3,-4,223,223,223,223
752,752000,0,-9,0,1000,-0,-1,0,-3,-1,5,223,223,223,223
754,754000,-1,-9,0,1000,-0,-1,0,1,-1,-3,223,223,223,223
756,756000,0,-9,0,1000,-0,-2,0,-5,-4,2,223,223,223,223
758,758000,0,-9,0,1000,-0,-1,0,0,1,2,223,223,223,223
760,760000,0,-9,0,1000,-0,-1,0,2,-2,2,223,223,223,223
762,762000,-1,-9,0,1000,-0,-1,0,-6,-4,3,223,223,223,223
764,764000,0,-9,0,1000,-0,-1,0,-3,3,-2,223,223,223,223
766,766000,0,-9,0,1000,-0,-1,0,-2,-1,0,223,223,223,223
768,768000,-1,-9,0,1000,-0,-1,0,2,1,3,223,223,223,223
770,770000,0,-9,0,1000,-0,-2,0,1,4,2,223,223,223,223
772,772000,-1,-9,0,1000,-0,-1,0,0,2,2,223,223,223,223
774,774000,-1,-9,0,1000,-0,-1,0,-1,1,3,223,223,223,223
776,776000,0,-9,0,1000,-0,-2,0,2,-1,-5,223,223,223,223
778,778000,-1,-9,0,1000,-0,-2,0,-4,0,-3,223,223,223,223
780,780000,-1,-9,0,1000,-0,-1,0,-2,6,-4,223,223,223,223
782,782000,0,-9,0,1000,-0,-2,0,-0,-3,-0,223,223,223,223
784,784000,-1,-9,0,1000,-0,-1,0,1,-7,3,223,223,223,223
786,786000,-1,-9,0,1000,-0,-1,0,7,-2,-4,223,223,223,223
788,788000,0,-10,0,1000,-0,-2,0,0,3,1,223,223,223,223
790,790000,-1,-9,0,1000,-0,-1,0,4,4,5,223,223,223,223
792,792000,-1,-9,0,1000,-0,-2,0,3,-1,-4,223,223,223,223
794,794000,0,-10,0,1000,-0,-2,0,-1,-2,0,223,223,223,223
796,796000,-1,-9,0,1000,-0,-1,0,5,4,3,223,223,223,223
798,798000,-1,-9,0,1000,-0,-2,0,4,3,-2,223,223,223,223
800,800000,-1,-9,0,1000,-0,-2,0,-7,-2,2,223,223,223,223
802,802000,0,-10,0,1000,-0,-2,0,5,6,-0,223,223,223,223
804,804000,-1,-9,0,1000,-0,-1,0,-2,-5,-2,223,223,223,223
806,806000,-1,-9,0,1000,-0,-2,0,-1,0,2,223,223,223,223
808,808000,0,-10,0,1000,-0,-2,0,2,-0,-1,223,223,223,223
810,810000,-1,-10,0,1000,-0,-2,0,-1,-0,2,223,223,223,223
812,812000,-1,-9,0,1000,-0,-2,0,4,4,3,223,223,223,223
814,814000,-1,-9,0,1000,-0,-2,0,4,0,-6,223,223,223,223
816,816000,-1,-10,0,1000,-0,-2,0,1,0,5,223,223,223,223
818,818000,-1,-9,0,1000,-0,-2,0,-2,4,1,223,223,223,223
820,820000,-1,-9,0,1000,-0,-2,0,7,-1,-1,223,223,223,223
822,822000,-1,-9,0,1000,-0,-2,0,-2,-2,2,223,223,223,223
824,824000,-1,-10,0,1000,-0,-2,0,2,-2,-2,223,223,223,223
826,826000,-1,-9,0,1000,-0,-2,0,-1,-9,-1,223,223,223,223
828,828000,-1,-9,0,1000,-0,-2,0,-0,2,2,223,223,223,223
830,830000,-1,-10,0,1000,-0,-2,0,-3,0,-2,223,223,223,223
832,832000,-1,-10,0,1000,-0,-2,0,-1,-2,-2,223,223,223,223
834,834000,-1,-9,0,1000,-0,-2,0,4,2,-2,223,223,223,223
836,836000,-1,-10,0,1000,-0,-2,0,5,-1,-7,223,223,223,223
838,838000,-1,-10,0,1000,-0,-2,0,2,-1,4,223,223,223,223
840,840000,-1,-9,0,1000,-0,-2,0,2,6,-5,223,223,223,223
842,842000,-1,-10,0,1000,-0,-2,0,-4,1,-3,223,223,223,223
844,844000,-1,-10,0,1000,-0,-2,0,-5,2,1,223,223,223,223
846,846000,-1,-10,0,1000,-0,-2,0,7,-0,2,223,223,223,223
848,848000,-1,-9,0,1000,-0,-2,0,-1,-3,-0,223,223,223,223
850,850000,-1,-10,0,1000,-0,-2,0,3,-2,4,223,223,223,223
852,852000,-1,-10,0,1000,-0,-2,0,5,4,-0,223,223,223,223
854,854000,-1,-9,0,1000,-0,-1,0,-7,-5,1,223,223,223,223
856,856000,0,-9,0,1000,-0,-2,0,-0,2,3,223,223,223,223
858,858000,-1,-9,0,1000,-0,-2,0,-1,-2,-1,223,223,223,223
860,860000,-1,-9,0,1000,-0,-1,0,-2,3,3,223,223,223,223
862,862000,0,-9,0,1000,-0,-1,0,1,-5,-0,223,223,223,223
864,864000,0,-9,0,1000,-0,-1,0,-3,-1,0,223,223,223,223
866,866000,0,-9,0,1000,-0,-1,0,3,3,2,223,223,223,223
868,868000,-1,-9,0,1000,-0,-1,0,3,-0,-4,223,223,223,223
870,870000,0,-9,0,1000,0,-1,0,-3,-2,3,223,223,223,223
872,872000,-1,-9,0,1000,-0,-1,0,4,3,-0,223,223,223,223
874,874000,-1,-9,0,1000,-0,-1,0,-1,1,-4,223,223,223,223
876,876000,0,-8,0,1000,-0,-1,0,-1,-4,2,223,223,223,223
878,878000,0,-9,0,1000,0,-1,0,-0,4,-3,223,223,223,223
880,880000,0,-9,0,1000,-0,-1,0,-1,-3,-4,223,223,223,223
882,882000,-1,-9,0,1000,-0,-1,0,-3,0,1,223,223,223,223
884,884000,0,-8,0,1000,-0,-1,0,5,-1,2,223,223,223,223
886,886000,0,-9,0,1000,0,-1,0,1,2,3,223,223,223,223
888,888000,0,-9,0,1000,-0,-1,0,5,4,1,223,223,223,223
890,890000,-1,-9,0,1000,-0,-1,0,6,-2,-3,223,223,223,223
892,892000,0,-9,0,1000,0,-1,0,-5,1,1,223,223,223,223
894,894000,-1,-9,0,1000,-0,-1,0,6,3,-2,223,223,223,223
896,896000,-1,-9,0,1000,-0,-1,0,6,-3,1,223,223,223,223
898,898000,0,-9,0,1000,0,-1,0,-4,1,3,223,223,223,223
900,900000,-1,-9,0,1000,-0,-1,0,5,-2,0,223,223,223,223
902,902000,0,-9,0,1000,-0,-1,0,1,-0,-3,223,223,223,223
904,904000,0,-9,0,1000,0,-1,0,1,1,8,223,223,223,223
906,906000,-1,-9,0,1000,-0,-1,0,3,0,-2,223,223,223,223
908,908000,0,-9,0,1000,-0,-1,0,-2,4,1,223,223,223,223
910,910000,0,-9,0,1000,-0,-1,0,0,-1,-2,223,223,223,223
912,912000,0,-9,0,1000,-0,-1,0,3,2,1,223,223,223,223
914,914000,0,-9,0,1000,-0,-1,0,0,-3,4,223,223,223,223
916,916000,0,-9,0,1000,-0,-1,0,0,1,1,223,223,223,223
918,918000,0,-9,0,1000,0,-1,0,-0,-1,-2,223,223,223,223
920,920000,0,-9,0,1000,-0,-1,0,0,2,4,223,223,223,223
922,922000,-1,-9,0,1000,-0,-1,0,-1,2,-5,223,223,223,223
924,924000,0,-8,0,1000,-0,-1,0,-4,-9,-2,223,223,223,223
926,926000,0,-9,0,1000,0,-1,0,-4,8,1,223,223,223,223
928,928000,0,-9,0,1000,-0,-1,0,-1,1,-6,223,223,223,223
930,930000,0,-9,0,1000,-0,-1,0,-5,-2,-1,223,223,223,223
932,932000,0,-9,0,1000,-0,-1,0,2,6,-1,223,223,223,223
934,934000,0,-9,0,1000,0,-1,0,-0,-2,2,223,223,223,223
936,936000,0,-9,0,1000,-0,-1,0,1,1,2,223,223,223,223
938,938000,0,-9,0,1000,-0,-1,0,2,1,-4,223,223,223,223
940,940000,0,-9,0,1000,0,-1,0,0,2,3,223,223,223,223
942,942000,-1,-9,0,1000,-0,-1,0,2,1,4,223,223,223,223
944,944000,-1,-9,0,1000,-0,-1,0,5,3,-4,223,223,223,223
946,946000,0,-9,0,1000,0,-1,0,-4,2,1,223,223,223,223
948,948000,-1,-9,0,1000,-0,-1,0,7,-3,3,223,223,223,223
950,950000,0,-9,0,1000,-0,-1,0,-3,-4,-3,223,223,223,223
952,952000,0,-9,0,1000,0,-1,0,-5,4,8,223,223,223,223
954,954000,-1,-9,0,1000,-0,-1,0,7,-2,-2,223,223,223,223
956,956000,0,-9,0,1000,-0,-1,0,-1,-6,-1,223,223,223,223
958,958000,0,-8,0,1000,-0,-1,0,-4,1,2,223,223,223,223
960,960000,0,-9,0,1000,0,-1,0,-3,3,-1,223,223,223,223
962,962000,0,-9,0,1000,-0,-1,0,1,2,0,223,223,223,223
964,964000,0,-9,0,1000,-0,-1,0,3,5,1,223,223,223,223
966,966000,0,-9,0,1000,-0,-1,0,-0,-6,-7,223,223,223,223
968,968000,0,-9,0,1000,-0,-1,0,-6,2,1,223,223,223,223
970,970000,0,-9,0,1000,-0,-1,0,1,-0,2,223,223,223,223
972,972000,0,-8,0,1000,-0,-1,0,-3,-0,-4,223,223,223,223
974,974000,0,-9,0,1000,0,-1,0,-2,5,1,223,223,223,223
976,976000,0,-9,0,1000,-0,-1,0,4,1,-3,223,223,223,223
978,978000,-1,-9,0,1000,-0,-1,0,1,-0,-3,223,223,223,223
980,980000,0,-9,0,1000,0,-1,0,5,8,2,223,223,223,223
982,982000,0,-9,0,1000,-0,-1,0,-0,-1,-7,223,223,223,223
984,984000,0,-9,0,1000,-0,-1,0,-4,-4,6,223,223,223,223
986,986000,0,-9,0,1000,0,-1,0,3,6,-1,223,223,223,223
988,988000,-1,-9,0,1000,-0,-1,0,6,-2,-0,223,223,223,223
990,990000,0,-9,0,1000,-0,-1,0,-1,2,1,223,223,223,223
992,992000,0,-8,0,1000,-0,-1,0,3,-2,-3,223,223,223,223
994,994000,0,-9,0,1000,0,-1,0,-2,-4,-2,223,223,223,223
996,996000,0,-9,0,1000,-0,-1,0,-4,4,-2,223,223,223,223
998,998000,0,-9,0,1000,-0,-1,0,4,-0,-5,223,223,223,223
1000,1000000,0,-9,0,1028,0,-1,0,-5,1,-4,223,224,223,223
1002,1002000,-1,-9,0,1076,-0,-1,0,2,3,-4,303,299,303,300
1004,1004000,0,-9,0,1116,-0,-1,0,-4,0,3,379,378,376,375
1006,1006000,0,-9,0,1149,-0,-1,0,-0,-5,1,438,439,439,440
1008,1008000,0,-9,0,1176,-0,-1,0,2,6,1,493,494,488,489
1010,1010000,0,-8,0,1199,-0,-1,0,7,1,-6,533,528,540,535
1012,1012000,0,-8,0,1218,-0,-1,0,3,-0,-3,573,571,567,566
1014,1014000,-1,-8,0,1233,-0,-1,0,-5,-0,-1,599,595,602,599
1016,1016000,0,-8,0,1246,-0,-1,0,3,-5,-0,622,622,624,624
1018,1018000,0,-8,0,1257,-0,-1,0,-4,-1,3,642,644,642,644
1020,1020000,0,-8,0,1266,-0,-1,0,-2,2,0,660,660,659,660
1022,1022000,0,-8,0,1273,-0,-1,0,1,-3,1,674,676,671,674
1024,1024000,0,-8,0,1279,0,-1,0,-1,3,2,686,692,678,685
1026,1026000,1,-8,0,1284,0,-1,0,0,3,2,696,707,682,693
1028,1028000,1,-9,0,1288,0,-1,0,1,3,6,705,719,686,699
1030,1030000,2,-10,0,1291,0,-2,0,-5,5,-1,712,729,688,704
1032,1032000,3,-11,0,1294,0,-2,0,-3,5,-3,718,737,690,707
1034,1034000,4,-13,0,1296,1,-2,0,1,5,-0,722,744,692,710
1036,1036000,5,-14,0,1298,1,-2,0,-8,3,-6,725,749,694,713
1038,1038000,6,-15,0,1299,1,-3,0,-4,5,-8,727,752,695,716
1040,1040000,7,-16,0,1300,1,-3,0,-2,11,5,727,754,698,718
1042,1042000,8,-17,0,1300,1,-3,0,-4,8,-1,727,754,700,721
1044,1044000,9,-18,0,1301,1,-3,0,-12,5,-1,726,753,702,722
1046,1046000,10,-19,0,1301,2,-3,0,-10,4,-1,726,752,704,722
1048,1048000,11,-19,0,1301,2,-4,0,-11,2,-3,725,751,705,722
1050,1050000,11,-19,0,1300,2,-4,0,-9,6,7,725,749,706,721
1052,1052000,12,-20,0,1300,2,-4,0,-8,2,-1,724,747,707,719
1054,1054000,12,-20,0,1299,2,-4,0,-7,1,-2,723,744,708,718
1056,1056000,12,-20,0,1299,2,-4,0,-5,2,-3,721,742,708,717
1058,1058000,12,-20,0,1298,2,-4,0,-3,6,1,720,740,708,715
1060,1060000,12,-20,0,1297,2,-4,0,-8,6,4,719,739,706,712
1062,1062000,12,-20,0,1296,2,-4,0,-8,1,-2,718,738,704,708
1064,1064000,12,-20,0,1295,2,-4,0,-10,1,-6,716,736,703,706
1066,1066000,12,-20,0,1294,2,-4,0,2,3,2,712,732,702,705
1068,1068000,11,-20,0,1293,2,-4,0,-7,3,2,708,727,703,705
1070,1070000,11,-19,0,1291,2,-4,0,-6,11,3,703,722,703,705
1072,1072000,11,-19,0,1290,2,-3,0,-9,-4,-5,699,719,702,705
1074,1074000,11,-18,0,1289,2,-3,0,-5,2,-4,695,716,700,704
1076,1076000,11,-17,0,1288,2,-3,0,-3,-1,1,691,715,697,702
1078,1078000,11,-17,0,1286,2,-3,0,-3,7,-5,689,715,692,699
1080,1080000,12,-16,0,1285,2,-3,0,-6,-3,-2,687,715,688,695
1082,1082000,12,-16,0,1284,2,-3,0,-9,3,4,686,715,683,691
1084,1084000,12,-16,0,1282,2,-3,0,-4,6,-2,685,715,679,686
1086,1086000,12,-16,0,1281,2,-3,0,-0,5,-2,685,713,675,681
1088,1088000,12,-17,0,1280,2,-3,0,-8,3,-5,685,711,672,676
1090,1090000,12,-17,0,1278,2,-3,0,-5,6,3,685,709,670,671
1092,1092000,12,-18,0,1277,2,-3,0,-3,6,-0,684,706,668,667
1094,1094000,12,-18,0,1276,2,-3,0,0,6,-1,681,702,666,664
1096,1096000,12,-19,0,1274,2,-3,0,-9,0,4,678,699,665,663
1098,1098000,12,-19,0,1273,2,-4,0,-4,5,-1,673,695,664,662
1100,1100000,12,-19,0,1272,2,-4,0,-0,1,-5,668,692,663,662
1102,1102000,12,-19,0,1270,2,-4,0,1,10,2,664,690,660,661
1104,1104000,12,-19,0,1269,2,-4,0,-6,2,-5,661,689,657,660
1106,1106000,12,-19,0,1268,2,-4,0,-4,2,1,658,688,653,657
1108,1108000,12,-19,0,1267,2,-4,0,-6,4,-1,657,688,649,654
1110,1110000,12,-20,0,1265,2,-4,0,-5,3,-4,655,687,645,651
1112,1112000,13,-20,0,1264,2,-4,0,-8,1,-1,653,685,643,648
1114,1114000,13,-20,0,1263,2,-4,0,1,0,-5,651,682,641,646
1116,1116000,13,-20,0,1262,2,-4,0,-6,-1,-2,649,679,639,644
1118,1118000,13,-21,0,1261,2,-4,0,-7,2,-4,647,676,638,641
1120,1120000,14,-21,0,1260,2,-4,0,-10,-3,1,645,674,637,639
1122,1122000,14,-21,0,1259,2,-4,0,-5,8,-4,643,671,635,636
1124,1124000,14,-21,0,1257,2,-4,0,-4,1,-7,641,669,634,633
1126,1126000,13,-21,0,1256,2,-4,0,-4,5,4,639,666,633,631
1128,1128000,13,-21,0,1255,2,-4,0,1,0,-3,637,662,633,630
1130,1130000,13,-21,0,1254,2,-4,0,0,-2,0,634,659,632,628
1132,1132000,13,-21,0,1253,2,-4,0,-4,-3,-2,632,656,631,627
1134,1134000,13,-20,0,1252,2,-4,0,-1,4,0,630,655,628,624
1136,1136000,13,-20,0,1251,2,-4,0,1,4,-4,629,655,624,622
1138,1138000,12,-21,0,1250,2,-4,0,-3,-0,0,628,655,620,619
1140,1140000,13,-21,0,1249,2,-4,0,-0,9,-3,627,656,616,617
1142,1142000,13,-21,0,1248,2,-4,0,-9,3,-3,624,656,613,615
1144,1144000,13,-21,0,1247,2,-4,0,-8,4,-1,621,654,611,615
1146,1146000,13,-21,0,1246,2,-4,0,-3,9,2,618,652,610,614
1148,1148000,14,-21,0,1246,2,-4,0,-7,5,-0,615,649,610,614
1150,1150000,14,-21,0,1245,2,-4,0,-2,5,3,613,646,609,613
1152,1152000,14,-21,0,1244,2,-4,0,-2,10,-0,611,643,609,611
1154,1154000,14,-21,0,1243,2,-4,0,-2,11,0,610,640,609,608
1156,1156000,14,-21,0,1242,2,-4,0,-2,1,-8,610,637,608,606
1158,1158000,14,-21,0,1241,2,-4,0,-8,2,-1,609,635,607,603
1160,1160000,14,-21,0,1240,2,-4,0,-2,2,-5,609,634,605,600
1162,1162000,13,-21,0,1240,2,-4,0,-8,4,4,609,633,603,598
1164,1164000,13,-21,0,1239,2,-4,0,-1,1,-6,608,632,601,595
1166,1166000,13,-21,0,1238,2,-4,0,-4,5,-6,606,632,598,594
1168,1168000,13,-21,0,1237,2,-4,0,-5,0,4,605,632,596,592
1170,1170000,13,-21,0,1236,2,-4,0,4,3,-8,602,630,594,592
1172,1172000,13,-21,0,1236,2,-4,0,-7,4,2,599,629,593,592
1174,1174000,13,-21,0,1235,2,-4,0,-1,7,1,596,627,592,592
1176,1176000,13,-21,0,1234,2,-4,0,-1,1,-1,593,625,592,592
1178,1178000,13,-21,0,1233,2,-4,0,3,3,-7,591,623,590,591
1180,1180000,13,-21,0,1233,2,-4,0,-6,3,-6,590,622,589,590
1182,1182000,14,-21,0,1232,2,-4,0,-4,1,-6,589,621,587,588
1184,1184000,14,-21,0,1231,2,-4,0,0,6,1,589,620,585,586
1186,1186000,14,-21,0,1231,2,-4,0,-7,5,0,588,618,584,584
1188,1188000,14,-21,0,1230,2,-4,0,-1,4,-4,587,617,583,582
1190,1190000,14,-21,0,1229,2,-4,0,-7,-2,-3,586,615,583,580
1192,1192000,14,-21,0,1229,2,-4,0,1,-3,-8,586,613,582,578
1194,1194000,13,-21,0,1228,2,-4,0,-1,5,-5,586,611,581,575
1196,1196000,13,-21,0,1227,2,-4,0,-3,3,-3,585,610,580,573
1198,1198000,13,-21,0,1227,2,-4,0,-0,2,2,584,608,579,572
1200,1200000,13,-21,0,1226,2,-4,0,-8,4,3,582,607,578,571
1202,1202000,13,-21,0,1225,2,-4,0,-0,-0,-6,580,605,578,572
1204,1204000,12,-21,0,1225,2,-4,0,-3,2,-3,577,603,577,573
1206,1206000,12,-20,0,1224,2,-4,0,4,2,-5,574,602,576,573
1208,1208000,13,-20,0,1223,2,-4,0,-6,-1,-7,572,602,574,573
1210,1210000,13,-20,0,1223,2,-4,0,-5,6,-3,571,602,571,572
1212,1212000,13,-20,0,1222,2,-4,0,-5,1,-4,571,603,568,570
1214,1214000,13,-20,0,1222,2,-4,0,-2,2,2,571,603,566,567
1216,1216000,13,-20,0,1221,2,-4,0,-5,1,2,571,603,564,565
1218,1218000,14,-20,0,1221,2,-4,0,-4,-1,0,571,602,563,563
1220,1220000,14,-20,0,1220,2,-4,0,-1,3,-3,570,600,563,561
1222,1222000,14,-21,0,1220,2,-4,0,0,-4,-6,569,597,564,560
1224,1224000,14,-21,0,1219,2,-4,0,3,6,-6,568,595,564,560
1226,1226000,13,-21,0,1218,2,-4,0,1,-1,-4,567,593,564,559
1228,1228000,13,-21,0,1218,2,-4,0,7,3,1,566,591,564,558
1230,1230000,13,-21,0,1217,2,-4,0,3,3,2,565,590,563,557
1232,1232000,13,-20,0,1217,2,-4,0,-4,4,3,563,589,562,557
1234,1234000,13,-20,0,1216,2,-4,0,-1,1,5,562,588,561,556
1236,1236000,13,-20,0,1216,2,-4,0,-3,-2,-4,561,588,559,555
1238,1238000,13,-20,0,1215,2,-4,0,-1,4,1,560,588,557,554
1240,1240000,13,-20,0,1215,2,-4,0,3,6,-5,559,589,555,553
1242,1242000,13,-20,0,1214,2,-4,0,3,4,3,558,589,553,552
1244,1244000,13,-21,0,1214,2,-4,0,-5,0,2,557,588,551,551
1246,1246000,13,-21,0,1213,2,-4,0,-6,1,3,556,587,550,551
1248,1248000,13,-21,0,1213,2,-4,0,-4,-1,-8,554,585,550,550
1250,1250000,14,-21,0,1212,2,-4,0,2,4,-7,553,584,550,550
1252,1252000,14,-21,0,1212,2,-4,0,-6,4,-1,552,582,550,549
1254,1254000,14,-21,0,1211,2,-4,0,-3,0,3,551,580,550,548
1256,1256000,14,-20,0,1211,2,-4,0,-1,-0,-3,551,578,550,547
1258,1258000,14,-20,0,1211,2,-4,0,-5,0,-2,551,577,550,545
1260,1260000,13,-20,0,1210,2,-4,0,-5,-1,-3,551,575,550,543
1262,1262000,13,-20,0,1210,2,-4,0,-6,-1,-0,550,574,549,542
1264,1264000,13,-20,0,1209,2,-4,0,-2,-2,-1,549,573,548,541
1266,1266000,13,-20,0,1209,2,-4,0,-4,1,4,549,573,547,540
1268,1268000,13,-20,0,1208,2,-4,0,-0,2,-0,548,574,545,539
1270,1270000,13,-20,0,1208,2,-4,0,2,2,-1,547,574,542,538
1272,1272000,13,-20,0,1207,2,-4,0,-0,5,-2,546,574,540,538
1274,1274000,13,-20,0,1207,2,-4,0,2,3,-1,545,574,539,538
1276,1276000,13,-20,0,1206,2,-4,0,6,-1,0,543,573,538,538
1278,1278000,13,-20,0,1206,2,-4,0,-0,6,2,540,571,539,539
1280,1280000,13,-20,0,1206,2,-4,0,-3,-1,-6,538,569,539,539
1282,1282000,13,-20,0,1205,2,-4,0,-1,4,2,537,567,539,539
1284,1284000,13,-20,0,1205,2,-4,0,-4,-1,-2,537,566,539,537
1286,1286000,14,-20,0,1204,2,-4,0,-5,-6,-1,538,566,538,535
1288,1288000,13,-20,0,1204,2,-4,0,-8,0,-2,538,565,536,532
1290,1290000,13,-20,0,1203,2,-4,0,-3,5,-0,539,565,535,530
1292,1292000,13,-20,0,1203,2,-4,0,-0,4,-1,539,564,534,529
1294,1294000,13,-20,0,1203,2,-4,0,-3,-3,-2,539,563,534,528
1296,1296000,13,-20,0,1202,2,-4,0,-2,-1,-3,538,562,533,527
1298,1298000,13,-20,0,1202,2,-4,0,2,3,-1,536,561,533,527
1300,1300000,13,-20,0,1201,2,-4,0,-1,3,-3,535,560,532,527
1302,1302000,12,-20,0,1201,2,-4,0,-2,1,-7,534,559,531,527
1304,1304000,12,-20,0,1201,2,-4,0,-1,2,-4,532,559,531,527
1306,1306000,12,-20,0,1200,2,-4,0,2,3,-2,530,558,530,527
1308,1308000,13,-20,0,1200,2,-4,0,1,-0,4,529,557,529,527
1310,1310000,13,-19,0,1199,2,-4,0,-9,-1,-2,528,557,528,527
1312,1312000,13,-19,0,1199,2,-4,0,-5,-6,-4,527,557,527,526
1314,1314000,13,-19,0,1199,2,-4,0,-3,-4,-4,527,557,525,525
1316,1316000,13,-19,0,1198,2,-4,0,1,0,-5,527,556,524,524
1318,1318000,13,-19,0,1198,2,-4,0,-2,-3,-8,527,556,523,522
1320,1320000,13,-19,0,1198,2,-4,0,-1,0,-3,527,554,523,520
1322,1322000,13,-19,0,1197,2,-4,0,-3,5,7,527,553,523,519
1324,1324000,13,-20,0,1197,2,-4,0,3,-2,-4,527,551,523,518
1326,1326000,13,-20,0,1196,2,-4,0,-1,0,1,526,550,523,517
1328,1328000,13,-20,0,1196,2,-4,0,-2,-3,-0,525,549,523,517
1330,1330000,13,-19,0,1196,2,-4,0,-3,3,1,524,548,523,516
1332,1332000,12,-19,0,1195,2,-4,0,0,3,1,523,547,522,516
1334,1334000,12,-19,0,1195,2,-4,0,6,-2,1,522,546,521,516
1336,1336000,12,-19,0,1195,2,-4,0,1,7,-2,520,546,520,517
1338,1338000,12,-19,0,1194,2,-4,0,6,0,0,519,546,519,517
1340,1340000,12,-19,0,1194,2,-3,0,0,4,-0,518,546,518,516
1342,1342000,12,-19,0,1194,2,-3,0,-2,6,1,518,546,516,515
1344,1344000,13,-19,0,1193,2,-4,0,-2,2,-2,518,547,514,514
1346,1346000,13,-19,0,1193,2,-4,0,1,4,-4,518,547,513,512
1348,1348000,13,-19,0,1193,2,-4,0,-3,2,-3,518,546,512,511
1350,1350000,13,-19,0,1192,2,-4,0,-8,-2,-1,517,545,512,511
1352,1352000,13,-19,0,1192,2,-4,0,-6,-4,2,516,543,513,511
1354,1354000,13,-19,0,1192,2,-4,0,-1,-1,4,515,540,514,511
1356,1356000,13,-19,0,1191,2,-4,0,-4,0,3,514,539,515,510
1358,1358000,13,-19,0,1191,2,-3,0,-4,0,4,513,537,515,510
1360,1360000,13,-19,0,1191,2,-3,0,0,2,6,514,537,514,508
1362,1362000,12,-19,0,1190,2,-3,0,3,0,-4,514,537,513,507
1364,1364000,12,-19,0,1190,2,-3,0,-2,-1,-2,514,537,511,506
1366,1366000,12,-19,0,1190,2,-3,0,-2,9,-2,513,537,510,505
1368,1368000,12,-19,0,1189,2,-3,0,2,1,-4,513,536,509,505
1370,1370000,12,-19,0,1189,2,-3,0,-3,-4,0,511,536,508,504
1372,1372000,12,-19,0,1189,2,-3,0,-2,-2,2,510,536,507,504
1374,1374000,12,-19,0,1188,2,-3,0,-2,2,7,509,536,506,504
1376,1376000,12,-19,0,1188,2,-3,0,-4,6,-1,508,536,505,504
1378,1378000,12,-19,0,1188,2,-3,0,-1,5,5,507,535,504,504
1380,1380000,12,-19,0,1188,2,-3,0,-1,3,5,506,534,504,504
1382,1382000,13,-19,0,1187,2,-3,0,-3,-3,-1,505,533,504,504
1384,1384000,13,-19,0,1187,2,-3,0,0,6,7,505,532,505,503
1386,1386000,13,-18,0,1187,2,-3,0,-4,-1,5,505,530,505,502
1388,1388000,13,-18,0,1186,2,-3,0,-2,-0,3,505,529,505,501
1390,1390000,13,-18,0,1186,2,-3,0,5,4,-0,505,529,504,500
1392,1392000,12,-18,0,1186,2,-3,0,2,-2,2,506,528,503,498
1394,1394000,12,-18,0,1185,2,-3,0,4,6,-0,506,528,503,497
1396,1396000,12,-18,0,1185,2,-3,0,-2,-2,-4,506,528,502,496
1398,1398000,12,-18,0,1185,2,-3,0,0,5,3,505,527,501,496
1400,1400000,12,-18,0,1185,2,-3,0,4,4,0,504,527,500,495
1402,1402000,12,-18,0,1184,2,-3,0,-2,-7,4,503,527,499,496
1404,1404000,12,-18,0,1184,2,-3,0,-5,3,1,502,527,499,496
1406,1406000,12,-18,0,1184,2,-3,0,-1,-2,3,500,526,498,496
1408,1408000,12,-18,0,1184,2,-3,0,-0,-1,5,499,525,498,497
1410,1410000,12,-18,0,1183,2,-3,0,-4,3,5,498,524,497,497
1412,1412000,12,-18,0,1183,2,-3,0,-2,-0,4,497,524,497,497
1414,1414000,12,-18,0,1183,2,-3,0,1,-2,5,496,523,497,496
1416,1416000,12,-18,0,1182,2,-3,0,-7,-3,5,497,523,496,495
1418,1418000,12,-18,0,1182,2,-3,0,-3,4,3,497,523,495,493
1420,1420000,12,-18,0,1182,2,-3,0,2,-3,-6,498,523,494,491
1422,1422000,12,-18,0,1182,2,-3,0,-1,5,2,499,522,493,490
1424,1424000,12,-18,0,1181,2,-3,0,1,-4,-7,499,521,493,489
1426,1426000,12,-18,0,1181,2,-3,0,3,3,6,498,520,494,489
1428,1428000,12,-18,0,1181,2,-3,0,3,1,3,497,518,494,489
1430,1430000,12,-18,0,1181,2,-3,0,-4,-2,4,495,517,495,489
1432,1432000,12,-18,0,1180,2,-3,0,1,3,7,494,516,494,489
1434,1434000,11,-18,0,1180,2,-3,0,2,5,-4,494,516,493,489
1436,1436000,11,-18,0,1180,2,-3,0,-0,3,-4,493,517,492,489
1438,1438000,11,-18,0,1180,2,-3,0,-3,-4,-2,492,517,491,488
1440,1440000,12,-17,0,1179,2,-3,0,-5,-5,-2,492,517,490,488
1442,1442000,12,-17,0,1179,2,-3,0,-1,-6,6,491,517,489,488
1444,1444000,12,-17,0,1179,2,-3,0,0,3,4,490,517,488,488
1446,1446000,12,-17,0,1179,2,-3,0,4,-1,1,490,517,488,487
1448,1448000,12,-17,0,1178,2,-3,0,3,3,-2,490,516,487,486
1450,1450000,12,-17,0,1178,2,-3,0,-2,-2,-1,490,516,487,485
1452,1452000,12,-18,0,1178,2,-3,0,-1,-2,5,491,515,486,484
1454,1454000,12,-18,0,1178,2,-3,0,3,-0,2,490,514,487,484
1456,1456000,12,-18,0,1177,2,-3,0,-1,-7,-1,490,512,487,483
1458,1458000,12,-17,0,1177,2,-3,0,3,-1,6,489,511,488,483
1460,1460000,12,-17,0,1177,2,-3,0,7,1,-1,488,510,488,483
1462,1462000,12,-17,0,1177,2,-3,0,-3,-1,3,488,509,488,483
1464,1464000,11,-17,0,1177,2,-3,0,-0,5,5,487,509,487,482
1466,1466000,11,-17,0,1176,2,-3,0,0,-2,-1,487,509,486,482
1468,1468000,11,-17,0,1176,2,-3,0,-5,2,3,487,510,485,481
1470,1470000,11,-17,0,1176,2,-3,0,-1,-1,1,486,510,483,481
1472,1472000,11,-17,0,1176,2,-3,0,3,6,3,486,510,482,481
1474,1474000,11,-17,0,1175,2,-3,0,1,-7,-0,485,510,481,480
1476,1476000,11,-17,0,1175,2,-3,0,-3,-4,1,485,510,481,480
1478,1478000,11,-17,0,1175,2,-3,0,-1,3,0,484,510,480,480
1480,1480000,12,-17,0,1175,2,-3,0,4,-5,-5,484,509,480,480
1482,1482000,12,-17,0,1175,2,-3,0,1,-7,-3,483,508,481,480
1484,1484000,12,-17,0,1174,2,-3,0,-1,-1,-3,482,507,481,480
1486,1486000,12,-17,0,1174,2,-3,0,-3,1,4,482,505,482,479
1488,1488000,12,-17,0,1174,2,-3,0,1,2,4,482,504,482,479
1490,1490000,12,-17,0,1174,2,-3,0,1,-1,-0,482,504,482,478
1492,1492000,11,-17,0,1174,2,-3,0,0,3,4,482,504,481,476
1494,1494000,11,-17,0,1173,2,-3,0,1,-5,-4,483,504,480,475
1496,1496000,11,-17,0,1173,2,-3,0,3,-2,2,483,504,479,474
1498,1498000,11,-17,0,1173,2,-3,0,6,-5,2,483,504,478,474
1500,1500000,11,-17,0,1173,2,-3,0,2,0,2,482,504,478,474
1502,1502000,11,-17,0,1173,2,-3,0,1,-5,-2,481,503,477,475
1504,1504000,11,-17,0,1172,2,-3,0,-0,-3,3,479,503,477,475
1506,1506000,11,-17,0,1172,2,-3,0,-1,2,3,478,502,477,475
1508,1508000,11,-17,0,1172,2,-3,0,3,2,-3,478,502,476,475
1510,1510000,11,-17,0,1172,2,-3,0,1,5,-6,477,502,475,475
1512,1512000,11,-16,0,1172,2,-3,0,-2,-1,-2,477,502,475,474
1514,1514000,11,-16,0,1171,2,-3,0,-1,0,-0,477,501,475,474
1516,1516000,11,-16,0,1171,2,-3,0,-3,-1,3,476,500,475,474
1518,1518000,11,-16,0,1171,2,-3,0,3,1,2,476,499,475,473
1520,1520000,11,-16,0,1171,2,-3,0,2,-6,2,477,499,475,473
1522,1522000,11,-16,0,1171,2,-3,0,-5,2,8,477,499,474,471
1524,1524000,11,-16,0,1170,2,-3,0,1,-5,-5,478,499,474,470
1526,1526000,11,-16,0,1170,2,-3,0,4,1,-5,478,499,473,469
1528,1528000,11,-16,0,1170,2,-3,0,-0,0,4,478,498,473,468
1530,1530000,11,-16,0,1170,2,-3,0,1,-5,-2,477,498,473,469
1532,1532000,11,-16,0,1170,2,-3,0,-1,2,3,476,497,473,469
1534,1534000,11,-16,0,1170,2,-3,0,3,-6,-1,475,496,473,470
1536,1536000,11,-16,0,1169,2,-3,0,-1,-1,-6,473,496,473,470
1538,1538000,11,-16,0,1169,2,-3,0,3,-1,-1,473,496,472,471
1540,1540000,11,-16,0,1169,2,-3,0,-1,0,-0,472,496,471,470
1542,1542000,11,-16,0,1169,2,-3,0,2,7,4,472,496,470,470
1544,1544000,11,-16,0,1169,2,-3,0,0,-3,-6,472,496,470,469
1546,1546000,11,-16,0,1169,2,-3,0,3,-6,-1,472,496,469,469
1548,1548000,11,-16,0,1168,2,-3,0,5,-2,6,472,496,469,468
1550,1550000,11,-16,0,1168,2,-3,0,3,-2,-4,472,495,468,467
1552,1552000,11,-16,0,1168,2,-3,0,-3,-0,3,473,495,468,466
1554,1554000,11,-16,0,1168,2,-3,0,1,-2,-3,473,494,468,465
1556,1556000,11,-16,0,1168,2,-3,0,6,4,-4,472,493,469,465
1558,1558000,11,-16,0,1168,2,-3,0,-0,-6,0,472,492,469,465
1560,1560000,11,-16,0,1167,2,-3,0,-1,-1,1,471,491,469,466
1562,1562000,11,-16,0,1167,2,-3,0,5,2,-1,470,490,469,466
1564,1564000,10,-16,0,1167,2,-3,0,-4,-5,-1,470,490,469,466
1566,1566000,10,-15,0,1167,2,-3,0,4,2,2,470,490,468,465
1568,1568000,10,-15,0,1167,2,-3,0,-1,-6,-3,470,491,467,465
1570,1570000,10,-15,0,1167,2,-3,0,4,5,3,470,492,466,464
1572,1572000,10,-15,0,1167,2,-3,0,-3,-3,-3,469,492,465,464
1574,1574000,10,-15,0,1166,2,-3,0,-5,-5,1,469,492,465,464
1576,1576000,10,-15,0,1166,2,-3,0,2,6,-1,468,491,465,464
1578,1578000,10,-15,0,1166,2,-3,0,1,-9,-1,467,491,464,464
1580,1580000,11,-15,0,1166,2,-3,0,-1,-1,1,467,490,464,464
1582,1582000,11,-15,0,1166,2,-3,0,-3,1,-4,467,490,464,463
1584,1584000,11,-15,0,1166,2,-3,0,-1,-3,-3,467,490,464,463
1586,1586000,11,-15,0,1165,2,-3,0,-1,2,1,467,489,464,462
1588,1588000,11,-15,0,1165,2,-3,0,-6,-8,-4,467,488,464,462
1590,1590000,10,-15,0,1165,2,-3,0,-2,2,5,466,487,465,462
1592,1592000,10,-15,0,1165,2,-3,0,2,-7,-1,466,486,465,462
1594,1594000,10,-15,0,1165,2,-3,0,-3,-0,4,466,486,465,461
1596,1596000,10,-15,0,1165,2,-3,0,6,-3,-7,466,486,464,461
1598,1598000,10,-15,0,1165,2,-3,0,1,-3,2,466,487,463,460
1600,1600000,10,-15,0,1165,2,-3,0,-1,-6,3,466,487,462,459
1602,1602000,10,-15,0,1164,2,-3,0,4,2,3,466,488,461,459
1604,1604000,10,-15,0,1164,2,-3,0,-1,3,4,465,488,461,459
1606,1606000,10,-15,0,1164,2,-3,0,1,2,-2,464,487,460,460
1608,1608000,10,-15,0,1164,2,-3,0,-0,-8,-4,464,486,461,460
1610,1610000,10,-15,0,1164,2,-3,0,-8,-0,4,463,486,461,461
1612,1612000,10,-15,0,1164,2,-3,0,6,1,4,462,485,461,461
1614,1614000,10,-15,0,1164,2,-3,0,0,-2,-6,462,485,461,460
1616,1616000,10,-15,0,1163,2,-3,0,-2,-7,-1,462,484,461,460
1618,1618000,10,-15,0,1163,2,-3,0,-1,2,-2,462,484,461,459
1620,1620000,10,-15,0,1163,2,-3,0,0,0,5,463,484,460,458
1622,1622000,10,-15,0,1163,2,-3,0,2,2,-0,463,484,460,457
1624,1624000,10,-15,0,1163,2,-3,0,2,-6,1,463,484,460,457
1626,1626000,10,-15,0,1163,2,-3,0,1,2,1,463,483,459,456
1628,1628000,10,-15,0,1163,2,-3,0,3,-0,5,463,483,459,456
1630,1630000,10,-15,0,1163,2,-3,0,-4,-5,7,463,483,459,456
1632,1632000,10,-15,0,1162,2,-3,0,1,-3,-3,462,482,459,456
1634,1634000,10,-15,0,1162,2,-3,0,1,-1,5,461,482,459,456
1636,1636000,10,-15,0,1162,2,-3,0,3,1,-2,461,482,459,457
1638,1638000,10,-15,0,1162,2,-3,0,-4,-5,-2,460,481,458,457
1640,1640000,10,-14,0,1162,2,-3,0,-2,3,6,459,482,458,457
1642,1642000,10,-14,0,1162,2,-3,0,3,0,-2,459,482,457,457
1644,1644000,10,-14,0,1162,2,-2,0,-4,-5,-1,459,482,456,456
1646,1646000,10,-14,0,1162,2,-2,0,0,-0,-1,459,482,456,456
1648,1648000,10,-14,0,1162,2,-2,0,-0,-6,-3,459,482,456,456
1650,1650000,10,-14,0,1161,2,-2,0,3,4,2,459,481,456,455
1652,1652000,10,-14,0,1161,2,-2,0,-5,-1,-1,459,480,456,455
1654,1654000,10,-14,0,1161,2,-2,0,0,2,0,460,480,456,454
1656,1656000,10,-14,0,1161,2,-2,0,1,-1,5,460,480,456,453
1658,1658000,10,-14,0,1161,2,-2,0,2,-4,-1,460,480,456,453
1660,1660000,10,-14,0,1161,2,-2,0,4,1,1,460,479,456,453
1662,1662000,10,-14,0,1161,2,-2,0,0,-1,5,459,479,456,453
1664,1664000,9,-14,0,1161,2,-2,0,4,-3,-4,458,478,456,453
1666,1666000,9,-14,0,1161,2,-2,0,-2,-2,3,457,478,456,454
1668,1668000,9,-14,0,1160,2,-2,0,3,6,4,457,478,456,454
1670,1670000,9,-14,0,1160,2,-2,0,2,0,-3,456,478,455,454
1672,1672000,9,-14,0,1160,2,-2,0,-1,2,4,457,478,454,454
1674,1674000,9,-14,0,1160,2,-2,0,4,-5,-3,457,479,453,453
1676,1676000,9,-14,0,1160,2,-2,0,-3,3,2,458,479,453,452
1678,1678000,10,-14,0,1160,2,-2,0,2,-10,1,458,479,452,452
1680,1680000,10,-14,0,1160,2,-2,0,-1,1,-2,457,479,452,452
1682,1682000,10,-14,0,1160,2,-2,0,-5,1,-1,457,478,453,452
1684,1684000,10,-14,0,1160,2,-2,0,4,-2,-2,456,477,453,452
1686,1686000,10,-14,0,1160,2,-2,0,-6,-3,4,456,477,453,452
1688,1688000,10,-14,0,1159,2,-2,0,2,2,2,456,476,454,452
1690,1690000,9,-14,0,1159,2,-2,0,-2,-3,8,456,476,453,451
1692,1692000,9,-14,0,1159,2,-2,0,4,0,-1,456,475,453,451
1694,1694000,9,-14,0,1159,2,-2,0,-4,-6,2,456,475,453,451
1696,1696000,9,-14,0,1159,1,-2,0,6,-6,-5,456,475,453,450
1698,1698000,9,-13,0,1159,1,-2,0,2,2,6,456,475,453,450
1700,1700000,9,-13,0,1159,1,-2,0,-3,0,-1,456,475,452,450
1702,1702000,9,-14,0,1159,1,-2,0,1,-1,-4,456,476,451,450
1704,1704000,9,-14,0,1159,1,-2,0,3,6,6,455,476,451,450
1706,1706000,9,-14,0,1159,1,-2,0,-1,-8,1,455,476,450,450
1708,1708000,9,-14,0,1159,1,-2,0,-1,-0,-0,454,476,450,450
1710,1710000,9,-14,0,1159,1,-2,0,-6,-2,-5,453,475,451,450
1712,1712000,9,-13,0,1158,1,-2,0,-2,2,6,453,475,451,450
1714,1714000,9,-13,0,1158,2,-2,0,7,3,-2,453,474,451,450
1716,1716000,9,-13,0,1158,2,-2,0,-4,0,1,453,474,451,450
1718,1718000,9,-13,0,1158,2,-2,0,1,-2,-6,453,474,451,449
1720,1720000,9,-13,0,1158,1,-2,0,-0,1,3,454,473,451,449
1722,1722000,9,-13,0,1158,1,-2,0,-4,-1,1,454,473,451,449
1724,1724000,9,-13,0,1158,1,-2,0,5,-0,-0,453,473,451,448
1726,1726000,9,-13,0,1158,1,-2,0,2,6,1,453,473,450,448
1728,1728000,9,-13,0,1158,1,-2,0,2,-5,-4,453,473,450,448
1730,1730000,9,-13,0,1158,1,-2,0,0,-2,4,453,473,449,447
1732,1732000,9,-13,0,1158,1,-2,0,-0,-0,5,453,474,449,447
1734,1734000,9,-13,0,1158,1,-2,0,1,-4,0,453,474,448,447
1736,1736000,9,-13,0,1157,1,-2,0,-0,-3,-4,453,473,448,447
1738,1738000,9,-13,0,1157,1,-2,0,1,1,2,452,473,449,448
1740,1740000,9,-13,0,1157,1,-2,0,3,2,-1,451,472,449,448
1742,1742000,9,-13,0,1157,1,-2,0,-3,-1,2,451,471,449,449
1744,1744000,9,-13,0,1157,1,-2,0,-4,1,2,451,471,449,448
1746,1746000,9,-13,0,1157,1,-2,0,4,-8,-4,451,472,449,448
1748,1748000,9,-13,0,1157,1,-2,0,3,0,3,451,472,448,447
1750,1750000,9,-13,0,1157,1,-2,0,1,-2,2,452,472,447,447
1752,1752000,9,-13,0,1157,1,-2,0,-0,-1,1,452,472,447,446
1754,1754000,9,-13,0,1157,1,-2,0,4,4,1,452,472,447,446
1756,1756000,9,-13,0,1157,1,-2,0,-2,-2,1,451,471,447,446
1758,1758000,9,-13,0,1157,1,-2,0,4,-2,0,451,471,448,446
1760,1760000,9,-13,0,1157,1,-2,0,1,4,0,451,470,448,446
1762,1762000,9,-13,0,1157,1,-2,0,-6,-4,2,451,470,448,446
1764,1764000,9,-13,0,1156,1,-2,0,5,-1,-4,451,470,448,446
1766,1766000,9,-13,0,1156,1,-2,0,1,3,4,451,470,448,446
1768,1768000,8,-13,0,1156,1,-2,0,-1,1,1,450,470,447,446
1770,1770000,8,-13,0,1156,1,-2,0,3,6,2,450,470,447,446
1772,1772000,8,-12,0,1156,1,-2,0,-1,-3,1,449,470,447,446
1774,1774000,9,-12,0,1156,1,-2,0,6,-1,4,449,470,446,446
1776,1776000,9,-12,0,1156,1,-2,0,-2,-4,-1,449,470,446,446
1778,1778000,9,-12,0,1156,1,-2,0,5,-2,-4,450,471,446,445
1780,1780000,9,-12,0,1156,1,-2,0,2,1,5,450,470,446,445
1782,1782000,9,-12,0,1156,1,-2,0,0,-4,-3,450,470,446,445
1784,1784000,9,-12,0,1156,1,-2,0,-2,-5,-4,450,469,446,445
1786,1786000,9,-12,0,1156,1,-2,0,-0,5,1,450,469,446,445
1788,1788000,8,-12,0,1156,1,-2,0,-3,-1,-1,449,469,446,444
1790,1790000,8,-12,0,1156,1,-2,0,4,-2,-5,449,469,446,444
1792,1792000,8,-12,0,1156,1,-2,0,-2,2,3,449,469,446,444
1794,1794000,8,-12,0,1156,1,-2,0,-3,-4,-1,449,469,446,444
1796,1796000,8,-12,0,1156,1,-2,0,-0,3,5,448,468,446,444
1798,1798000,8,-12,0,1155,1,-2,0,-2,-3,-4,448,468,446,445
1800,1800000,8,-12,0,1155,1,-2,0,-0,1,-0,448,468,446,444
1802,1802000,8,-12,0,1155,1,-2,0,-2,0,6,448,468,445,444
1804,1804000,8,-12,0,1155,1,-2,0,-0,0,3,449,468,445,443
1806,1806000,8,-12,0,1155,1,-2,0,2,-1,-1,449,469,444,443
1808,1808000,8,-12,0,1155,1,-2,0,7,4,-2,449,469,444,443
1810,1810000,8,-12,0,1155,1,-2,0,-4,3,-1,449,469,444,443
1812,1812000,8,-12,0,1155,1,-2,0,-7,-5,1,448,468,444,443
1814,1814000,8,-12,0,1155,1,-2,0,2,4,2,447,468,444,444
1816,1816000,8,-12,0,1155,1,-2,0,2,-0,-0,447,467,445,444
1818,1818000,8,-12,0,1155,1,-2,0,4,5,-2,446,467,445,444
1820,1820000,8,-12,0,1155,1,-2,0,2,-2,-5,447,467,445,444
1822,1822000,8,-12,0,1155,1,-2,0,5,0,-1,447,467,444,443
1824,1824000,8,-12,0,1155,1,-2,0,0,2,3,448,467,444,442
1826,1826000,8,-12,0,1155,1,-2,0,-4,-0,2,448,467,444,442
1828,1828000,8,-12,0,1155,1,-2,0,-3,-5,-5,448,467,444,442
1830,1830000,8,-12,0,1155,1,-2,0,5,-2,-5,448,467,444,442
1832,1832000,8,-12,0,1155,1,-2,0,7,0,1,447,467,444,442
1834,1834000,8,-12,0,1155,1,-2,0,-4,2,0,447,467,444,442
1836,1836000,8,-12,0,1155,1,-2,0,8,1,-4,447,467,443,442
1838,1838000,8,-12,0,1154,1,-2,0,0,0,1,447,467,443,442
1840,1840000,8,-12,0,1154,1,-2,0,-0,-3,-2,447,467,443,442
1842,1842000,8,-12,0,1154,1,-2,0,6,-4,-4,446,467,443,442
1844,1844000,8,-12,0,1154,1,-2,0,-6,2,7,446,466,443,442
1846,1846000,8,-12,0,1154,1,-2,0,3,-8,-3,446,466,443,442
1848,1848000,8,-12,0,1154,1,-2,0,0,4,1,446,466,443,442
1850,1850000,8,-11,0,1154,1,-2,0,-0,-2,7,446,466,443,442
1852,1852000,8,-11,0,1154,1,-2,0,4,-2,-6,446,466,443,442
1854,1854000,8,-11,0,1154,1,-2,0,3,5,-0,446,466,442,442
1856,1856000,8,-11,0,1154,1,-2,0,2,4,4,446,466,442,442
1858,1858000,8,-11,0,1154,1,-2,0,-1,-3,-1,446,466,442,442
1860,1860000,8,-11,0,1154,1,-2,0,3,-1,-2,446,466,442,442
1862,1862000,8,-11,0,1154,1,-2,0,0,7,3,446,466,442,441
1864,1864000,8,-11,0,1154,1,-2,0,-3,-2,2,446,466,442,441
1866,1866000,8,-11,0,1154,1,-2,0,-0,1,-7,446,465,443,441
1868,1868000,8,-11,0,1154,1,-2,0,4,1,2,446,465,443,441
1870,1870000,8,-11,0,1154,1,-2,0,-0,-0,-3,446,465,443,441
1872,1872000,8,-11,0,1154,1,-2,0,-0,-5,-1,445,464,443,441
1874,1874000,8,-11,0,1154,1,-2,0,4,4,-1,445,464,443,442
1876,1876000,8,-11,0,1154,1,-2,0,-1,-1,4,445,465,442,442
1878,1878000,8,-11,0,1154,1,-2,0,2,-8,-2,445,465,442,441
1880,1880000,8,-11,0,1154,1,-2,0,7,5,-1,445,466,441,441
1882,1882000,8,-11,0,1154,1,-2,0,-2,3,3,446,466,441,440
1884,1884000,8,-11,0,1154,1,-2,0,-5,-4,1,446,466,441,440
1886,1886000,8,-11,0,1154,1,-2,0,6,3,0,445,465,441,440
1888,1888000,8,-11,0,1154,1,-2,0,0,-0,2,445,465,442,441
1890,1890000,8,-11,0,1154,1,-2,0,-2,-2,-0,445,464,442,441
1892,1892000,8,-11,0,1154,1,-2,0,0,-3,-0,445,464,442,441
1894,1894000,8,-11,0,1153,1,-2,0,1,-1,6,445,464,442,441
1896,1896000,8,-11,0,1153,1,-2,0,-3,3,3,445,464,442,440
1898,1898000,8,-11,0,1153,1,-2,0,-0,-9,-1,445,465,441,440
1900,1900000,8,-11,0,1153,1,-2,0,7,2,-2,445,465,441,440
1902,1902000,7,-11,0,1153,1,-2,0,2,5,7,445,465,441,440
1904,1904000,7,-11,0,1153,1,-2,0,-2,-0,-1,445,464,441,440
1906,1906000,7,-11,0,1153,1,-2,0,0,-5,-3,445,464,441,440
1908,1908000,7,-11,0,1153,1,-2,0,1,-2,-0,445,464,441,440
1910,1910000,7,-11,0,1153,1,-2,0,-4,-2,3,445,464,441,440
1912,1912000,7,-11,0,1153,1,-2,0,-1,1,-2,445,464,441,440
1914,1914000,7,-11,0,1153,1,-2,0,2,-2,-1,445,464,441,440
1916,1916000,7,-11,0,1153,1,-2,0,4,-0,1,445,464,441,440
1918,1918000,7,-11,0,1153,1,-2,0,-2,3,3,444,464,441,440
1920,1920000,7,-11,0,1153,1,-2,0,-1,-4,-2,444,464,441,441
1922,1922000,7,-11,0,1153,1,-2,0,3,6,-0,443,464,441,441
1924,1924000,7,-11,0,1153,1,-2,0,1,2,5,444,464,441,441
1926,1926000,7,-11,0,1153,1,-2,0,7,-4,-2,444,464,441,440
1928,1928000,7,-11,0,1153,1,-2,0,1,-1,-1,444,464,441,440
1930,1930000,7,-11,0,1153,1,-2,0,-0,1,3,445,464,441,439
1932,1932000,7,-11,0,1153,1,-2,0,-6,-2,2,445,463,441,439
1934,1934000,7,-11,0,1153,1,-2,0,2,-4,-0,445,463,441,439
1936,1936000,7,-11,0,1153,1,-2,0,0,1,-8,445,463,441,439
1938,1938000,7,-11,0,1153,1,-2,0,2,-4,-4,445,463,441,439
1940,1940000,7,-11,0,1153,1,-2,0,2,0,3,444,464,440,439
1942,1942000,7,-11,0,1153,1,-2,0,1,-1,1,444,464,440,439
1944,1944000,7,-10,0,1153,1,-2,0,1,-4,1,444,464,440,440
1946,1946000,7,-10,0,1153,1,-2,0,-2,0,3,443,463,440,440
1948,1948000,7,-10,0,1153,1,-2,0,-3,-4,2,443,463,440,440
1950,1950000,7,-10,0,1153,1,-2,0,3,-1,-4,443,463,440,440
1952,1952000,7,-10,0,1153,1,-2,0,5,-1,0,444,463,440,440
1954,1954000,7,-10,0,1153,1,-2,0,-3,-1,2,444,464,440,439
1956,1956000,7,-10,0,1153,1,-2,0,0,-5,1,444,464,440,439
1958,1958000,7,-10,0,1153,1,-2,0,1,-5,-5,444,464,440,439
1960,1960000,7,-10,0,1153,1,-2,0,6,3,3,444,464,440,439
1962,1962000,7,-10,0,1153,1,-2,0,-1,-1,1,443,463,440,439
1964,1964000,7,-10,0,1153,1,-2,0,-2,-6,-3,443,463,440,440
1966,1966000,7,-10,0,1153,1,-2,0,-0,-7,-1,443,463,440,440
1968,1968000,7,-10,0,1153,1,-2,0,2,4,2,443,463,440,439
1970,1970000,7,-10,0,1153,1,-2,0,-4,-0,1,444,463,440,439
1972,1972000,7,-10,0,1153,1,-2,0,-1,2,5,444,463,440,438
1974,1974000,7,-10,0,1153,1,-2,0,-0,-1,2,444,463,440,438
1976,1976000,7,-10,0,1153,1,-2,0,-1,-7,-4,444,463,440,438
1978,1978000,7,-10,0,1153,1,-2,0,-2,-2,-0,444,462,440,439
1980,1980000,7,-10,0,1153,1,-2,0,3,2,0,443,462,440,439
1982,1982000,7,-10,0,1153,1,-2,0,-3,-0,1,443,463,440,440
1984,1984000,7,-10,0,1153,1,-2,0,2,2,-6,443,463,439,440
1986,1986000,7,-10,0,1153,1,-2,0,2,-2,7,443,464,439,439
1988,1988000,7,-10,0,1153,1,-2,0,-3,-0,2,443,464,439,439
1990,1990000,7,-10,0,1153,1,-2,0,-2,-3,-2,443,464,439,439
1992,1992000,7,-10,0,1153,1,-2,0,3,0,-4,443,463,439,439
1994,1994000,7,-10,0,1153,1,-2,0,0,2,4,443,462,440,439
1996,1996000,7,-10,0,1153,1,-2,0,-0,-0,6,443,462,440,439
1998,1998000,7,-10,0,1153,1,-2,0,-4,-6,0,443,462,441,439
2000,2000000,7,-10,0,1153,1,-2,0,-3,-7,-4,444,462,440,438
2002,2002000,7,-10,0,1153,1,-2,0,7,-2,2,444,462,440,438
2004,2004000,7,-10,0,1153,1,-2,0,6,6,-2,444,462,440,438
2006,2006000,7,-10,0,1153,1,-2,0,0,5,0,443,463,440,438
2008,2008000,7,-10,0,1152,1,-2,0,-0,3,2,443,463,439,439
2010,2010000,7,-10,0,1152,1,-2,0,-1,-3,-2,443,463,439,439
2012,2012000,7,-10,0,1152,1,-2,0,4,1,-4,443,463,439,439
2014,2014000,7,-10,0,1152,1,-2,0,2,2,0,443,463,439,439
2016,2016000,7,-10,0,1152,1,-2,0,-3,2,6,443,463,439,439
2018,2018000,7,-10,0,1152,1,-2,0,-5,-2,-2,443,463,439,439
2020,2020000,7,-10,0,1152,1,-2,0,-0,-3,-7,443,463,440,439
2022,2022000,7,-10,0,1152,1,-2,0,4,3,0,442,462,440,439
2024,2024000,7,-10,0,1152,1,-2,0,-2,-5,5,442,463,440,439
2026,2026000,7,-10,0,1152,1,-2,0,4,2,-2,443,463,439,439
2028,2028000,7,-10,0,1152,1,-2,0,8,2,-1,443,463,439,439
2030,2030000,7,-10,0,1152,1,-2,0,3,-3,1,443,463,439,438
2032,2032000,7,-10,0,1152,1,-2,0,-3,-2,3,444,463,439,438
2034,2034000,7,-10,0,1152,1,-2,0,-7,0,6,444,462,440,438
2036,2036000,7,-10,0,1152,1,-2,0,-2,-2,2,444,462,440,438
2038,2038000,6,-9,0,1152,1,-2,0,-5,-8,-1,443,461,441,438
2040,2040000,6,-9,0,1152,1,-2,0,-1,-1,-3,443,461,441,438
2042,2042000,6,-9,0,1152,1,-2,0,2,-2,-3,443,462,440,438
2044,2044000,6,-9,0,1152,1,-2,0,2,4,3,443,462,440,438
2046,2046000,6,-9,0,1152,1,-2,0,-1,3,6,443,463,439,438
2048,2048000,6,-9,0,1152,1,-2,0,-6,-1,-1,443,463,438,439
2050,2050000,6,-9,0,1152,1,-2,0,1,-5,1,442,463,438,439
2052,2052000,6,-9,0,1152,1,-2,0,6,-1,-2,442,463,439,440
2054,2054000,7,-9,0,1152,1,-2,0,1,-5,-0,442,463,439,440
2056,2056000,7,-9,0,1152,1,-1,0,1,-4,-0,442,462,439,440
2058,2058000,7,-9,0,1152,1,-1,0,2,3,4,443,462,439,439
2060,2060000,7,-9,0,1152,1,-1,0,-0,1,4,443,462,439,438
2062,2062000,7,-9,0,1152,1,-1,0,0,5,4,444,463,439,438
2064,2064000,6,-9,0,1152,1,-1,0,-1,6,5,444,462,439,438
2066,2066000,6,-9,0,1152,1,-1,0,4,-0,-0,444,462,440,438
2068,2068000,6,-9,0,1152,1,-1,0,-5,-3,7,443,462,440,438
2070,2070000,6,-9,0,1152,1,-1,0,3,-7,-5,443,462,440,439
2072,2072000,6,-9,0,1152,1,-1,0,9,3,-2,443,462,440,439
2074,2074000,6,-9,0,1152,1,-1,0,5,3,-1,443,462,440,439
2076,2076000,6,-9,0,1152,1,-1,0,3,-0,4,443,462,440,439
2078,2078000,6,-9,0,1152,1,-1,0,-2,-3,4,443,462,439,438
2080,2080000,6,-9,0,1152,1,-1,0,-1,-3,-1,443,463,439,438
2082,2082000,6,-9,0,1152,1,-1,0,-5,-1,1,443,463,439,438
2084,2084000,6,-9,0,1152,1,-1,0,5,-2,1,443,463,439,439
2086,2086000,6,-9,0,1152,1,-1,0,3,-0,5,443,463,439,439
2088,2088000,6,-9,0,1152,1,-1,0,-2,1,5,443,463,439,439
2090,2090000,6,-9,0,1152,1,-1,0,0,-7,-3,442,463,439,439
2092,2092000,6,-9,0,1152,1,-1,0,4,2,-1,442,463,439,439
2094,2094000,6,-9,0,1152,1,-1,0,-3,-1,1,442,463,439,439
2096,2096000,6,-9,0,1152,1,-1,0,-5,-7,-1,443,462,440,439
2098,2098000,6,-9,0,1152,1,-1,0,-0,-4,3,443,462,440,439
2100,2100000,6,-9,0,1152,1,-1,0,-2,-6,1,444,462,440,438
2102,2102000,6,-9,0,1152,1,-1,0,-3,-10,-4,444,462,440,438
2104,2104000,6,-9,0,1153,1,-1,0,1,-4,-2,445,462,440,437
2106,2106000,6,-9,0,1153,1,-1,0,-3,-0,-1,445,462,440,437
2108,2108000,6,-9,0,1153,1,-1,0,-8,-1,-0,444,462,440,438
2110,2110000,6,-9,0,1153,1,-1,0,6,1,0,443,463,440,439
2112,2112000,6,-9,0,1153,1,-1,0,5,-2,-3,442,463,440,439
2114,2114000,6,-9,0,1153,1,-1,0,-1,-1,1,442,463,439,440
2116,2116000,6,-9,0,1153,1,-1,0,0,-2,2,442,463,439,440
2118,2118000,6,-9,0,1153,1,-1,0,6,2,2,443,464,439,440
2120,2120000,6,-9,0,1153,1,-1,0,-5,0,6,443,464,439,439
2122,2122000,6,-9,0,1153,1,-1,0,-3,-6,8,443,464,439,439
2124,2124000,6,-9,0,1153,1,-1,0,0,-2,3,444,463,439,439
2126,2126000,6,-9,0,1153,1,-1,0,2,-0,-3,443,463,440,439
2128,2128000,6,-9,0,1153,1,-1,0,3,-4,-3,443,462,440,439
2130,2130000,6,-9,0,1153,1,-1,0,-1,2,1,443,462,440,439
2132,2132000,6,-9,0,1153,1,-1,0,4,0,2,443,462,440,439
2134,2134000,6,-9,0,1153,1,-1,0,2,1,3,444,463,440,438
2136,2136000,6,-9,0,1153,1,-1,0,-2,-1,-1,444,463,440,438
2138,2138000,6,-9,0,1153,1,-1,0,-3,-0,0,444,463,440,438
2140,2140000,6,-9,0,1153,1,-1,0,1,-2,-1,444,463,440,438
2142,2142000,6,-9,0,1153,1,-1,0,-7,4,6,444,462,440,439
2144,2144000,6,-8,0,1153,1,-1,0,-0,-1,-0,444,462,441,439
2146,2146000,6,-8,0,1153,1,-1,0,3,-3,-0,443,462,441,439
2148,2148000,6,-8,0,1153,1,-1,0,4,4,-6,443,463,440,439
2150,2150000,6,-8,0,1153,1,-1,0,-2,2,3,443,464,439,440
2152,2152000,6,-8,0,1153,1,-1,0,2,-4,-2,443,464,439,440
2154,2154000,6,-8,0,1153,1,-1,0,-2,2,-3,443,464,439,440
2156,2156000,6,-8,0,1153,1,-1,0,5,3,1,443,464,439,440
2158,2158000,6,-8,0,1153,1,-1,0,-1,1,3,443,464,439,440
2160,2160000,6,-8,0,1153,1,-1,0,-2,-0,0,443,464,440,440
2162,2162000,6,-8,0,1153,1,-1,0,0,-2,-0,444,463,440,439
2164,2164000,6,-8,0,1153,1,-1,0,1,-1,-1,444,463,441,439
2166,2166000,6,-8,0,1153,1,-1,0,-2,-2,-1,445,462,441,438
2168,2168000,6,-8,0,1153,1,-1,0,-2,-4,-0,445,462,441,438
2170,2170000,6,-8,0,1153,1,-1,0,-1,-4,-3,445,462,441,439
2172,2172000,5,-8,0,1153,1,-1,0,-0,-0,2,444,462,441,439
2174,2174000,5,-8,0,1153,1,-1,0,4,-7,-7,444,463,441,439
2176,2176000,5,-8,0,1153,1,-1,0,2,-1,-0,444,464,440,439
2178,2178000,5,-8,0,1153,1,-1,0,-0,-1,-3,444,464,439,439
2180,2180000,6,-8,0,1153,1,-1,0,0,-1,7,444,465,439,440
2182,2182000,6,-8,0,1153,1,-1,0,-6,-3,3,444,464,439,440
2184,2184000,6,-8,0,1153,1,-1,0,1,-4,-4,443,464,440,440
2186,2186000,6,-8,0,1153,1,-1,0,4,-1,-1,443,464,440,440
2188,2188000,6,-8,0,1153,1,-1,0,-1,1,2,443,463,440,440
2190,2190000,6,-8,0,1153,1,-1,0,-2,-2,1,444,463,440,440
2192,2192000,6,-8,0,1153,1,-1,0,-4,-7,-4,444,464,440,440
2194,2194000,6,-8,0,1153,1,-1,0,-1,0,-4,444,464,440,439
2196,2196000,6,-8,0,1153,1,-1,0,-1,1,-4,445,464,440,439
2198,2198000,6,-8,0,1153,1,-1,0,1,-2,-6,444,464,440,439
2200,2200000,6,-8,0,1153,1,-1,0,3,-1,-1,444,463,441,439
2202,2202000,6,-8,0,1153,1,-1,0,4,4,-1,444,463,441,440
2204,2204000,6,-8,0,1153,1,-1,0,5,1,-2,445,463,442,439
2206,2206000,5,-8,0,1153,1,-1,0,2,1,2,445,463,442,439
2208,2208000,5,-8,0,1153,1,-1,0,7,-2,-2,445,463,441,439
2210,2210000,5,-8,0,1153,1,-1,0,4,1,1,445,464,441,439
2212,2212000,5,-8,0,1153,1,-1,0,2,-4,-3,445,464,440,439
2214,2214000,5,-8,0,1153,1,-1,0,5,1,-1,444,464,440,440
2216,2216000,5,-8,0,1153,1,-1,0,-6,3,7,443,465,440,441
2218,2218000,5,-8,0,1153,1,-1,0,1,-2,-5,443,465,440,442
2220,2220000,6,-8,0,1153,1,-1,0,-1,-1,4,443,465,440,442
2222,2222000,6,-8,0,1153,1,-1,0,-3,-7,-2,443,465,440,441
2224,2224000,6,-8,0,1153,1,-1,0,3,-5,-5,444,465,440,441
2226,2226000,6,-8,0,1153,1,-1,0,-4,2,-2,445,465,440,440
2228,2228000,6,-8,0,1153,1,-1,0,2,2,-1,445,464,441,439
2230,2230000,6,-8,0,1153,1,-1,0,0,-3,-1,446,464,441,439
2232,2232000,6,-8,0,1153,1,-1,0,-3,-0,-1,446,463,442,439
2234,2234000,5,-8,0,1153,1,-1,0,-4,-2,-0,446,463,442,439
2236,2236000,5,-8,0,1153,1,-1,0,1,-2,-2,446,463,442,439
2238,2238000,5,-8,0,1153,1,-1,0,-2,-9,3,445,464,442,440
2240,2240000,5,-8,0,1153,1,-1,0,-1,-7,2,445,464,442,440
2242,2242000,5,-8,0,1153,1,-1,0,5,-3,-1,445,464,441,441
2244,2244000,5,-8,0,1153,1,-1,0,-3,-2,-2,444,465,441,441
2246,2246000,5,-8,0,1153,1,-1,0,3,1,3,444,465,441,441
2248,2248000,5,-8,0,1153,1,-1,0,-3,-6,-0,444,465,441,441
2250,2250000,5,-8,0,1153,1,-1,0,-1,-4,-5,445,465,441,441
2252,2252000,5,-8,0,1153,1,-1,0,3,1,-5,445,465,441,441
2254,2254000,5,-8,0,1154,1,-1,0,3,-1,-2,445,466,440,441
2256,2256000,5,-8,0,1154,1,-1,0,-1,8,0,445,466,441,441
2258,2258000,5,-8,0,1154,1,-1,0,-6,4,5,445,465,441,441
2260,2260000,6,-8,0,1154,1,-1,0,0,-2,3,445,465,441,441
2262,2262000,6,-8,0,1154,1,-1,0,0,-6,2,445,465,442,441
2264,2264000,6,-8,0,1154,1,-1,0,4,-0,-2,445,465,442,441
2266,2266000,5,-7,0,1154,1,-1,0,-0,-3,-4,446,464,442,440
2268,2268000,5,-7,0,1154,1,-1,0,-3,2,-3,446,464,442,440
2270,2270000,5,-7,0,1154,1,-1,0,-6,-3,-3,447,464,443,439
2272,2272000,5,-7,0,1154,1,-1,0,-3,-3,1,447,464,443,440
2274,2274000,5,-7,0,1154,1,-1,0,-4,-0,2,446,464,443,440
2276,2276000,5,-7,0,1154,1,-1,0,1,-2,-1,446,464,443,441
2278,2278000,5,-7,0,1154,1,-1,0,-4,-1,-3,445,465,442,441
2280,2280000,5,-7,0,1154,1,-1,0,-1,2,-5,445,466,441,442
2282,2282000,5,-7,0,1154,1,-1,0,-1,4,4,445,467,440,442
2284,2284000,5,-7,0,1154,1,-1,0,-3,-2,0,445,467,440,442
2286,2286000,5,-7,0,1154,1,-1,0,-2,-4,-3,445,467,440,442
2288,2288000,5,-7,0,1154,1,-1,0,-0,1,-6,445,467,441,442
2290,2290000,5,-7,0,1154,1,-1,0,-0,5,5,445,466,442,442
2292,2292000,5,-7,0,1154,1,-1,0,-4,5,3,445,465,443,442
2294,2294000,5,-7,0,1154,1,-1,0,1,0,3,446,464,443,442
2296,2296000,5,-7,0,1154,1,-1,0,-3,-1,7,446,464,444,441
2298,2298000,5,-7,0,1154,1,-1,0,-1,-2,1,447,464,443,441
2300,2300000,5,-7,0,1154,1,-1,0,4,1,-0,447,465,443,440
2302,2302000,5,-7,0,1154,1,-1,0,4,3,-2,447,465,443,440
2304,2304000,5,-7,0,1154,1,-1,0,-2,5,-1,447,466,442,441
2306,2306000,5,-7,0,1154,1,-1,0,0,3,-1,447,466,442,441
2308,2308000,5,-7,0,1154,1,-1,0,-2,1,-2,446,466,442,441
2310,2310000,5,-7,0,1154,1,-1,0,-1,-2,1,446,466,442,442
2312,2312000,5,-7,0,1154,1,-1,0,3,2,1,446,466,442,442
2314,2314000,5,-7,0,1154,1,-1,0,-3,-2,2,446,466,442,442
2316,2316000,5,-7,0,1154,1,-1,0,-1,-3,-1,446,466,442,442
2318,2318000,5,-7,0,1154,1,-1,0,4,-3,-2,445,466,442,443
2320,2320000,5,-7,0,1154,1,-1,0,1,-1,3,445,466,442,443
2322,2322000,5,-7,0,1154,1,-1,0,0,-3,-2,445,467,442,443
2324,2324000,5,-7,0,1154,1,-1,0,3,0,-3,446,467,442,443
2326,2326000,5,-7,0,1154,1,-1,0,7,-1,-2,446,467,442,442
2328,2328000,5,-7,0,1154,1,-1,0,7,2,-1,447,467,442,442
2330,2330000,5,-7,0,1154,1,-1,0,-1,2,-6,447,466,443,441
2332,2332000,5,-7,0,1154,1,-1,0,-3,-3,-2,448,466,444,441
2334,2334000,5,-7,0,1154,1,-1,0,-2,-2,1,448,465,444,441
2336,2336000,5,-7,0,1154,1,-1,0,-2,3,1,448,465,445,441
2338,2338000,5,-7,0,1154,1,-1,0,2,-1,3,448,465,445,441
2340,2340000,5,-7,0,1154,1,-1,0,6,2,-1,448,466,444,441
2342,2342000,5,-7,0,1154,1,-1,0,-4,5,0,447,466,443,442
2344,2344000,5,-7,0,1155,1,-1,0,3,2,5,447,467,443,443
2346,2346000,5,-7,0,1155,1,-1,0,-3,0,-1,446,468,442,443
2348,2348000,5,-7,0,1155,1,-1,0,1,0,-1,445,468,442,444
2350,2350000,5,-7,0,1155,1,-1,0,-7,-4,2,445,468,443,444
2352,2352000,5,-7,0,1155,1,-1,0,1,3,3,445,468,443,444
2354,2354000,5,-7,0,1155,1,-1,0,4,3,1,446,468,443,443
2356,2356000,5,-7,0,1155,1,-1,0,-2,6,5,447,468,443,442
2358,2358000,5,-7,0,1155,1,-1,0,6,4,3,448,468,443,442
2360,2360000,5,-7,0,1155,1,-1,0,5,-5,-2,449,467,443,441
2362,2362000,5,-7,0,1155,1,-1,0,-6,-5,-5,448,467,444,442
2364,2364000,5,-7,0,1155,1,-1,0,-4,-4,6,448,466,444,442
2366,2366000,5,-7,0,1155,1,-1,0,2,-3,-1,447,466,445,443
2368,2368000,5,-7,0,1155,1,-1,0,2,-6,-1,447,466,445,443
2370,2370000,5,-7,0,1155,1,-1,0,-5,5,-2,447,466,445,443
2372,2372000,5,-7,0,1155,1,-1,0,1,-2,0,448,467,445,443
2374,2374000,5,-7,0,1155,1,-1,0,7,1,-5,448,467,444,443
2376,2376000,5,-7,0,1155,1,-1,0,4,4,-0,448,467,444,442
2378,2378000,4,-7,0,1155,1,-1,0,6,-1,3,448,468,444,443
2380,2380000,5,-7,0,1155,1,-1,0,5,1,-2,448,468,444,443
2382,2382000,5,-7,0,1155,1,-1,0,6,4,-1,448,468,443,443
2384,2384000,5,-7,0,1155,1,-1,0,1,3,3,447,469,443,444
2386,2386000,5,-7,0,1155,1,-1,0,1,-5,-1,447,469,443,444
2388,2388000,5,-7,0,1155,1,-1,0,0,-2,-4,447,469,443,444
2390,2390000,5,-7,0,1155,1,-1,0,8,3,0,447,469,443,444
2392,2392000,5,-7,0,1155,1,-1,0,1,2,0,447,468,444,444
2394,2394000,5,-7,0,1155,1,-1,0,-6,-8,2,448,468,445,444
2396,2396000,5,-7,0,1155,1,-1,0,-1,-1,-1,448,467,446,443
2398,2398000,5,-7,0,1155,1,-1,0,-2,1,1,449,467,446,443
2400,2400000,5,-7,0,1155,1,-1,0,4,5,0,450,467,446,442
2402,2402000,4,-7,0,1155,1,-1,0,2,3,-1,450,467,446,442
2404,2404000,4,-7,0,1155,1,-1,0,-4,-8,-4,450,467,446,442
2406,2406000,4,-7,0,1155,1,-1,0,-2,-5,2,449,468,445,443
2408,2408000,4,-7,0,1155,1,-1,0,4,-7,-1,449,469,445,444
2410,2410000,4,-7,0,1155,1,-1,0,-5,-0,-4,448,469,444,444
2412,2412000,4,-7,0,1155,1,-1,0,-1,2,-2,448,470,444,445
2414,2414000,5,-7,0,1155,1,-1,0,0,-3,3,448,470,443,445
2416,2416000,5,-7,0,1155,1,-1,0,-3,-2,2,448,470,444,445
2418,2418000,5,-7,0,1155,1,-1,0,-2,-3,-2,448,470,444,445
2420,2420000,5,-7,0,1155,1,-1,0,3,2,-1,448,469,445,445
2422,2422000,5,-7,0,1155,1,-1,0,2,-3,-0,448,468,446,445
2424,2424000,5,-6,0,1156,1,-1,0,-2,1,2,448,468,446,445
2426,2426000,5,-6,0,1156,1,-1,0,-2,2,-0,448,468,446,445
2428,2428000,5,-6,0,1156,1,-1,0,0,1,1,449,468,446,444
2430,2430000,5,-6,0,1156,1,-1,0,3,-4,1,450,469,445,444
2432,2432000,5,-6,0,1156,1,-1,0,3,7,2,450,469,445,443
2434,2434000,5,-6,0,1156,1,-1,0,1,-2,-4,450,470,445,443
2436,2436000,4,-7,0,1156,1,-1,0,-4,-4,-5,450,469,445,443
2438,2438000,4,-7,0,1156,1,-1,0,-1,-4,2,450,469,446,444
2440,2440000,4,-7,0,1156,1,-1,0,-2,1,-1,450,468,447,444
2442,2442000,4,-6,0,1156,1,-1,0,-1,-6,-1,449,468,447,445
2444,2444000,4,-6,0,1156,1,-1,0,0,-1,1,449,468,447,445
2446,2446000,4,-6,0,1156,1,-1,0,6,3,-4,449,469,446,445
2448,2448000,4,-6,0,1156,1,-1,0,-1,-1,8,448,470,445,446
2450,2450000,4,-6,0,1156,1,-1,0,-2,-3,-0,448,471,445,446
2452,2452000,5,-6,0,1156,1,-1,0,1,-2,1,448,471,444,446
2454,2454000,5,-6,0,1156,1,-1,0,3,3,1,448,471,444,446
2456,2456000,5,-6,0,1156,1,-1,0,-3,1,4,449,471,445,446
2458,2458000,5,-6,0,1156,1,-1,0,-6,-2,2,449,470,445,445
2460,2460000,5,-6,0,1156,1,-1,0,2,0,1,450,470,446,445
2462,2462000,5,-6,0,1156,1,-1,0,2,3,3,451,469,447,444
2464,2464000,5,-6,0,1156,1,-1,0,4,-1,-2,451,469,447,443
2466,2466000,4,-6,0,1156,1,-1,0,-3,-1,1,451,469,448,444
2468,2468000,4,-6,0,1156,1,-1,0,-4,2,6,451,469,448,444
2470,2470000,4,-6,0,1156,1,-1,0,3,4,5,450,469,448,445
2472,2472000,4,-6,0,1156,1,-1,0,-3,-3,2,450,469,447,446
2474,2474000,4,-6,0,1156,1,-1,0,2,-1,-3,449,470,447,446
2476,2476000,4,-6,0,1156,1,-1,0,1,2,1,449,471,446,446
2478,2478000,4,-6,0,1156,1,-1,0,1,4,2,449,471,446,446
2480,2480000,4,-6,0,1156,1,-1,0,1,2,-0,449,471,446,446
2482,2482000,4,-6,0,1156,1,-1,0,-5,-5,4,450,471,446,446
2484,2484000,4,-6,0,1156,1,-1,0,-3,-3,-3,450,471,446,446
2486,2486000,4,-6,0,1156,1,-1,0,-0,-2,1,450,471,446,446
2488,2488000,5,-6,0,1156,1,-1,0,2,-5,-4,451,471,446,446
2490,2490000,5,-6,0,1156,1,-1,0,-5,-2,-0,451,471,446,446
2492,2492000,5,-6,0,1156,1,-1,0,-3,-7,1,451,471,446,446
2494,2494000,5,-6,0,1156,1,-1,0,0,-4,-2,450,471,447,446
2496,2496000,5,-6,0,1156,1,-1,0,-1,-5,1,450,470,448,446
2498,2498000,4,-6,0,1157,1,-1,0,0,-1,-2,450,469,448,447
2500,2500000,4,-6,0,1157,1,-1,0,6,-4,-5,450,469,449,446
2502,2502000,4,-6,0,1157,1,-1,0,3,2,3,451,469,449,446
2504,2504000,4,-6,0,1157,1,-1,0,5,2,1,452,470,448,445
2506,2506000,4,-6,0,1157,1,-1,0,-6,-3,-3,452,471,448,445
2508,2508000,4,-6,0,1157,1,-1,0,-0,4,4,452,471,447,445
2510,2510000,4,-6,0,1157,1,-1,0,6,4,1,452,472,447,445
2512,2512000,4,-6,0,1157,1,-1,0,-1,-0,1,451,472,446,446
2514,2514000,4,-6,0,1157,1,-1,0,-1,-2,3,450,472,446,447
2516,2516000,4,-6,0,1157,1,-1,0,-0,-1,-2,449,472,446,448
2518,2518000,4,-6,0,1157,1,-1,0,-0,-3,5,449,472,447,449
2520,2520000,5,-6,0,1157,1,-1,0,0,-0,-9,450,472,447,448
2522,2522000,5,-6,0,1157,1,-1,0,7,3,1,450,472,447,448
2524,2524000,5,-6,0,1157,1,-1,0,1,-0,4,451,471,448,447
2526,2526000,5,-6,0,1157,1,-1,0,-1,-1,-1,452,471,449,446
2528,2528000,4,-6,0,1157,1,-1,0,-1,3,-4,452,470,449,446
2530,2530000,4,-6,0,1157,1,-1,0,-4,0,-0,452,470,449,446
2532,2532000,4,-6,0,1157,1,-1,0,-1,3,-2,453,471,449,446
2534,2534000,4,-6,0,1157,1,-1,0,2,0,5,453,471,449,446
2536,2536000,4,-6,0,1157,1,-1,0,4,1,-0,453,472,448,446
2538,2538000,4,-6,0,1157,1,-1,0,6,-2,-2,452,473,447,446
2540,2540000,4,-6,0,1157,1,-1,0,-2,-0,-8,452,473,447,447
2542,2542000,4,-6,0,1157,1,-1,0,9,-1,3,452,473,448,447
2544,2544000,4,-6,0,1157,1,-1,0,4,2,4,451,472,448,448
2546,2546000,4,-6,0,1157,1,-1,0,-4,0,6,451,472,448,448
2548,2548000,4,-6,0,1157,1,-1,0,1,-2,-1,451,472,449,448
2550,2550000,4,-6,0,1157,1,-1,0,4,5,-1,451,472,449,448
2552,2552000,4,-6,0,1157,1,-1,0,2,-1,6,451,472,448,448
2554,2554000,4,-6,0,1157,1,-1,0,-2,-1,1,451,473,448,448
2556,2556000,4,-6,0,1157,1,-1,0,-0,3,5,451,473,448,448
2558,2558000,4,-6,0,1157,1,-1,0,-4,-8,0,452,473,448,448
2560,2560000,4,-6,0,1157,1,-1,0,2,-4,3,452,473,448,447
2562,2562000,4,-6,0,1157,1,-1,0,1,2,1,453,473,448,447
2564,2564000,4,-6,0,1157,1,-1,0,1,1,5,454,473,448,446
2566,2566000,4,-6,0,1157,1,-1,0,-1,-4,-1,454,472,449,446
2568,2568000,4,-6,0,1157,1,-1,0,-3,1,6,454,472,450,446
2570,2570000,4,-6,0,1158,1,-1,0,-1,-1,0,453,471,450,447
2572,2572000,4,-6,0,1158,1,-1,0,-4,2,-2,453,471,451,448
2574,2574000,4,-6,0,1158,1,-1,0,-1,-4,3,452,471,451,449
2576,2576000,4,-6,0,1158,1,-1,0,-1,1,-4,451,472,450,449
2578,2578000,4,-6,0,1158,1,-1,0,1,5,1,451,474,449,449
2580,2580000,4,-6,0,1158,1,-1,0,-3,-4,3,452,475,448,449
2582,2582000,4,-6,0,1158,1,-1,0,3,-6,-4,452,475,447,449
2584,2584000,4,-6,0,1158,1,-1,0,1,0,-4,452,475,447,449
2586,2586000,4,-6,0,1158,1,-1,0,4,-1,1,453,475,448,449
2588,2588000,4,-6,0,1158,1,-1,0,2,2,3,453,474,449,448
2590,2590000,4,-6,0,1158,1,-1,0,-1,-4,-0,453,473,450,448
2592,2592000,4,-6,0,1158,1,-1,0,-3,-5,-6,454,473,450,448
2594,2594000,4,-6,0,1158,1,-1,0,4,-4,-1,454,472,451,448
2596,2596000,4,-6,0,1158,1,-1,0,-7,1,5,454,473,450,448
2598,2598000,4,-6,0,1158,1,-1,0,-1,1,4,454,473,450,448
2600,2600000,4,-6,0,1158,1,-1,0,-2,1,4,453,473,450,449
2602,2602000,4,-6,0,1158,1,-1,0,-2,-5,4,453,473,450,449
2604,2604000,4,-5,0,1158,1,-1,0,1,-7,4,453,473,450,449
2606,2606000,4,-5,0,1158,1,-1,0,2,-3,-3,453,473,450,449
2608,2608000,4,-5,0,1158,1,-1,0,0,-4,-3,453,474,450,449
2610,2610000,4,-5,0,1158,1,-1,0,2,-1,-3,454,474,450,448
2612,2612000,4,-6,0,1158,1,-1,0,-2,-4,-6,454,475,449,448
2614,2614000,4,-6,0,1158,1,-1,0,-2,-2,1,454,475,449,448
2616,2616000,4,-6,0,1158,1,-1,0,-2,-5,2,454,475,449,449
2618,2618000,4,-6,0,1158,1,-1,0,2,-5,-1,453,475,449,450
2620,2620000,4,-6,0,1158,1,-1,0,4,0,-3,453,475,450,450
2622,2622000,4,-6,0,1158,1,-1,0,-0,3,1,452,475,450,451
2624,2624000,4,-5,0,1158,1,-1,0,2,-4,-2,452,474,450,451
2626,2626000,4,-5,0,1158,1,-1,0,-1,-3,-3,453,474,451,450
2628,2628000,4,-5,0,1158,1,-1,0,-0,-2,-6,454,473,451,450
2630,2630000,4,-5,0,1158,1,-1,0,-2,-3,1,454,473,452,449
2632,2632000,4,-5,0,1158,1,-1,0,1,-1,-0,455,473,452,448
2634,2634000,4,-5,0,1158,1,-1,0,3,5,-2,456,473,452,448
2636,2636000,4,-5,0,1158,1,-1,0,2,-2,-6,456,474,451,448
2638,2638000,4,-5,0,1158,1,-1,0,-2,-8,4,456,475,450,448
2640,2640000,4,-6,0,1158,1,-1,0,-1,1,1,455,476,450,449
2642,2642000,4,-6,0,1159,1,-1,0,-1,-1,4,454,476,450,450
2644,2644000,4,-6,0,1159,1,-1,0,-4,-2,-7,453,476,450,451
2646,2646000,4,-5,0,1159,1,-1,0,8,2,-2,453,476,450,452
2648,2648000,4,-5,0,1159,1,-1,0,0,-1,-2,452,475,451,452
2650,2650000,4,-5,0,1159,1,-1,0,-2,2,-2,453,475,451,452
2652,2652000,4,-5,0,1159,1,-1,0,1,4,-2,454,475,451,451
2654,2654000,4,-5,0,1159,1,-1,0,-1,7,1,455,475,451,450
2656,2656000,4,-5,0,1159,1,-1,0,5,-0,-0,455,475,451,449
2658,2658000,4,-5,0,1159,1,-1,0,3,1,-6,456,475,451,449
2660,2660000,4,-5,0,1159,1,-1,0,-0,-4,-3,456,475,451,449
2662,2662000,4,-5,0,1159,1,-1,0,-0,-0,3,455,475,451,450
2664,2664000,4,-5,0,1159,1,-1,0,1,2,-0,455,475,451,450
2666,2666000,4,-5,0,1159,1,-1,0,-1,5,6,455,476,451,450
2668,2668000,4,-5,0,1159,1,-1,0,1,5,7,455,476,451,450
2670,2670000,4,-5,0,1159,1,-1,0,-6,-0,2,456,476,451,450
2672,2672000,4,-5,0,1159,1,-1,0,-1,2,5,456,476,452,450
2674,2674000,4,-5,0,1159,1,-1,0,-1,-2,-1,455,475,452,450
2676,2676000,4,-5,0,1159,1,-1,0,-4,2,4,455,475,453,451
2678,2678000,4,-5,0,1159,1,-1,0,-4,-4,1,454,475,453,451
2680,2680000,4,-5,0,1159,1,-1,0,1,-5,-2,454,475,452,452
2682,2682000,4,-5,0,1159,1,-1,0,-4,-1,2,454,476,452,452
2684,2684000,4,-5,0,1159,1,-1,0,-0,1,5,454,477,451,452
2686,2686000,4,-5,0,1159,1,-1,0,-2,0,-2,455,478,450,451
2688,2688000,4,-5,0,1159,1,-1,0,-3,-8,-1,455,478,450,451
2690,2690000,4,-5,0,1159,1,-1,0,-2,1,4,456,478,450,450
2692,2692000,4,-5,0,1159,1,-1,0,-2,4,1,456,477,451,450
2694,2694000,4,-5,0,1159,1,-1,0,5,9,2,456,476,452,450
2696,2696000,4,-5,0,1159,1,-1,0,-1,-1,-3,457,475,453,450
2698,2698000,4,-5,0,1159,1,-1,0,1,-0,-1,457,475,454,450
2700,2700000,4,-5,0,1159,1,-1,0,-2,-5,-2,456,475,454,451
2702,2702000,3,-5,0,1159,1,-1,0,1,-3,-4,456,475,454,451
2704,2704000,3,-5,0,1159,1,-1,0,2,-6,-2,455,476,453,452
2706,2706000,3,-5,0,1159,1,-1,0,5,2,1,455,476,453,452
2708,2708000,3,-5,0,1159,1,-1,0,3,2,-1,455,477,452,452
2710,2710000,4,-5,0,1159,1,-1,0,-1,-8,3,455,478,451,452
2712,2712000,4,-5,0,1159,1,-1,0,-3,-2,1,456,478,451,452
2714,2714000,4,-5,0,1159,1,-1,0,-7,-5,2,456,478,451,451
2716,2716000,4,-5,0,1160,1,-1,0,-0,-0,5,457,478,452,451
2718,2718000,4,-5,0,1160,1,-1,0,3,2,-0,457,477,452,451
2720,2720000,4,-5,0,1160,1,-1,0,1,-1,5,456,477,453,451
2722,2722000,4,-5,0,1160,1,-1,0,-3,4,5,456,476,454,452
2724,2724000,4,-5,0,1160,1,-1,0,-6,-5,3,456,476,454,452
2726,2726000,4,-5,0,1160,1,-1,0,-1,-1,-1,456,476,454,452
2728,2728000,4,-5,0,1160,1,-1,0,-0,2,-2,456,477,453,452
2730,2730000,4,-5,0,1160,1,-1,0,-2,-6,-3,456,477,453,452
2732,2732000,4,-5,0,1160,1,-1,0,-2,-4,-1,457,477,453,452
2734,2734000,4,-5,0,1160,1,-1,0,-3,-0,0,457,477,453,452
2736,2736000,4,-5,0,1160,1,-1,0,-1,-4,0,457,477,454,452
2738,2738000,3,-5,0,1160,1,-1,0,-2,3,2,457,477,454,451
2740,2740000,3,-5,0,1160,1,-1,0,-4,2,6,458,477,454,451
2742,2742000,3,-5,0,1160,0,-1,0,2,7,1,458,478,453,451
2744,2744000,3,-5,0,1160,0,-1,0,5,0,-2,458,478,452,451
2746,2746000,3,-5,0,1160,1,-1,0,3,2,-0,457,479,452,452
2748,2748000,4,-5,0,1160,1,-1,0,-2,6,3,456,479,452,453
2750,2750000,4,-5,0,1160,1,-1,0,-3,-0,-1,455,478,453,454
2752,2752000,4,-5,0,1160,1,-1,0,4,1,-4,455,478,453,454
2754,2754000,4,-5,0,1160,1,-1,0,-5,-7,-0,455,477,454,454
2756,2756000,4,-5,0,1160,1,-1,0,6,-1,-4,456,477,454,454
2758,2758000,4,-5,0,1160,1,-1,0,4,-3,-3,457,477,455,453
2760,2760000,4,-5,0,1160,1,-1,0,-2,-3,-2,458,477,454,452
2762,2762000,4,-5,0,1160,1,-1,0,3,3,4,459,478,454,451
2764,2764000,3,-5,0,1160,1,-1,0,-2,0,-4,459,478,454,451
2766,2766000,3,-5,0,1160,1,-1,0,-0,-2,5,459,478,454,451
2768,2768000,3,-5,0,1160,0,-1,0,3,4,7,458,478,454,452
2770,2770000,3,-5,0,1160,0,-1,0,5,5,-1,458,479,454,453
2772,2772000,3,-5,0,1160,1,-1,0,-1,1,6,457,479,454,453
2774,2774000,3,-5,0,1160,1,-1,0,-3,-8,-8,457,479,454,454
2776,2776000,3,-5,0,1160,1,-1,0,4,0,-3,457,478,454,454
2778,2778000,4,-5,0,1160,1,-1,0,5,2,4,457,478,455,454
2780,2780000,4,-5,0,1160,1,-1,0,1,3,3,457,478,455,454
2782,2782000,4,-5,0,1160,1,-1,0,-2,-1,-5,457,478,455,454
2784,2784000,3,-5,0,1160,1,-1,0,-2,-2,-0,458,478,455,453
2786,2786000,3,-5,0,1160,1,-1,0,-5,-4,0,458,479,454,453
2788,2788000,3,-5,0,1160,1,-1,0,0,-3,0,458,480,454,453
2790,2790000,4,-5,0,1160,1,-1,0,0,-2,3,458,480,453,453
2792,2792000,4,-5,0,1161,1,-1,0,1,1,5,458,480,453,453
2794,2794000,4,-5,0,1161,1,-1,0,-3,6,-0,458,480,454,453
2796,2796000,4,-5,0,1161,1,-1,0,2,-1,-2,458,479,454,454
2798,2798000,4,-5,0,1161,1,-1,0,-2,2,5,458,478,455,454
2800,2800000,4,-5,0,1161,1,-1,0,-6,1,5,458,478,456,453
2802,2802000,3,-5,0,1161,1,-1,0,1,2,3,459,478,456,453
2804,2804000,3,-5,0,1161,0,-1,0,-2,-0,5,459,478,456,453
2806,2806000,3,-5,0,1161,0,-1,0,-0,-2,0,459,478,456,453
2808,2808000,3,-5,0,1161,0,-1,0,2,7,3,458,478,456,454
2810,2810000,3,-5,0,1161,0,-1,0,-2,4,5,458,479,455,455
2812,2812000,3,-5,0,1161,0,-1,0,-4,-3,-1,457,480,455,455
2814,2814000,3,-5,0,1161,1,-1,0,7,-2,-2,458,480,454,455
2816,2816000,4,-5,0,1161,1,-1,0,5,7,-0,458,481,453,454
2818,2818000,4,-5,0,1161,1,-1,0,2,-4,-9,459,481,453,454
2820,2820000,4,-5,0,1161,1,-1,0,-1,-8,-2,460,481,454,453
2822,2822000,4,-5,0,1161,1,-1,0,-1,-0,-5,460,480,455,453
2824,2824000,4,-5,0,1161,1,-1,0,3,-4,2,459,479,456,453
2826,2826000,3,-5,0,1161,1,-1,0,-2,-1,3,459,478,457,454
2828,2828000,3,-5,0,1161,0,-1,0,-2,2,2,458,478,457,455
2830,2830000,3,-5,0,1161,0,-1,0,3,-2,-2,458,478,457,455
2832,2832000,3,-4,0,1161,0,-1,0,0,-1,-4,458,479,456,455
2834,2834000,3,-4,0,1161,0,-1,0,3,1,-3,459,480,456,455
2836,2836000,3,-4,0,1161,0,-1,0,2,-1,4,459,481,455,454
2838,2838000,3,-5,0,1161,0,-1,0,5,1,-0,459,481,455,454
2840,2840000,3,-5,0,1161,0,-1,0,2,-1,-3,460,481,455,454
2842,2842000,3,-5,0,1161,0,-1,0,3,-4,-3,460,481,455,454
2844,2844000,3,-5,0,1161,0,-1,0,-8,-3,-4,460,480,456,454
2846,2846000,3,-5,0,1161,0,-1,0,-6,-5,-2,460,480,456,454
2848,2848000,3,-5,0,1161,0,-1,0,0,3,5,460,480,456,454
2850,2850000,3,-5,0,1161,0,-1,0,-6,0,-2,459,480,456,455
2852,2852000,3,-5,0,1161,0,-1,0,1,-2,-3,459,480,456,455
2854,2854000,3,-5,0,1161,0,-1,0,1,3,1,458,480,456,456
2856,2856000,3,-5,0,1161,1,-1,0,-3,1,4,458,480,456,456
2858,2858000,3,-4,0,1161,1,-1,0,-7,-6,1,458,480,456,456
2860,2860000,3,-4,0,1161,1,-1,0,5,-5,-2,459,481,456,456
2862,2862000,3,-4,0,1161,1,-1,0,3,-3,-1,460,481,456,455
2864,2864000,3,-4,0,1161,1,-1,0,-1,-2,-5,461,481,456,454
2866,2866000,3,-4,0,1161,0,-1,0,2,-0,0,461,481,456,454
2868,2868000,3,-5,0,1161,0,-1,0,1,1,-2,461,480,457,454
2870,2870000,3,-5,0,1161,0,-1,0,-0,-5,-3,461,480,457,454
2872,2872000,3,-5,0,1162,0,-1,0,-3,-1,1,461,481,456,455
2874,2874000,3,-5,0,1162,0,-1,0,2,-5,0,460,481,456,455
2876,2876000,3,-5,0,1162,0,-1,0,-3,-0,-2,459,481,456,456
2878,2878000,3,-5,0,1162,0,-1,0,3,2,-4,459,482,456,456
2880,2880000,3,-5,0,1162,0,-1,0,-2,-1,4,459,481,456,457
2882,2882000,3,-4,0,1162,0,-1,0,2,-7,-2,459,481,457,457
2884,2884000,3,-4,0,1162,1,-1,0,5,6,-1,459,480,457,457
2886,2886000,3,-4,0,1162,0,-1,0,1,5,1,460,480,458,456
2888,2888000,3,-4,0,1162,0,-1,0,-0,-1,-1,460,480,458,455
2890,2890000,3,-4,0,1162,0,-1,0,3,-0,-1,461,481,457,455
2892,2892000,3,-4,0,1162,0,-1,0,-0,-2,3,462,482,456,454
2894,2894000,3,-4,0,1162,0,-1,0,3,4,1,462,483,456,454
2896,2896000,3,-5,0,1162,0,-1,0,1,3,-3,461,483,456,455
2898,2898000,3,-5,0,1162,0,-1,0,2,-2,-1,461,482,456,456
2900,2900000,3,-5,0,1162,0,-1,0,3,3,-0,460,482,457,457
2902,2902000,3,-5,0,1162,0,-1,0,-5,-4,2,459,481,458,457
2904,2904000,3,-4,0,1162,0,-1,0,4,1,-1,459,480,458,457
2906,2906000,3,-4,0,1162,0,-1,0,1,-3,2,460,480,458,457
2908,2908000,3,-4,0,1162,0,-1,0,3,2,-1,461,480,458,456
2910,2910000,3,-4,0,1162,0,-1,0,9,0,-4,461,481,458,455
2912,2912000,3,-4,0,1162,0,-1,0,-4,-4,-7,461,481,458,455
2914,2914000,3,-4,0,1162,0,-1,0,-3,-4,-1,461,482,457,455
2916,2916000,3,-4,0,1162,0,-1,0,-3,-6,-2,461,482,457,456
2918,2918000,3,-4,0,1162,0,-1,0,-3,-3,1,461,483,456,456
2920,2920000,3,-4,0,1162,0,-1,0,-1,-2,-5,461,483,456,457
2922,2922000,3,-4,0,1162,0,-1,0,-2,2,0,461,483,456,457
2924,2924000,3,-4,0,1162,0,-1,0,-1,4,-6,461,483,457,456
2926,2926000,3,-4,0,1162,0,-1,0,4,6,-1,461,482,457,456
2928,2928000,3,-4,0,1162,0,-1,0,5,-0,-2,461,482,458,456
2930,2930000,3,-4,0,1162,0,-1,0,5,-2,1,461,481,459,456
2932,2932000,3,-4,0,1162,0,-1,0,7,0,1,461,481,459,457
2934,2934000,3,-4,0,1162,0,-1,0,-1,-0,0,461,481,459,457
2936,2936000,3,-4,0,1162,0,-1,0,2,-1,0,461,481,459,457
2938,2938000,3,-4,0,1162,0,-1,0,-2,-2,1,461,482,458,457
2940,2940000,3,-4,0,1162,0,-1,0,2,6,4,461,483,457,457
2942,2942000,3,-4,0,1162,0,-1,0,2,7,-3,461,483,457,457
2944,2944000,3,-4,0,1162,0,-1,0,-3,3,-2,461,484,457,457
2946,2946000,3,-4,0,1162,0,-1,0,-3,0,5,462,483,457,456
2948,2948000,3,-4,0,1162,0,-1,0,3,4,1,462,483,457,456
2950,2950000,3,-4,0,1162,0,-1,0,3,2,-3,462,483,458,456
2952,2952000,3,-4,0,1162,0,-1,0,-4,-1,-1,462,482,458,456
2954,2954000,3,-4,0,1162,0,-1,0,-4,2,-5,462,482,459,457
2956,2956000,3,-4,0,1162,0,-1,0,1,0,-3,461,482,459,457
2958,2958000,3,-4,0,1163,0,-1,0,2,-1,5,460,482,459,458
2960,2960000,3,-4,0,1163,0,-1,0,-4,-5,-2,460,482,459,459
2962,2962000,3,-4,0,1163,0,-1,0,2,3,0,460,483,458,459
2964,2964000,3,-4,0,1163,0,-1,0,-2,4,2,461,483,458,458
2966,2966000,3,-4,0,1163,0,-1,0,-2,5,-1,462,484,457,457
2968,2968000,3,-4,0,1163,0,-1,0,4,0,-7,463,484,457,456
2970,2970000,3,-4,0,1163,0,-1,0,-5,-2,4,464,484,458,456
2972,2972000,3,-4,0,1163,0,-1,0,2,6,2,464,483,458,456
2974,2974000,3,-4,0,1163,0,-1,0,3,3,-2,463,483,459,456
2976,2976000,3,-4,0,1163,0,-1,0,1,-2,-5,462,482,460,457
2978,2978000,3,-4,0,1163,0,-1,0,3,-3,0,462,482,460,458
2980,2980000,3,-4,0,1163,0,-1,0,4,-1,3,461,483,459,458
2982,2982000,3,-4,0,1163,0,-1,0,-4,-4,5,461,483,459,459
2984,2984000,3,-4,0,1163,0,-1,0,6,-8,-4,461,484,458,459
2986,2986000,3,-4,0,1163,0,-1,0,-1,6,-2,461,484,458,459
2988,2988000,3,-4,0,1163,0,-1,0,-0,2,5,462,484,458,458
2990,2990000,3,-4,0,1163,0,-1,0,-3,6,3,462,484,459,458
2992,2992000,3,-4,0,1163,0,-1,0,-3,1,4,463,484,459,457
2994,2994000,3,-4,0,1163,0,-1,0,1,-0,-1,463,484,459,457
2996,2996000,3,-4,0,1163,0,-1,0,6,-0,-2,464,484,459,457
2998,2998000,3,-4,0,1163,0,-1,0,-6,-0,-4,464,484,459,457
3000,3000000,14,24,0,1167,2,5,0,-2,5,3,433,473,486,504
3002,3002000,34,73,0,1175,7,23,0,7,2,1,348,426,563,619
3004,3004000,50,112,0,1182,13,46,0,-3,-1,1,270,376,638,721
3006,3006000,63,144,0,1187,18,70,0,-2,7,3,226,347,690,788
3008,3008000,73,168,0,1192,23,92,0,8,18,3,226,349,714,814
3010,3010000,81,186,0,1195,27,109,0,11,26,-1,253,368,697,790
3012,3012000,86,196,0,1198,30,120,0,10,37,-4,317,417,660,737
3014,3014000,90,200,0,1201,32,124,0,10,43,0,398,478,608,666
3016,3016000,91,200,0,1203,33,123,0,20,58,1,484,542,551,587
3018,3018000,92,195,0,1205,33,118,0,20,70,-1,565,602,498,513
3020,3020000,91,187,0,1206,33,110,0,19,74,5,632,651,455,451
3022,3022000,90,177,0,1207,32,100,0,20,89,3,679,683,426,408
3024,3024000,88,167,0,1208,31,90,0,21,91,-3,706,699,414,384
3026,3026000,85,157,0,1209,29,81,0,28,95,2,716,701,415,377
3028,3028000,83,148,0,1209,28,73,0,20,90,-3,710,691,427,385
3030,3030000,80,140,0,1210,27,66,0,28,97,-0,693,672,448,404
3032,3032000,78,134,0,1210,25,62,0,25,88,-0,670,649,473,428
3034,3034000,76,129,0,1210,24,58,0,32,84,-4,644,624,498,455
3036,3036000,73,127,0,1211,23,56,0,33,87,-3,618,602,521,482
3038,3038000,72,126,0,1211,22,56,0,32,87,7,594,583,541,506
3040,3040000,70,126,0,1211,22,56,0,36,78,-0,573,569,556,527
3042,3042000,69,127,0,1211,21,56,0,26,70,-4,555,558,566,545
3044,3044000,69,129,0,1211,21,58,0,25,67,1,541,551,573,559
3046,3046000,68,131,0,1211,21,59,0,23,70,2,529,547,577,570
3048,3048000,68,133,0,1211,21,61,0,17,63,-1,522,545,579,577
3050,3050000,69,135,0,1211,21,62,0,23,65,2,518,546,578,581
3052,3052000,69,136,0,1210,21,64,0,23,66,2,518,548,576,581
3054,3054000,69,138,0,1210,21,65,0,27,66,-2,520,552,571,577
3056,3056000,70,139,0,1210,21,66,0,25,61,-1,525,557,566,572
3058,3058000,70,139,0,1210,22,66,0,18,61,4,531,562,560,566
3060,3060000,70,139,0,1210,22,66,0,22,60,0,536,568,553,560
3062,3062000,70,139,0,1210,22,66,0,22,59,-2,541,573,548,554
3064,3064000,71,138,0,1209,22,65,0,19,55,1,546,578,542,548
3066,3066000,71,137,0,1209,22,64,0,20,65,2,550,582,537,543
3068,3068000,71,136,0,1209,22,63,0,22,64,-8,555,585,533,538
3070,3070000,71,134,0,1209,22,62,0,21,64,0,558,587,530,533
3072,3072000,71,133,0,1209,22,61,0,21,58,-2,561,588,528,530
3074,3074000,71,131,0,1208,22,60,0,20,64,1,563,587,529,527
3076,3076000,70,130,0,1208,22,58,0,19,63,3,563,584,530,527
3078,3078000,70,128,0,1208,21,58,0,17,65,1,561,581,533,528
3080,3080000,69,127,0,1208,21,57,0,24,66,1,558,577,536,529
3082,3082000,69,127,0,1207,21,56,0,16,54,-5,554,574,538,532
3084,3084000,68,126,0,1207,21,56,0,19,58,-0,551,572,539,535
3086,3086000,68,126,0,1207,21,55,0,23,58,-4,548,571,540,537
3088,3088000,68,125,0,1207,21,55,0,20,64,6,545,570,539,539
3090,3090000,68,125,0,1206,21,55,0,21,55,-7,543,570,539,540
3092,3092000,68,124,0,1206,20,55,0,20,55,-2,542,569,538,540
3094,3094000,67,124,0,1206,20,54,0,23,61,7,542,569,538,539
3096,3096000,67,124,0,1206,20,54,0,18,54,0,543,569,538,537
3098,3098000,67,123,0,1205,20,54,0,16,57,2,544,568,538,535
3100,3100000,67,123,0,1205,20,53,0,23,53,-3,545,567,537,533
3102,3102000,66,122,0,1205,20,53,0,12,55,2,545,566,538,532
3104,3104000,66,122,0,1205,20,53,0,24,57,-3,544,565,538,532
3106,3106000,65,121,0,1205,19,52,0,18,58,4,542,564,538,533
3108,3108000,65,121,0,1204,19,52,0,12,53,3,540,563,538,534
3110,3110000,65,121,0,1204,19,52,0,19,54,-2,539,563,537,535
3112,3112000,65,120,0,1204,19,51,0,22,54,-4,539,564,536,534
3114,3114000,64,120,0,1204,19,51,0,15,53,9,539,565,534,532
3116,3116000,64,119,0,1203,19,51,0,20,54,1,540,566,532,531
3118,3118000,64,118,0,1203,19,50,0,19,52,1,541,566,531,529
3120,3120000,64,118,0,1203,19,50,0,19,50,4,541,566,530,528
3122,3122000,64,117,0,1203,19,49,0,19,55,0,541,565,530,528
3124,3124000,63,116,0,1202,18,49,0,20,49,-0,540,564,530,528
3126,3126000,63,116,0,1202,18,48,0,20,46,-2,539,564,529,528
3128,3128000,63,115,0,1202,18,48,0,19,51,1,538,564,528,528
3130,3130000,63,115,0,1202,18,48,0,19,52,1,537,564,528,528
3132,3132000,63,114,0,1202,18,47,0,17,45,-4,536,563,527,528
3134,3134000,63,114,0,1201,18,47,0,21,47,-3,535,562,528,528
3136,3136000,62,113,0,1201,18,47,0,13,45,1,535,560,530,528
3138,3138000,62,113,0,1201,18,46,0,19,49,1,534,557,531,527
3140,3140000,62,112,0,1201,18,46,0,10,41,-4,534,556,532,526
3142,3142000,61,112,0,1200,18,46,0,12,41,1,535,555,532,525
3144,3144000,61,112,0,1200,17,46,0,15,47,5,536,556,530,523
3146,3146000,60,111,0,1200,17,45,0,18,44,1,537,557,528,522
3148,3148000,60,110,0,1200,17,45,0,19,44,-1,536,558,526,521
3150,3150000,60,110,0,1200,17,44,0,21,52,2,535,559,524,522
3152,3152000,60,109,0,1199,17,44,0,22,48,6,533,560,523,523
3154,3154000,60,109,0,1199,17,44,0,14,41,-3,531,559,523,524
3156,3156000,60,108,0,1199,17,43,0,13,43,-2,529,558,523,525
3158,3158000,60,108,0,1199,17,43,0,17,39,-5,528,557,524,525
3160,3160000,60,108,0,1199,17,43,0,13,41,-2,528,555,525,525
3162,3162000,59,107,0,1198,17,43,0,11,45,4,528,554,525,524
3164,3164000,59,107,0,1198,17,42,0,14,44,-6,529,553,526,522
3166,3166000,59,106,0,1198,17,42,0,18,45,-3,529,552,525,521
3168,3168000,58,106,0,1198,16,42,0,23,45,-2,530,552,525,520
3170,3170000,58,105,0,1198,16,41,0,14,38,-1,530,553,523,519
3172,3172000,58,105,0,1197,16,41,0,15,43,6,531,553,522,518
3174,3174000,58,104,0,1197,16,41,0,18,43,-2,531,554,521,517
3176,3176000,57,104,0,1197,16,40,0,12,39,0,530,554,520,517
3178,3178000,57,103,0,1197,16,40,0,16,42,1,529,553,520,517
3180,3180000,57,103,0,1197,16,40,0,13,43,4,528,552,521,518
3182,3182000,57,102,0,1197,16,39,0,15,39,-3,527,550,522,518
3184,3184000,56,102,0,1196,15,39,0,24,35,-4,526,549,522,519
3186,3186000,56,102,0,1196,15,39,0,12,43,-1,525,548,522,519
3188,3188000,56,101,0,1196,15,39,0,21,40,-3,525,549,521,518
3190,3190000,56,101,0,1196,15,39,0,18,40,5,524,550,519,518
3192,3192000,56,101,0,1196,15,38,0,17,43,-3,524,551,518,518
3194,3194000,56,100,0,1195,15,38,0,13,41,4,523,551,517,518
3196,3196000,56,100,0,1195,15,38,0,10,38,-2,523,551,517,518
3198,3198000,56,99,0,1195,15,38,0,12,37,4,523,550,517,517
3200,3200000,55,99,0,1195,15,37,0,12,37,1,523,549,517,516
3202,3202000,55,98,0,1195,15,37,0,15,43,3,525,548,517,514
3204,3204000,55,98,0,1195,15,37,0,11,32,1,526,547,517,512
3206,3206000,54,97,0,1194,15,36,0,11,33,-7,526,546,518,511
3208,3208000,54,97,0,1194,15,36,0,11,37,-8,526,545,519,511
3210,3210000,54,96,0,1194,14,36,0,6,34,4,524,544,519,512
3212,3212000,53,96,0,1194,14,36,0,12,39,1,522,543,519,514
3214,3214000,53,96,0,1194,14,36,0,17,40,3,520,543,519,515
3216,3216000,53,96,0,1194,14,35,0,12,33,-2,519,544,517,516
3218,3218000,53,95,0,1194,14,35,0,13,32,-2,518,545,515,515
3220,3220000,53,95,0,1193,14,35,0,14,35,4,519,547,513,514
3222,3222000,53,94,0,1193,14,35,0,9,40,0,520,547,512,513
3224,3224000,53,94,0,1193,14,34,0,7,32,1,520,547,512,512
3226,3226000,53,93,0,1193,14,34,0,17,39,1,521,546,512,511
3228,3228000,52,93,0,1193,14,34,0,14,31,1,520,545,513,510
3230,3230000,52,92,0,1193,14,33,0,11,33,5,520,544,513,510
3232,3232000,52,92,0,1192,14,33,0,5,35,3,519,543,514,511
3234,3234000,52,92,0,1192,14,33,0,10,36,5,518,542,514,511
3236,3236000,52,91,0,1192,14,33,0,12,30,-0,518,541,514,511
3238,3238000,51,91,0,1192,14,33,0,15,35,-0,517,541,514,511
3240,3240000,51,91,0,1192,13,33,0,19,33,1,517,540,514,511
3242,3242000,51,91,0,1192,13,32,0,19,30,4,517,540,514,510
3244,3244000,51,90,0,1192,13,32,0,16,33,-1,517,540,514,509
3246,3246000,50,90,0,1191,13,32,0,12,36,-4,518,540,513,508
3248,3248000,50,89,0,1191,13,32,0,14,33,-2,519,540,512,507
3250,3250000,50,89,0,1191,13,31,0,11,39,-0,519,541,511,506
3252,3252000,50,88,0,1191,13,31,0,15,28,-4,518,541,510,507
3254,3254000,49,88,0,1191,13,31,0,10,31,-2,516,541,509,508
3256,3256000,49,88,0,1191,13,31,0,12,29,-5,514,541,509,509
3258,3258000,49,87,0,1191,13,31,0,7,29,-2,513,541,509,510
3260,3260000,49,87,0,1191,13,30,0,13,33,-2,512,541,508,510
3262,3262000,49,87,0,1190,13,30,0,12,29,-5,512,540,508,510
3264,3264000,49,86,0,1190,13,30,0,11,33,5,513,539,509,509
3266,3266000,49,86,0,1190,13,30,0,14,32,3,513,538,510,508
3268,3268000,49,86,0,1190,13,30,0,10,32,-6,514,536,511,506
3270,3270000,49,85,0,1190,12,29,0,12,30,3,515,535,511,505
3272,3272000,48,85,0,1190,12,29,0,14,29,-3,515,535,512,504
3274,3274000,48,85,0,1190,12,29,0,17,32,-7,515,535,511,504
3276,3276000,47,84,0,1190,12,29,0,15,30,-1,515,536,509,503
3278,3278000,47,84,0,1189,12,29,0,9,33,1,515,537,507,503
3280,3280000,47,83,0,1189,12,28,0,14,24,1,514,538,506,503
3282,3282000,47,83,0,1189,12,28,0,10,31,1,513,538,505,504
3284,3284000,47,83,0,1189,12,28,0,10,23,-1,511,538,506,505
3286,3286000,47,82,0,1189,12,28,0,13,29,-1,510,536,507,507
3288,3288000,47,82,0,1189,12,28,0,9,27,-1,509,535,507,507
3290,3290000,47,82,0,1189,12,28,0,17,26,3,508,534,508,507
3292,3292000,47,82,0,1189,12,28,0,11,25,-4,509,534,507,506
3294,3294000,47,81,0,1188,12,27,0,12,25,-5,510,535,507,505
3296,3296000,46,81,0,1188,12,27,0,9,26,-2,511,535,505,504
3298,3298000,46,81,0,1188,12,27,0,13,25,-2,511,536,505,503
3300,3300000,46,80,0,1188,12,27,0,7,24,1,511,536,504,502
3302,3302000,46,80,0,1188,11,27,0,9,25,-1,511,535,504,502
3304,3304000,46,80,0,1188,11,26,0,10,29,5,511,534,505,502
3306,3306000,45,79,0,1188,11,26,0,13,25,-2,511,533,506,501
3308,3308000,45,79,0,1188,11,26,0,12,30,1,511,532,506,501
3310,3310000,45,79,0,1188,11,26,0,9,27,-3,511,531,507,501
3312,3312000,45,78,0,1187,11,26,0,18,29,-5,510,530,507,501
3314,3314000,44,78,0,1187,11,26,0,12,22,-2,509,530,507,501
3316,3316000,44,78,0,1187,11,25,0,15,22,-2,508,531,506,502
3318,3318000,44,78,0,1187,11,25,0,10,24,-5,507,531,505,503
3320,3320000,44,77,0,1187,11,25,0,13,25,0,506,532,503,503
3322,3322000,44,77,0,1187,11,25,0,14,27,7,506,534,502,503
3324,3324000,44,77,0,1187,11,25,0,8,29,4,506,534,500,503
3326,3326000,44,76,0,1187,11,25,0,10,21,-4,506,534,500,502
3328,3328000,44,76,0,1187,11,24,0,5,19,3,506,534,501,501
3330,3330000,44,76,0,1187,11,24,0,11,30,2,507,532,502,501
3332,3332000,44,75,0,1186,11,24,0,10,22,3,508,531,503,500
3334,3334000,44,75,0,1186,11,24,0,14,29,-2,508,529,504,499
3336,3336000,43,75,0,1186,11,24,0,11,27,2,508,528,504,498
3338,3338000,43,74,0,1186,10,24,0,12,23,3,508,528,504,498
3340,3340000,43,74,0,1186,10,24,0,8,23,2,507,528,504,498
3342,3342000,42,74,0,1186,10,23,0,10,27,1,506,528,504,499
3344,3344000,42,74,0,1186,10,23,0,13,25,0,505,528,503,500
3346,3346000,42,73,0,1186,10,23,0,15,27,-3,504,528,503,500
3348,3348000,42,73,0,1186,10,23,0,8,24,-2,504,529,502,500
3350,3350000,42,73,0,1186,10,23,0,15,24,-1,505,530,500,499
3352,3352000,42,72,0,1185,10,23,0,9,18,-2,505,530,499,498
3354,3354000,42,72,0,1185,10,23,0,15,24,-4,506,531,499,497
3356,3356000,42,72,0,1185,10,22,0,9,23,6,506,531,498,497
3358,3358000,41,71,0,1185,10,22,0,15,27,-0,505,530,499,498
3360,3360000,41,71,0,1185,10,22,0,14,25,-5,503,529,499,499
3362,3362000,41,71,0,1185,10,22,0,14,25,3,502,528,500,500
3364,3364000,41,71,0,1185,10,22,0,11,28,-1,502,527,501,500
3366,3366000,41,71,0,1185,10,22,0,7,21,-2,502,527,501,500
3368,3368000,41,70,0,1185,10,22,0,5,22,2,503,527,500,498
3370,3370000,41,70,0,1185,10,22,0,11,24,-3,504,526,500,497
3372,3372000,41,70,0,1185,10,21,0,12,23,3,505,526,500,495
3374,3374000,40,69,0,1185,10,21,0,13,19,-6,506,525,501,494
3376,3376000,40,69,0,1184,9,21,0,9,20,2,506,525,501,494
3378,3378000,40,69,0,1184,9,21,0,10,21,-2,505,525,500,494
3380,3380000,39,69,0,1184,9,21,0,13,22,-3,504,525,500,495
3382,3382000,39,68,0,1184,9,21,0,1,23,5,503,526,498,496
3384,3384000,39,68,0,1184,9,21,0,9,24,4,502,527,497,497
3386,3386000,39,68,0,1184,9,20,0,7,21,1,501,528,496,498
3388,3388000,39,67,0,1184,9,20,0,4,19,0,500,528,496,498
3390,3390000,39,67,0,1184,9,20,0,10,21,1,499,527,496,499
3392,3392000,39,67,0,1184,9,20,0,4,27,7,499,526,497,498
3394,3394000,39,67,0,1184,9,20,0,2,20,2,500,525,498,498
3396,3396000,39,67,0,1184,9,20,0,10,23,3,501,525,498,496
3398,3398000,39,66,0,1184,9,20,0,5,17,-0,502,524,498,495
3400,3400000,39,66,0,1184,9,20,0,5,19,1,503,524,498,494
3402,3402000,39,66,0,1183,9,20,0,7,14,5,503,524,498,493
3404,3404000,38,66,0,1183,9,19,0,10,16,1,503,524,498,493
3406,3406000,38,65,0,1183,9,19,0,8,15,0,502,524,498,493
3408,3408000,38,65,0,1183,9,19,0,11,13,-2,502,524,497,493
3410,3410000,38,65,0,1183,9,19,0,7,20,-1,501,524,497,494
3412,3412000,37,64,0,1183,9,19,0,11,18,-0,501,524,496,494
3414,3414000,37,64,0,1183,9,19,0,8,21,-2,500,523,497,494
3416,3416000,37,64,0,1183,9,19,0,7,19,1,500,523,497,495
3418,3418000,37,64,0,1183,8,19,0,9,20,-1,499,522,497,495
3420,3420000,37,64,0,1183,8,19,0,7,20,-0,498,522,497,496
3422,3422000,37,63,0,1183,8,19,0,11,22,-2,498,523,496,496
3424,3424000,37,63,0,1183,8,18,0,10,24,1,498,524,495,495
3426,3426000,37,63,0,1183,8,18,0,8,17,-2,498,525,494,495
3428,3428000,37,63,0,1183,8,18,0,8,18,4,499,525,493,494
3430,3430000,37,62,0,1182,8,18,0,12,20,-2,499,525,493,493
3432,3432000,37,62,0,1182,8,18,0,8,21,0,499,524,494,493
3434,3434000,37,62,0,1182,8,18,0,4,15,3,499,522,495,493
3436,3436000,37,62,0,1182,8,18,0,7,18,-2,499,521,497,492
3438,3438000,36,61,0,1182,8,18,0,12,15,-1,499,519,498,492
3440,3440000,36,61,0,1182,8,18,0,13,17,-2,500,519,498,492
3442,3442000,36,61,0,1182,8,17,0,10,15,2,500,519,498,491
3444,3444000,35,61,0,1182,8,17,0,7,23,0,500,520,496,491
3446,3446000,35,61,0,1182,8,17,0,11,17,-0,499,521,495,492
3448,3448000,35,60,0,1182,8,17,0,7,22,1,498,522,494,493
3450,3450000,35,60,0,1182,8,17,0,10,21,-3,497,522,493,493
3452,3452000,35,60,0,1182,8,17,0,8,23,5,496,523,493,494
3454,3454000,35,60,0,1182,8,17,0,9,19,3,496,523,492,494
3456,3456000,35,59,0,1182,8,17,0,12,24,-3,496,523,492,493
3458,3458000,35,59,0,1182,8,17,0,5,16,-2,497,523,492,493
3460,3460000,35,59,0,1182,8,17,0,5,20,4,497,522,492,492
3462,3462000,35,59,0,1181,8,16,0,-0,18,7,498,521,493,491
3464,3464000,35,58,0,1181,8,16,0,6,13,-1,497,520,494,491
3466,3466000,35,58,0,1181,8,16,0,2,17,2,497,519,495,491
3468,3468000,35,58,0,1181,8,16,0,7,14,0,497,518,495,491
3470,3470000,34,58,0,1181,8,16,0,7,22,-1,497,518,495,491
3472,3472000,34,58,0,1181,8,16,0,6,15,6,497,518,494,491
3474,3474000,34,58,0,1181,8,16,0,7,16,-3,497,519,494,491
3476,3476000,34,57,0,1181,7,16,0,6,18,-3,497,519,494,490
3478,3478000,34,57,0,1181,7,16,0,10,18,1,497,519,493,490
3480,3480000,33,57,0,1181,7,16,0,8,22,6,497,519,493,490
3482,3482000,33,57,0,1181,7,16,0,1,16,-2,497,519,493,490
3484,3484000,33,56,0,1181,7,16,0,10,15,-2,497,520,492,490
3486,3486000,33,56,0,1181,7,15,0,9,15,4,496,520,491,490
3488,3488000,33,56,0,1181,7,15,0,8,19,-2,495,521,491,491
3490,3490000,33,56,0,1181,7,15,0,9,21,0,494,520,491,492
3492,3492000,33,56,0,1181,7,15,0,11,19,-4,493,520,491,493
3494,3494000,33,55,0,1181,7,15,0,1,20,8,493,519,492,493
3496,3496000,33,55,0,1181,7,15,0,4,12,1,493,519,492,492
3498,3498000,33,55,0,1181,7,15,0,9,18,4,494,518,492,491
3500,3500000,33,55,0,1180,7,15,0,8,16,0,496,518,493,489
3502,3502000,33,55,0,1180,7,15,0,12,17,3,497,517,493,488
3504,3504000,32,54,0,1180,7,15,0,6,16,-1,498,517,493,487
3506,3506000,32,54,0,1180,7,15,0,9,12,-4,498,517,493,487
3508,3508000,32,54,0,1180,7,15,0,1,13,1,497,517,493,487
3510,3510000,32,54,0,1180,7,14,0,5,12,-1,496,517,493,489
3512,3512000,31,54,0,1180,7,14,0,10,10,2,494,517,492,490
3514,3514000,31,53,0,1180,7,14,0,5,22,1,493,518,491,490
3516,3516000,31,53,0,1180,7,14,0,13,13,1,493,518,490,491
3518,3518000,32,53,0,1180,7,14,0,6,15,-6,493,519,490,491
3520,3520000,32,53,0,1180,7,14,0,7,14,-3,493,519,489,491
3522,3522000,32,53,0,1180,7,14,0,1,14,3,493,518,490,490
3524,3524000,32,53,0,1180,7,14,0,2,17,0,493,518,490,490
3526,3526000,32,52,0,1180,7,14,0,7,12,-4,493,517,491,490
3528,3528000,31,52,0,1180,7,14,0,6,14,5,493,517,491,489
3530,3530000,31,52,0,1180,7,14,0,10,5,-2,494,517,491,489
3532,3532000,31,52,0,1180,7,14,0,8,12,-1,494,517,490,488
3534,3534000,31,52,0,1180,7,14,0,10,12,-1,495,517,490,488
3536,3536000,31,51,0,1180,7,13,0,11,10,-3,495,517,490,487
3538,3538000,31,51,0,1180,7,13,0,7,8,-5,495,516,491,487
3540,3540000,31,51,0,1180,7,13,0,12,15,-3,494,515,491,488
3542,3542000,30,51,0,1180,6,13,0,7,13,3,494,515,492,488
3544,3544000,30,51,0,1179,6,13,0,4,9,3,494,514,492,488
3546,3546000,30,51,0,1179,6,13,0,11,12,-2,493,515,492,488
3548,3548000,30,50,0,1179,6,13,0,10,21,7,493,515,491,488
3550,3550000,30,50,0,1179,6,13,0,5,10,0,493,516,490,488
3552,3552000,30,50,0,1179,6,13,0,5,9,4,492,517,489,489
3554,3554000,30,50,0,1179,6,13,0,7,13,-0,492,518,488,489
3556,3556000,30,50,0,1179,6,13,0,9,10,-4,491,518,487,490
3558,3558000,30,49,0,1179,6,13,0,5,10,-3,491,518,487,489
3560,3560000,30,49,0,1179,6,13,0,9,11,3,492,518,487,489
3562,3562000,30,49,0,1179,6,13,0,4,9,4,492,517,488,488
3564,3564000,30,49,0,1179,6,13,0,8,6,-7,493,516,489,487
3566,3566000,30,49,0,1179,6,12,0,13,11,1,493,514,491,487
3568,3568000,29,49,0,1179,6,12,0,11,14,-1,493,513,492,487
3570,3570000,29,48,0,1179,6,12,0,12,8,-1,493,512,492,487
3572,3572000,29,48,0,1179,6,12,0,8,16,3,493,513,492,486
3574,3574000,29,48,0,1179,6,12,0,11,13,-1,493,514,491,486
3576,3576000,28,48,0,1179,6,12,0,7,16,2,493,515,489,486
3578,3578000,28,48,0,1179,6,12,0,3,15,-1,493,516,488,487
3580,3580000,28,48,0,1179,6,12,0,4,7,-4,492,516,488,487
3582,3582000,28,47,0,1179,6,12,0,9,14,9,491,516,488,488
3584,3584000,28,47,0,1179,6,12,0,8,8,-3,491,516,488,488
3586,3586000,28,47,0,1179,6,12,0,-1,9,-2,491,515,488,488
3588,3588000,28,47,0,1179,6,12,0,-0,11,8,491,515,488,488
3590,3590000,28,47,0,1179,6,12,0,6,11,-4,491,515,488,487
3592,3592000,28,47,0,1179,6,12,0,8,12,5,491,515,488,487
3594,3594000,28,46,0,1179,6,12,0,-1,14,1,491,515,488,487
3596,3596000,28,46,0,1179,6,12,0,9,11,-6,491,515,488,487
3598,3598000,28,46,0,1179,6,12,0,7,17,2,491,514,489,487
3600,3600000,28,46,0,1179,6,12,0,8,9,-1,491,513,489,487
3602,3602000,28,46,0,1178,6,11,0,9,14,-0,491,513,489,487
3604,3604000,28,46,0,1178,6,11,0,7,16,6,492,513,490,486
3606,3606000,27,46,0,1178,6,11,0,11,11,-0,493,513,489,485
3608,3608000,27,45,0,1178,6,11,0,2,6,0,493,513,489,484
3610,3610000,27,45,0,1178,6,11,0,4,11,4,493,513,489,484
3612,3612000,27,45,0,1178,5,11,0,6,15,2,493,514,488,485
3614,3614000,27,45,0,1178,5,11,0,2,10,2,491,514,488,486
3616,3616000,27,45,0,1178,5,11,0,5,9,-3,490,514,488,487
3618,3618000,27,44,0,1178,5,11,0,7,12,-2,489,515,487,488
3620,3620000,27,44,0,1178,5,11,0,9,12,-0,489,515,487,488
3622,3622000,27,44,0,1178,6,11,0,9,16,-7,488,515,486,488
3624,3624000,27,44,0,1178,6,11,0,8,8,-3,489,515,486,488
3626,3626000,27,44,0,1178,6,11,0,3,12,5,489,515,487,487
3628,3628000,27,44,0,1178,6,11,0,8,6,-3,490,514,487,486
3630,3630000,27,44,0,1178,5,11,0,1,8,-3,491,513,488,485
3632,3632000,27,43,0,1178,5,11,0,5,9,2,492,513,488,485
3634,3634000,26,43,0,1178,5,11,0,6,15,-3,492,512,488,484
3636,3636000,26,43,0,1178,5,10,0,5,8,-3,492,512,488,484
3638,3638000,26,43,0,1178,5,10,0,-1,11,1,492,512,488,484
3640,3640000,26,43,0,1178,5,10,0,8,9,-4,491,512,488,485
3642,3642000,26,43,0,1178,5,10,0,10,14,6,490,512,488,486
3644,3644000,26,43,0,1178,5,10,0,3,7,-1,490,512,488,486
3646,3646000,26,43,0,1178,5,10,0,8,11,2,489,513,488,487
3648,3648000,26,42,0,1178,5,10,0,1,4,-1,490,513,487,486
3650,3650000,26,42,0,1178,5,10,0,6,11,-4,490,514,487,486
3652,3652000,25,42,0,1178,5,10,0,5,11,3,490,514,486,486
3654,3654000,25,42,0,1178,5,10,0,1,9,3,490,514,486,486
3656,3656000,25,42,0,1178,5,10,0,8,15,-1,489,514,486,486
3658,3658000,25,42,0,1178,5,10,0,2,3,2,489,513,487,487
3660,3660000,25,41,0,1178,5,10,0,7,13,-1,489,513,487,487
3662,3662000,25,41,0,1178,5,10,0,4,6,-5,489,513,487,486
3664,3664000,25,41,0,1178,5,10,0,7,10,-4,490,513,486,486
3666,3666000,25,41,0,1178,5,10,0,5,5,-3,490,513,487,485
3668,3668000,25,41,0,1178,5,10,0,5,7,-0,491,513,487,484
3670,3670000,25,41,0,1178,5,10,0,0,10,-5,491,512,488,484
3672,3672000,25,41,0,1178,5,10,0,0,11,2,491,511,489,484
3674,3674000,25,41,0,1178,5,10,0,3,8,1,490,510,489,484
3676,3676000,24,40,0,1178,5,10,0,2,3,4,490,510,489,485
3678,3678000,24,40,0,1178,5,10,0,3,6,0,490,511,488,485
3680,3680000,24,40,0,1178,5,10,0,8,14,5,489,512,487,485
3682,3682000,24,40,0,1178,5,9,0,1,4,-2,489,514,485,485
3684,3684000,24,40,0,1178,5,9,0,5,10,-2,489,514,485,486
3686,3686000,24,40,0,1178,5,9,0,-1,8,-1,488,515,484,486
3688,3688000,24,39,0,1178,5,9,0,7,9,-2,488,514,485,486
3690,3690000,24,39,0,1178,5,9,0,7,8,-5,488,513,486,486
3692,3692000,24,39,0,1177,5,9,0,3,9,3,488,512,486,486
3694,3694000,24,39,0,1177,5,9,0,4,10,-2,489,512,487,485
3696,3696000,24,39,0,1177,5,9,0,7,6,-6,490,511,487,485
3698,3698000,24,39,0,1177,5,9,0,3,9,-1,490,511,487,484
3700,3700000,24,39,0,1177,5,9,0,4,4,2,490,511,487,484
3702,3702000,24,39,0,1177,5,9,0,2,9,4,490,511,487,484
3704,3704000,24,39,0,1177,5,9,0,-2,8,-0,490,511,487,484
3706,3706000,23,38,0,1177,5,9,0,-1,3,1,490,512,487,484
3708,3708000,23,38,0,1177,5,9,0,1,5,-5,490,512,486,484
3710,3710000,23,38,0,1177,5,9,0,7,4,-4,489,512,486,484
3712,3712000,23,38,0,1177,5,9,0,4,8,-3,489,512,486,484
3714,3714000,23,38,0,1177,5,9,0,8,12,2,489,512,486,485
3716,3716000,23,38,0,1177,4,9,0,2,6,2,489,512,487,485
3718,3718000,23,38,0,1177,4,9,0,2,4,2,488,512,486,485
3720,3720000,23,38,0,1177,4,9,0,-1,9,3,488,512,486,486
3722,3722000,23,37,0,1177,4,9,0,5,9,-8,488,513,485,486
3724,3724000,23,37,0,1177,4,9,0,8,11,3,488,513,485,485
3726,3726000,23,37,0,1177,5,9,0,5,7,-2,488,513,485,485
3728,3728000,23,37,0,1177,5,8,0,2,9,-4,488,513,485,485
3730,3730000,23,37,0,1177,5,8,0,7,10,-3,488,512,486,485
3732,3732000,23,37,0,1177,4,8,0,-3,3,-0,489,511,487,485
3734,3734000,23,37,0,1177,4,8,0,-1,5,4,489,510,487,484
3736,3736000,23,37,0,1177,4,8,0,5,5,6,490,510,488,484
3738,3738000,22,36,0,1177,4,8,0,10,10,-0,490,510,487,483
3740,3740000,22,36,0,1177,4,8,0,2,9,4,491,511,487,483
3742,3742000,22,36,0,1177,4,8,0,0,11,8,490,511,486,483
3744,3744000,22,36,0,1177,4,8,0,-3,4,9,489,512,486,484
3746,3746000,22,36,0,1177,4,8,0,2,8,4,488,512,486,485
3748,3748000,22,36,0,1177,4,8,0,0,9,-2,487,512,486,486
3750,3750000,22,36,0,1177,4,8,0,2,13,2,487,512,486,486
3752,3752000,22,36,0,1177,4,8,0,9,12,-3,487,512,485,486
3754,3754000,22,36,0,1177,4,8,0,5,3,3,487,512,485,485
3756,3756000,22,35,0,1177,4,8,0,1,7,-4,488,512,485,484
3758,3758000,22,35,0,1177,4,8,0,6,4,-0,489,512,485,484
3760,3760000,22,35,0,1177,4,8,0,2,2,-1,489,512,485,484
3762,3762000,22,35,0,1177,4,8,0,-1,3,6,489,511,486,484
3764,3764000,22,35,0,1177,4,8,0,2,7,4,489,511,487,484
3766,3766000,22,35,0,1177,4,8,0,11,7,-8,488,510,487,484
3768,3768000,21,35,0,1177,4,8,0,8,9,-0,488,511,487,484
3770,3770000,21,35,0,1177,4,8,0,3,16,0,488,511,486,484
3772,3772000,21,35,0,1177,4,8,0,4,10,-3,489,511,486,484
3774,3774000,21,34,0,1177,4,8,0,2,12,5,489,511,486,484
3776,3776000,21,34,0,1177,4,8,0,6,5,-1,489,511,486,484
3778,3778000,21,34,0,1177,4,8,0,2,10,4,489,511,486,484
3780,3780000,21,34,0,1177,4,8,0,2,8,1,489,511,486,484
3782,3782000,21,34,0,1177,4,8,0,3,6,1,488,511,486,484
3784,3784000,21,34,0,1177,4,7,0,1,5,-1,488,512,485,484
3786,3786000,21,34,0,1177,4,7,0,5,7,-2,488,512,485,485
3788,3788000,21,34,0,1177,4,7,0,-3,1,-0,487,512,485,485
3790,3790000,21,34,0,1177,4,7,0,7,13,5,487,512,485,486
3792,3792000,21,33,0,1177,4,7,0,3,5,-1,487,512,485,485
3794,3794000,21,33,0,1177,4,7,0,4,10,7,487,511,485,485
3796,3796000,21,33,0,1177,4,7,0,3,5,4,488,511,486,484
3798,3798000,21,33,0,1177,4,7,0,3,11,-1,489,511,486,483
3800,3800000,21,33,0,1177,4,7,0,2,9,-3,489,511,486,483
3802,3802000,20,33,0,1177,4,7,0,2,6,-2,490,510,487,483
3804,3804000,20,33,0,1177,4,7,0,3,9,2,489,510,487,483
3806,3806000,20,33,0,1177,4,7,0,-1,7,2,489,510,487,484
3808,3808000,20,33,0,1177,4,7,0,1,7,0,488,510,487,484
3810,3810000,20,33,0,1177,4,7,0,6,3,-1,488,511,486,485
3812,3812000,20,32,0,1177,4,7,0,5,6,1,488,512,485,485
3814,3814000,20,32,0,1177,4,7,0,2,9,3,488,512,485,484
3816,3816000,20,32,0,1177,4,7,0,2,1,-3,488,512,484,484
3818,3818000,20,32,0,1177,4,7,0,1,6,-2,488,512,485,484
3820,3820000,20,32,0,1177,4,7,0,5,4,-5,487,511,485,485
3822,3822000,20,32,0,1177,4,7,0,-1,8,1,487,511,486,485
3824,3824000,20,32,0,1177,4,7,0,7,5,-3,487,510,486,485
3826,3826000,20,32,0,1177,4,7,0,10,5,-0,488,511,486,485
3828,3828000,20,32,0,1177,4,7,0,6,8,-1,488,511,486,484
3830,3830000,20,31,0,1177,4,7,0,8,9,-2,488,512,485,484
3832,3832000,20,31,0,1177,4,7,0,7,5,-1,489,512,485,483
3834,3834000,20,31,0,1177,4,7,0,4,4,-4,489,512,485,483
3836,3836000,19,31,0,1177,4,7,0,7,10,-1,488,511,486,484
3838,3838000,19,31,0,1177,4,7,0,7,8,0,488,510,487,484
3840,3840000,19,31,0,1177,4,7,0,3,11,1,488,510,487,484
3842,3842000,19,31,0,1177,4,7,0,4,7,2,488,510,487,484
3844,3844000,19,31,0,1177,4,7,0,4,8,0,488,510,487,484
3846,3846000,19,31,0,1177,4,7,0,4,7,5,488,511,486,484
3848,3848000,19,31,0,1177,3,7,0,2,6,5,488,511,485,484
3850,3850000,19,30,0,1177,3,6,0,-0,2,3,488,512,485,484
3852,3852000,19,30,0,1177,3,6,0,3,5,0,487,512,485,485
3854,3854000,19,30,0,1177,4,6,0,0,10,5,487,512,485,485
3856,3856000,19,30,0,1177,4,6,0,-0,3,1,487,512,485,485
3858,3858000,19,30,0,1177,4,6,0,4,6,-8,487,512,485,485
3860,3860000,19,30,0,1177,4,6,0,4,8,-1,488,511,485,484
3862,3862000,19,30,0,1177,4,6,0,4,8,-2,488,511,486,484
3864,3864000,19,30,0,1177,3,6,0,5,7,1,488,510,487,484
3866,3866000,19,30,0,1177,3,6,0,7,4,3,488,510,487,484
3868,3868000,19,30,0,1177,3,6,0,2,7,-1,488,510,487,484
3870,3870000,18,30,0,1177,3,6,0,1,-0,-2,488,510,487,484
3872,3872000,18,29,0,1177,3,6,0,2,5,-7,489,511,486,484
3874,3874000,18,29,0,1177,3,6,0,5,2,-1,488,511,485,484
3876,3876000,18,29,0,1177,3,6,0,4,4,0,488,512,485,484
3878,3878000,18,29,0,1177,3,6,0,2,6,1,488,511,485,484
3880,3880000,18,29,0,1177,3,6,0,4,11,4,487,511,486,485
3882,3882000,18,29,0,1177,3,6,0,-3,4,1,487,511,486,485
3884,3884000,18,29,0,1177,3,6,0,7,5,1,488,511,486,484
3886,3886000,18,29,0,1177,3,6,0,5,9,2,488,511,486,484
3888,3888000,18,29,0,1177,3,6,0,7,6,1,488,512,485,484
3890,3890000,18,29,0,1177,3,6,0,2,10,3,488,512,485,484
3892,3892000,18,28,0,1177,3,6,0,8,5,1,488,512,485,484
3894,3894000,18,28,0,1177,3,6,0,0,6,2,487,511,486,485
3896,3896000,18,28,0,1177,3,6,0,6,5,-2,487,511,486,485
3898,3898000,18,28,0,1177,3,6,0,4,12,3,487,511,486,485
3900,3900000,18,28,0,1177,3,6,0,-3,5,6,487,511,486,485
3902,3902000,18,28,0,1177,3,6,0,-2,6,-0,488,511,486,484
3904,3904000,18,28,0,1177,3,6,0,4,3,3,489,511,486,483
3906,3906000,18,28,0,1177,3,6,0,7,1,-5,490,511,486,483
3908,3908000,17,28,0,1177,3,6,0,1,10,3,489,511,486,483
3910,3910000,17,28,0,1177,3,6,0,8,6,-2,489,511,486,483
3912,3912000,17,28,0,1177,3,6,0,6,10,4,488,511,487,484
3914,3914000,17,28,0,1177,3,6,0,-4,3,-1,487,511,487,485
3916,3916000,17,28,0,1177,3,6,0,7,5,-4,487,511,486,485
3918,3918000,17,27,0,1177,3,6,0,-1,0,0,487,512,486,485
3920,3920000,17,27,0,1177,3,6,0,4,2,-1,487,512,485,485
3922,3922000,17,27,0,1177,3,6,0,7,8,-1,488,512,485,485
3924,3924000,17,27,0,1177,3,6,0,5,11,1,488,512,485,484
3926,3926000,17,27,0,1177,3,6,0,11,12,4,488,512,486,484
3928,3928000,17,27,0,1177,3,6,0,6,8,1,488,511,486,484
3930,3930000,17,27,0,1177,3,6,0,7,6,-7,488,511,486,484
3932,3932000,17,27,0,1177,3,5,0,3,6,-5,489,511,486,484
3934,3934000,17,27,0,1177,3,5,0,-1,1,-1,489,511,486,484
3936,3936000,17,27,0,1177,3,5,0,1,4,-6,488,511,486,484
3938,3938000,17,27,0,1177,3,5,0,4,4,-2,488,511,486,485
3940,3940000,17,26,0,1177,3,5,0,3,6,-2,488,511,486,485
3942,3942000,17,26,0,1177,3,5,0,3,12,6,488,511,486,485
3944,3944000,17,26,0,1177,3,5,0,-0,5,4,488,511,486,485
3946,3946000,17,26,0,1177,3,5,0,2,3,1,488,511,486,484
3948,3948000,16,26,0,1177,3,5,0,1,2,-1,488,511,486,484
3950,3950000,16,26,0,1177,3,5,0,2,10,1,489,511,486,484
3952,3952000,16,26,0,1177,3,5,0,-2,5,3,488,511,486,484
3954,3954000,16,26,0,1177,3,5,0,3,7,2,488,511,486,485
3956,3956000,16,26,0,1177,3,5,0,1,2,-0,488,512,486,485
3958,3958000,16,26,0,1177,3,5,0,3,4,-5,488,512,486,485
3960,3960000,16,26,0,1177,3,5,0,8,9,-1,488,512,486,485
3962,3962000,16,26,0,1177,3,5,0,8,7,-2,488,513,485,485
3964,3964000,16,25,0,1177,3,5,0,4,5,2,488,512,485,484
3966,3966000,16,25,0,1177,3,5,0,2,7,2,488,512,486,484
3968,3968000,16,25,0,1177,3,5,0,3,10,-0,488,511,487,485
3970,3970000,16,25,0,1177,3,5,0,4,4,2,488,510,488,485
3972,3972000,16,25,0,1177,3,5,0,4,2,1,488,510,488,485
3974,3974000,16,25,0,1177,3,5,0,1,-3,-2,488,511,488,485
3976,3976000,16,25,0,1177,3,5,0,-1,3,2,489,511,487,484
3978,3978000,16,25,0,1177,3,5,0,1,6,1,489,512,486,484
3980,3980000,16,25,0,1177,3,5,0,6,8,7,489,513,485,484
3982,3982000,16,25,0,1177,3,5,0,6,10,-2,489,513,485,484
3984,3984000,16,25,0,1177,3,5,0,3,6,-6,488,512,486,485
3986,3986000,16,25,0,1177,3,5,0,7,5,2,488,512,486,485
3988,3988000,16,25,0,1177,3,5,0,-3,2,-0,488,511,487,485
3990,3990000,16,25,0,1177,3,5,0,5,5,-3,488,511,487,485
3992,3992000,16,25,0,1177,3,5,0,6,6,1,488,511,487,485
3994,3994000,16,24,0,1177,3,5,0,4,5,-0,488,512,487,485
3996,3996000,15,24,0,1177,3,5,0,4,4,-0,489,512,487,485
3998,3998000,15,24,0,1177,3,5,0,1,6,-3,489,512,486,485
4000,4000000,15,24,0,1177,3,5,0,5,10,2,488,512,486,485
4002,4002000,15,24,0,1177,3,5,0,2,4,-0,488,512,486,485
4004,4004000,15,24,0,1177,3,5,0,-2,2,4,488,512,486,485
4006,4006000,15,24,0,1177,3,5,0,4,-2,6,489,512,486,485
4008,4008000,15,24,0,1177,3,5,0,4,10,7,489,512,487,484
4010,4010000,15,24,0,1177,3,5,0,4,7,0,489,512,487,484
4012,4012000,15,24,0,1177,3,5,0,11,3,-1,489,512,487,484
4014,4014000,15,24,0,1177,3,5,0,4,1,-4,489,511,487,485
4016,4016000,15,24,0,1177,3,5,0,3,1,2,489,511,488,485
4018,4018000,15,24,0,1177,3,5,0,6,3,-2,488,512,488,485
4020,4020000,15,23,0,1177,3,5,0,5,8,2,488,512,487,485
4022,4022000,15,23,0,1177,3,5,0,2,7,0,488,512,487,485
4024,4024000,15,23,0,1177,3,5,0,6,1,-1,488,513,487,486
4026,4026000,15,23,0,1177,3,5,0,4,6,-0,488,513,486,486
4028,4028000,15,23,0,1178,3,5,0,8,12,-2,488,513,487,486
4030,4030000,15,23,0,1178,3,5,0,3,7,4,488,512,487,486
4032,4032000,15,23,0,1178,3,5,0,9,7,2,489,512,487,485
4034,4034000,15,23,0,1178,3,4,0,7,2,-1,489,513,487,485
4036,4036000,15,23,0,1178,3,4,0,-2,6,1,490,513,487,484
4038,4038000,15,23,0,1178,3,4,0,-0,10,4,490,513,487,484
4040,4040000,15,23,0,1178,3,4,0,5,3,2,489,513,487,485
4042,4042000,15,23,0,1178,3,4,0,-0,11,2,489,512,488,485
4044,4044000,14,23,0,1178,3,4,0,1,1,-0,488,512,488,486
4046,4046000,14,23,0,1178,3,4,0,8,8,-1,488,511,488,487
4048,4048000,14,23,0,1178,3,4,0,-4,6,0,488,512,488,486
4050,4050000,14,23,0,1178,3,4,0,-0,5,1,489,512,488,486
4052,4052000,14,22,0,1178,2,4,0,-0,9,1,490,513,487,485
4054,4054000,14,22,0,1178,2,4,0,12,3,-2,490,513,487,484
4056,4056000,14,22,0,1178,2,4,0,-2,4,-1,490,513,487,484
4058,4058000,14,22,0,1178,2,4,0,-0,7,3,490,513,487,485
4060,4060000,14,22,0,1178,2,4,0,-3,2,4,489,513,487,485
4062,4062000,14,22,0,1178,2,4,0,-5,7,0,488,513,487,486
4064,4064000,14,22,0,1178,2,4,0,5,2,-6,488,513,487,486
4066,4066000,14,22,0,1178,2,4,0,-1,4,1,488,513,487,486
4068,4068000,14,22,0,1178,2,4,0,1,-4,-2,488,513,487,486
4070,4070000,14,22,0,1178,2,4,0,3,1,-5,489,513,487,486
4072,4072000,14,22,0,1178,2,4,0,1,1,-7,489,513,488,486
4074,4074000,14,22,0,1178,2,4,0,1,0,1,489,512,488,486
4076,4076000,14,22,0,1178,2,4,0,-0,-1,-4,489,512,488,485
4078,4078000,14,22,0,1178,2,4,0,2,6,1,490,512,488,485
4080,4080000,14,22,0,1178,2,4,0,3,9,-2,490,512,488,485
4082,4082000,14,21,0,1178,2,4,0,2,8,2,490,513,488,485
4084,4084000,14,21,0,1178,2,4,0,-2,-0,-2,490,513,487,485
4086,4086000,14,21,0,1178,2,4,0,3,0,2,490,514,487,485
4088,4088000,14,21,0,1178,2,4,0,4,-2,-2,489,514,487,486
4090,4090000,14,21,0,1178,2,4,0,4,2,-4,489,513,487,486
4092,4092000,14,21,0,1178,2,4,0,-1,2,0,489,513,488,487
4094,4094000,14,21,0,1178,2,4,0,3,4,4,489,513,488,487
4096,4096000,14,21,0,1178,2,4,0,3,3,-0,489,513,488,487
4098,4098000,14,21,0,1178,2,4,0,2,-1,-2,489,513,488,486
4100,4100000,14,21,0,1178,2,4,0,0,1,-3,489,513,488,486
4102,4102000,14,21,0,1178,2,4,0,5,10,-5,489,513,488,486
4104,4104000,13,21,0,1178,2,4,0,3,11,-1,489,513,488,486
4106,4106000,13,21,0,1178,2,4,0,7,8,1,490,514,488,486
4108,4108000,13,21,0,1178,2,4,0,5,5,-1,490,514,487,485
4110,4110000,13,20,0,1178,2,4,0,-2,3,4,491,514,487,485
4112,4112000,13,20,0,1178,2,4,0,5,7,-3,491,514,487,485
4114,4114000,13,20,0,1178,2,4,0,4,-2,-2,491,514,488,485
4116,4116000,13,20,0,1178,2,4,0,3,1,0,490,513,489,486
4118,4118000,13,20,0,1178,2,4,0,3,0,-1,489,512,489,486
4120,4120000,13,20,0,1178,2,4,0,5,8,4,489,512,490,487
4122,4122000,13,20,0,1178,2,4,0,-2,2,2,489,512,490,487
4124,4124000,13,20,0,1178,2,4,0,-2,4,-4,489,513,489,487
4126,4126000,13,20,0,1178,2,4,0,4,-2,-6,490,514,488,486
4128,4128000,13,20,0,1178,2,4,0,-3,1,-1,490,515,487,486
4130,4130000,13,20,0,1178,2,4,0,1,-3,-3,490,515,487,486
4132,4132000,13,20,0,1178,2,4,0,2,-1,-7,490,515,487,486
4134,4134000,13,20,0,1178,2,4,0,3,3,-2,489,515,488,487
4136,4136000,13,20,0,1178,2,4,0,5,6,4,490,514,488,487
4138,4138000,13,20,0,1178,2,4,0,6,7,-5,490,514,489,487
4140,4140000,13,20,0,1178,2,4,0,4,4,-6,490,513,489,486
4142,4142000,13,19,0,1178,2,4,0,1,1,-1,491,513,489,486
4144,4144000,13,19,0,1178,2,4,0,1,4,2,491,513,489,486
4146,4146000,13,19,0,1178,2,4,0,2,6,3,491,513,489,486
4148,4148000,13,19,0,1178,2,4,0,8,9,-3,490,513,490,486
4150,4150000,12,19,0,1178,2,4,0,5,1,8,490,513,490,487
4152,4152000,12,19,0,1178,2,4,0,-1,5,5,490,513,490,487
4154,4154000,12,19,0,1178,2,4,0,3,-2,0,490,514,489,487
4156,4156000,12,19,0,1178,2,4,0,4,-4,0,490,515,488,487
4158,4158000,12,19,0,1178,2,4,0,-2,2,1,491,515,488,486
4160,4160000,12,19,0,1178,2,4,0,0,8,-1,491,515,488,486
4162,4162000,12,19,0,1178,2,3,0,3,5,3,491,515,488,486
4164,4164000,12,19,0,1178,2,3,0,5,6,-2,490,515,488,487
4166,4166000,12,19,0,1178,2,3,0,-4,5,-1,490,515,488,487
4168,4168000,12,19,0,1178,2,3,0,-4,2,4,490,514,489,487
4170,4170000,12,19,0,1178,2,3,0,-1,1,-5,490,514,489,488
4172,4172000,12,19,0,1179,2,3,0,7,8,-1,490,514,489,488
4174,4174000,12,19,0,1179,2,3,0,7,7,4,490,514,490,487
4176,4176000,12,19,0,1179,2,3,0,-3,4,7,490,514,490,487
4178,4178000,12,19,0,1179,2,3,0,3,6,2,490,514,490,487
4180,4180000,12,19,0,1179,2,3,0,5,5,-1,491,514,490,486
4182,4182000,12,19,0,1179,2,3,0,0,-1,1,492,514,490,486
4184,4184000,12,18,0,1179,2,3,0,3,4,1,492,515,489,485
4186,4186000,12,18,0,1179,2,3,0,-1,6,-0,492,515,489,485
4188,4188000,12,18,0,1179,2,3,0,5,5,0,492,515,489,486
4190,4190000,12,18,0,1179,2,3,0,2,6,-3,491,515,489,487
4192,4192000,12,18,0,1179,2,3,0,2,6,1,490,515,489,488
4194,4194000,12,18,0,1179,2,3,0,4,2,-3,489,515,490,489
4196,4196000,12,18,0,1179,2,3,0,3,3,-4,489,515,490,489
4198,4198000,12,18,0,1179,2,3,0,-0,2,7,489,515,489,489
4200,4200000,12,18,0,1179,2,3,0,-0,2,3,490,515,489,488
4202,4202000,12,18,0,1179,2,3,0,-5,4,1,491,516,489,487
4204,4204000,12,18,0,1179,2,3,0,-2,3,4,491,515,489,487
4206,4206000,12,18,0,1179,2,3,0,5,3,-4,492,515,490,487
4208,4208000,12,18,0,1179,2,3,0,-2,-3,1,492,515,490,487
4210,4210000,12,18,0,1179,2,3,0,-2,1,5,492,514,490,487
4212,4212000,12,18,0,1179,2,3,0,5,8,-2,492,515,490,487
4214,4214000,12,17,0,1179,2,3,0,3,-3,-3,492,515,490,486
4216,4216000,11,17,0,1179,2,3,0,-1,2,-1,492,515,490,486
4218,4218000,11,17,0,1179,2,3,0,7,2,1,492,515,490,486
4220,4220000,11,17,0,1179,2,3,0,-0,1,5,491,515,490,487
4222,4222000,11,17,0,1179,2,3,0,5,5,3,491,515,490,488
4224,4224000,11,17,0,1179,2,3,0,-1,-1,-3,490,515,491,489
4226,4226000,11,17,0,1179,2,3,0,8,10,3,490,515,491,489
4228,4228000,11,17,0,1179,2,3,0,-1,2,-1,490,515,490,489
4230,4230000,11,17,0,1179,2,3,0,4,-1,-2,490,516,489,489
4232,4232000,11,17,0,1179,2,3,0,6,3,-5,491,517,489,488
4234,4234000,11,17,0,1179,2,3,0,6,-1,-8,491,517,488,488
4236,4236000,12,17,0,1179,2,3,0,-1,1,3,492,517,489,487
4238,4238000,12,17,0,1179,2,3,0,-1,9,5,492,517,489,487
4240,4240000,11,17,0,1179,2,3,0,1,2,-0,492,516,490,487
4242,4242000,11,17,0,1179,2,3,0,-1,1,-2,492,515,491,487
4244,4244000,11,17,0,1179,2,3,0,2,-1,-5,492,515,491,487
4246,4246000,11,17,0,1179,2,3,0,-3,2,3,492,514,492,487
4248,4248000,11,17,0,1179,2,3,0,3,7,2,492,514,492,488
4250,4250000,11,17,0,1179,2,3,0,1,3,3,492,514,492,488
4252,4252000,11,17,0,1179,2,3,0,-1,3,2,491,515,492,488
4254,4254000,11,17,0,1179,2,3,0,-2,3,1,491,515,491,488
4256,4256000,11,17,0,1179,2,3,0,2,-2,-1,491,516,490,488
4258,4258000,11,17,0,1179,2,3,0,-2,-0,-4,492,517,489,488
4260,4260000,11,16,0,1179,2,3,0,-3,-5,0,492,518,489,488
4262,4262000,11,16,0,1179,2,3,0,-2,-0,8,492,518,489,488
4264,4264000,11,16,0,1179,2,3,0,-4,1,-1,492,518,489,488
4266,4266000,11,16,0,1179,2,3,0,0,-1,1,491,517,490,489
4268,4268000,11,16,0,1179,2,3,0,-0,3,-4,491,516,491,489
4270,4270000,11,16,0,1179,2,3,0,4,7,6,491,516,491,489
4272,4272000,11,16,0,1179,2,3,0,-3,1,4,491,515,492,489
4274,4274000,11,16,0,1179,2,3,0,5,5,2,492,515,492,488
4276,4276000,11,16,0,1179,2,3,0,5,-0,3,492,516,492,488
4278,4278000,11,16,0,1179,2,3,0,2,-2,-4,493,516,492,488
4280,4280000,11,16,0,1179,2,3,0,-3,3,1,493,516,492,488
4282,4282000,10,16,0,1179,2,3,0,3,2,2,493,516,492,488
4284,4284000,10,16,0,1179,2,3,0,4,8,-1,492,516,492,488
4286,4286000,10,16,0,1179,2,3,0,3,6,-3,493,516,491,488
4288,4288000,10,16,0,1180,2,3,0,2,-2,0,493,517,491,488
4290,4290000,10,16,0,1180,2,3,0,1,0,7,493,518,490,488
4292,4292000,10,15,0,1180,2,3,0,5,4,-4,493,518,490,488
4294,4294000,10,15,0,1180,2,3,0,1,5,7,492,518,490,489
4296,4296000,10,15,0,1180,2,3,0,0,-0,1,491,518,490,490
4298,4298000,11,15,0,1180,2,3,0,3,4,7,490,517,491,490
4300,4300000,11,15,0,1180,2,3,0,6,8,0,490,516,492,491
4302,4302000,11,15,0,1180,2,3,0,-5,0,6,491,516,492,490
4304,4304000,11,15,0,1180,2,3,0,4,0,-2,491,516,492,490
4306,4306000,11,15,0,1180,2,3,0,-1,3,-1,493,517,492,488
4308,4308000,10,15,0,1180,2,3,0,3,4,3,494,517,492,487
4310,4310000,10,15,0,1180,2,3,0,-3,-0,5,494,517,492,487
4312,4312000,10,15,0,1180,2,3,0,-1,-4,-0,494,517,492,487
4314,4314000,10,15,0,1180,2,3,0,9,3,-1,494,517,492,487
4316,4316000,10,15,0,1180,2,3,0,1,1,4,494,517,492,487
4318,4318000,10,15,0,1180,2,3,0,4,9,3,493,517,492,488
4320,4320000,10,15,0,1180,2,3,0,2,7,4,493,517,492,489
4322,4322000,10,15,0,1180,2,3,0,-3,1,6,492,517,492,490
4324,4324000,10,15,0,1180,2,3,0,3,2,-3,491,517,492,490
4326,4326000,10,15,0,1180,2,3,0,-1,-3,-3,491,517,492,491
4328,4328000,10,15,0,1180,2,3,0,3,7,-0,491,518,492,491
4330,4330000,10,15,0,1180,2,3,0,3,-0,-4,491,518,491,490
4332,4332000,10,15,0,1180,2,3,0,4,3,3,492,519,491,490
4334,4334000,10,15,0,1180,2,3,0,6,0,-0,493,519,491,489
4336,4336000,10,15,0,1180,2,3,0,-1,5,1,494,519,491,488
4338,4338000,10,14,0,1180,2,3,0,-1,6,1,494,518,491,488
4340,4340000,10,14,0,1180,2,3,0,-6,-3,-4,494,518,492,488
4342,4342000,10,14,0,1180,2,2,0,-1,4,5,494,517,493,488
4344,4344000,10,14,0,1180,2,2,0,5,3,-6,494,517,493,488
4346,4346000,10,14,0,1180,2,2,0,-3,-0,-2,494,516,493,488
4348,4348000,10,14,0,1180,2,2,0,0,6,6,494,517,493,488
4350,4350000,9,14,0,1180,2,2,0,7,7,-2,494,517,493,489
4352,4352000,9,14,0,1180,2,2,0,9,1,5,493,517,493,489
4354,4354000,9,14,0,1180,2,2,0,2,1,1,493,517,493,490
4356,4356000,9,14,0,1180,2,2,0,-1,1,-4,492,518,493,490
4358,4358000,9,14,0,1180,2,2,0,5,3,4,492,518,492,491
4360,4360000,10,14,0,1180,2,2,0,-4,-3,2,492,519,492,491
4362,4362000,10,14,0,1180,2,2,0,-1,-3,2,493,520,491,490
4364,4364000,10,14,0,1180,2,2,0,-3,-2,-2,493,520,490,490
4366,4366000,10,14,0,1180,2,2,0,-2,3,3,494,520,490,489
4368,4368000,10,14,0,1180,2,2,0,2,6,2,494,520,491,489
4370,4370000,10,14,0,1180,2,2,0,4,4,-6,494,519,492,489
4372,4372000,10,14,0,1180,2,2,0,3,1,-8,493,518,493,490
4374,4374000,10,14,0,1180,2,2,0,3,5,-2,493,517,495,490
4376,4376000,10,14,0,1180,2,2,0,7,3,-2,493,516,495,490
4378,4378000,9,14,0,1180,2,2,0,3,8,2,494,516,495,490
4380,4380000,9,14,0,1180,1,2,0,-1,-0,-3,494,517,494,489
4382,4382000,9,14,0,1180,1,2,0,1,6,4,495,518,494,489
4384,4384000,9,14,0,1180,1,2,0,6,2,-6,495,518,493,489
4386,4386000,9,14,0,1180,1,2,0,-0,4,1,495,519,492,489
4388,4388000,9,13,0,1180,1,2,0,-4,9,-2,494,520,492,489
4390,4390000,9,13,0,1180,1,2,0,1,8,1,494,520,492,490
4392,4392000,9,13,0,1180,1,2,0,1,4,-1,493,520,492,490
4394,4394000,9,13,0,1180,1,2,0,2,-1,5,493,520,492,491
4396,4396000,9,13,0,1181,2,2,0,2,1,2,493,520,492,491
4398,4398000,9,13,0,1181,2,2,0,-4,7,3,492,520,492,491
4400,4400000,9,13,0,1181,2,2,0,4,1,-4,492,519,493,492
4402,4402000,9,13,0,1181,2,2,0,-3,4,8,493,518,494,491
4404,4404000,9,13,0,1181,2,2,0,0,-2,-4,493,518,494,491
4406,4406000,9,13,0,1181,2,2,0,1,-1,4,494,518,494,490
4408,4408000,9,13,0,1181,2,2,0,2,4,-4,495,518,494,489
4410,4410000,9,13,0,1181,1,2,0,-1,2,1,496,518,494,489
4412,4412000,9,13,0,1181,1,2,0,3,-4,2,496,519,494,488
4414,4414000,9,13,0,1181,1,2,0,2,4,-6,496,519,494,488
4416,4416000,9,13,0,1181,1,2,0,2,-0,1,496,519,494,489
4418,4418000,9,13,0,1181,1,2,0,7,3,0,495,519,494,489
4420,4420000,9,13,0,1181,1,2,0,3,2,-1,495,520,493,490
4422,4422000,9,13,0,1181,1,2,0,6,5,4,494,520,493,490
4424,4424000,9,12,0,1181,1,2,0,-2,5,1,494,520,493,491
4426,4426000,9,12,0,1181,1,2,0,4,-1,-4,493,520,493,492
4428,4428000,9,13,0,1181,1,2,0,2,1,-0,493,520,493,492
4430,4430000,9,13,0,1181,1,2,0,5,2,-1,492,519,494,493
4432,4432000,9,13,0,1181,1,2,0,3,6,-2,492,519,494,493
4434,4434000,9,13,0,1181,1,2,0,-0,5,3,493,520,494,492
4436,4436000,9,13,0,1181,1,2,0,-1,5,4,494,520,494,491
4438,4438000,9,12,0,1181,1,2,0,2,1,-3,496,521,493,489
4440,4440000,9,12,0,1181,1,2,0,7,2,-1,497,521,493,488
4442,4442000,9,12,0,1181,1,2,0,1,0,-4,497,520,493,488
4444,4444000,9,12,0,1181,1,2,0,4,4,-2,497,520,494,488
4446,4446000,9,12,0,1181,1,2,0,-2,8,-1,496,519,495,489
4448,4448000,8,12,0,1181,1,2,0,-2,6,7,495,518,496,490
4450,4450000,8,12,0,1181,1,2,0,-1,2,7,494,518,496,491
4452,4452000,8,12,0,1181,1,2,0,2,1,-1,494,518,496,492
4454,4454000,8,12,0,1181,1,2,0,6,8,0,494,519,495,492
4456,4456000,8,12,0,1181,1,2,0,3,1,1,494,520,494,492
4458,4458000,8,12,0,1181,1,2,0,2,1,-2,494,521,493,492
4460,4460000,8,12,0,1181,1,2,0,3,1,-1,494,522,493,492
4462,4462000,9,12,0,1181,1,2,0,1,5,4,494,522,493,492
4464,4464000,9,12,0,1181,1,2,0,-5,-2,4,494,522,493,492
4466,4466000,9,12,0,1181,1,2,0,-0,-0,2,495,522,493,491
4468,4468000,9,12,0,1181,1,2,0,-6,8,3,495,522,493,491
4470,4470000,9,12,0,1181,1,2,0,3,5,-4,496,521,494,490
4472,4472000,9,12,0,1181,1,2,0,-5,0,3,496,520,495,490
4474,4474000,9,11,0,1181,1,2,0,1,3,-3,496,519,496,490
4476,4476000,8,12,0,1181,1,2,0,4,1,2,496,519,496,491
4478,4478000,8,12,0,1181,1,2,0,-1,0,3,496,518,497,491
4480,4480000,8,12,0,1181,1,2,0,-2,-2,4,496,518,497,491
4482,4482000,8,12,0,1181,1,2,0,-2,4,0,496,519,496,491
4484,4484000,8,12,0,1181,1,2,0,2,-0,1,496,520,496,491
4486,4486000,8,12,0,1181,1,2,0,-3,4,5,496,521,495,491
4488,4488000,8,11,0,1181,1,2,0,4,3,0,495,521,494,491
4490,4490000,8,11,0,1181,1,2,0,-2,3,-0,495,522,494,492
4492,4492000,8,11,0,1181,1,2,0,-3,0,-1,495,522,493,492
4494,4494000,8,11,0,1181,1,2,0,-1,2,-2,495,523,493,492
4496,4496000,8,11,0,1181,1,2,0,-2,2,-1,495,523,493,492
4498,4498000,8,11,0,1181,1,2,0,-0,-1,-4,495,523,493,492
4500,4500000,8,11,0,1181,1,2,0,4,3,-1,495,522,494,492
4502,4502000,8,11,0,1182,1,2,0,-1,5,-3,495,521,495,492
4504,4504000,8,11,0,1182,1,2,0,0,4,2,495,520,497,493
4506,4506000,8,11,0,1182,1,2,0,1,-4,-1,495,519,497,492
4508,4508000,8,11,0,1182,1,2,0,3,2,-3,496,519,498,492
4510,4510000,8,11,0,1182,1,2,0,-1,5,7,497,519,497,491
4512,4512000,8,11,0,1182,1,2,0,-2,2,2,498,520,496,490
4514,4514000,8,11,0,1182,1,2,0,5,-1,-4,498,521,495,489
4516,4516000,8,11,0,1182,1,2,0,2,1,-1,498,522,495,489
4518,4518000,7,11,0,1182,1,2,0,5,6,-3,498,522,495,490
4520,4520000,7,11,0,1182,1,2,0,3,-2,-2,497,522,495,491
4522,4522000,8,11,0,1182,1,2,0,3,2,5,495,522,495,493
4524,4524000,8,11,0,1182,1,2,0,2,-2,-0,494,522,495,493
4526,4526000,8,11,0,1182,1,2,0,-3,-1,2,494,522,495,494
4528,4528000,8,11,0,1182,1,2,0,-2,5,4,494,522,495,494
4530,4530000,8,11,0,1182,1,2,0,2,3,-4,494,522,495,493
4532,4532000,8,11,0,1182,1,2,0,2,3,8,495,522,495,493
4534,4534000,8,11,0,1182,1,2,0,0,3,1,495,522,496,493
4536,4536000,8,11,0,1182,1,2,0,-5,5,8,496,521,496,492
4538,4538000,8,11,0,1182,1,2,0,5,3,-0,497,521,496,492
4540,4540000,8,11,0,1182,1,2,0,1,4,-1,498,521,496,491
4542,4542000,8,10,0,1182,1,2,0,-2,1,-2,498,521,496,490
4544,4544000,8,10,0,1182,1,2,0,1,-4,-4,499,522,496,490
4546,4546000,7,10,0,1182,1,2,0,2,0,-5,498,522,496,490
4548,4548000,7,10,0,1182,1,2,0,1,2,3,498,522,496,491
4550,4550000,7,10,0,1182,1,2,0,-0,6,-3,497,521,497,492
4552,4552000,7,10,0,1182,1,2,0,2,5,6,496,521,497,493
4554,4554000,7,10,0,1182,1,2,0,4,-2,-2,495,521,497,493
4556,4556000,7,10,0,1182,1,2,0,-6,1,2,495,522,496,494
4558,4558000,7,10,0,1182,1,2,0,8,4,-0,495,522,496,494
4560,4560000,7,10,0,1182,1,2,0,-1,-1,-2,495,523,495,494
4562,4562000,8,10,0,1182,1,2,0,5,7,-1,495,523,495,494
4564,4564000,8,10,0,1182,1,2,0,-4,2,3,496,524,495,493
4566,4566000,8,10,0,1182,1,2,0,0,5,0,497,524,495,493
4568,4568000,8,10,0,1182,1,2,0,2,2,-4,497,524,495,492
4570,4570000,8,10,0,1182,1,2,0,-2,2,4,498,523,495,491
4572,4572000,8,10,0,1182,1,2,0,1,-1,0,499,523,496,491
4574,4574000,8,10,0,1182,1,2,0,2,4,-5,499,522,497,491
4576,4576000,7,10,0,1182,1,2,0,-2,4,3,498,521,498,491
4578,4578000,7,10,0,1182,1,2,0,-0,7,6,497,520,499,492
4580,4580000,7,10,0,1182,1,2,0,5,2,3,497,520,499,493
4582,4582000,7,10,0,1182,1,2,0,-4,2,-3,496,520,499,493
4584,4584000,7,10,0,1182,1,2,0,4,5,-2,496,521,498,493
4586,4586000,7,10,0,1182,1,2,0,3,2,-1,497,523,497,493
4588,4588000,7,10,0,1182,1,2,0,4,0,-7,497,524,495,493
4590,4590000,7,10,0,1182,1,2,0,-2,3,-1,497,525,495,493
4592,4592000,7,9,0,1182,1,2,0,2,1,-6,497,525,494,493
4594,4594000,7,9,0,1182,1,2,0,5,-4,-1,497,525,495,493
4596,4596000,7,9,0,1182,1,2,0,5,1,2,496,524,496,493
4598,4598000,7,9,0,1182,1,2,0,-1,5,5,496,524,496,494
4600,4600000,7,9,0,1182,1,1,0,-3,3,2,497,523,497,493
4602,4602000,7,9,0,1182,1,1,0,0,5,-0,497,523,497,493
4604,4604000,7,9,0,1182,1,1,0,-0,8,1,498,523,498,493
4606,4606000,7,9,0,1182,1,1,0,2,6,-1,498,522,498,493
4608,4608000,7,9,0,1182,1,2,0,1,-2,-2,498,522,499,493
4610,4610000,7,9,0,1183,1,2,0,0,-4,-0,498,521,499,493
4612,4612000,7,9,0,1183,1,2,0,-1,7,0,498,521,499,493
4614,4614000,7,9,0,1183,1,2,0,4,6,-5,498,522,498,492
4616,4616000,7,9,0,1183,1,2,0,-5,-3,-4,499,523,498,492
4618,4618000,7,9,0,1183,1,1,0,2,4,-3,499,524,497,492
4620,4620000,7,9,0,1183,1,1,0,4,3,2,499,525,496,492
4622,4622000,7,9,0,1183,1,1,0,-5,4,5,498,525,496,492
4624,4624000,7,9,0,1183,1,1,0,3,-1,-5,497,525,496,493
4626,4626000,7,9,0,1183,1,1,0,1,8,0,497,525,496,494
4628,4628000,7,9,0,1183,1,1,0,6,0,-8,496,524,497,495
4630,4630000,7,9,0,1183,1,1,0,-8,-3,3,496,524,497,495
4632,4632000,7,9,0,1183,1,1,0,4,3,-0,496,524,498,495
4634,4634000,7,9,0,1183,1,1,0,2,5,6,497,523,498,495
4636,4636000,7,9,0,1183,1,1,0,-3,5,0,497,523,499,494
4638,4638000,7,9,0,1183,1,1,0,7,7,2,498,523,499,493
4640,4640000,7,9,0,1183,1,1,0,3,-4,-3,499,523,499,492
4642,4642000,7,9,0,1183,1,1,0,-0,2,-3,500,523,498,491
4644,4644000,7,9,0,1183,1,1,0,3,5,-6,501,524,498,491
4646,4646000,6,9,0,1183,1,1,0,3,-0,-0,501,524,498,491
4648,4648000,6,8,0,1183,1,1,0,-0,5,1,500,525,497,492
4650,4650000,6,8,0,1183,1,1,0,5,-3,-3,499,524,498,493
4652,4652000,6,8,0,1183,1,1,0,3,3,-5,498,524,498,494
4654,4654000,6,8,0,1183,1,1,0,1,-5,2,497,524,498,495
4656,4656000,6,8,0,1183,1,1,0,-2,-3,-3,496,524,498,496
4658,4658000,7,9,0,1183,1,1,0,-1,2,-3,496,524,498,496
4660,4660000,7,9,0,1183,1,1,0,1,6,2,497,525,498,495
4662,4662000,7,9,0,1183,1,1,0,-1,4,6,498,525,497,494
4664,4664000,7,8,0,1183,1,1,0,1,8,3,498,526,497,494
4666,4666000,7,8,0,1183,1,1,0,3,3,2,499,526,497,493
4668,4668000,7,8,0,1183,1,1,0,-1,-4,1,499,525,498,493
4670,4670000,7,8,0,1183,1,1,0,-3,2,1,499,525,498,493
4672,4672000,7,8,0,1183,1,1,0,2,-4,-5,499,524,499,493
4674,4674000,7,8,0,1183,1,1,0,2,1,3,500,524,499,493
4676,4676000,6,8,0,1183,1,1,0,2,-4,0,500,524,499,492
4678,4678000,6,8,0,1183,1,1,0,4,6,-1,500,524,499,492
4680,4680000,6,8,0,1183,1,1,0,1,2,-3,500,524,499,493
4682,4682000,6,8,0,1183,1,1,0,3,-0,2,499,523,500,494
4684,4684000,6,8,0,1183,1,1,0,4,-5,0,498,523,500,494
4686,4686000,6,8,0,1183,1,1,0,0,2,4,497,524,500,495
4688,4688000,6,8,0,1183,1,1,0,8,3,-5,497,525,499,495
4690,4690000,6,8,0,1183,1,1,0,-3,-0,4,498,526,498,495
4692,4692000,6,8,0,1183,1,1,0,1,-2,-5,498,527,497,495
4694,4694000,6,8,0,1183,1,1,0,-3,-4,1,499,527,496,494
4696,4696000,7,8,0,1183,1,1,0,-8,1,-1,499,527,496,494
4698,4698000,7,8,0,1183,1,1,0,3,2,2,499,527,497,494
4700,4700000,7,8,0,1183,1,1,0,4,3,-2,499,526,498,494
4702,4702000,7,8,0,1183,1,1,0,2,1,-0,499,525,499,494
4704,4704000,6,8,0,1183,1,1,0,-3,-1,-2,499,524,500,494
4706,4706000,6,8,0,1183,1,1,0,-3,6,1,499,523,501,494
4708,4708000,6,8,0,1183,1,1,0,1,1,-4,499,523,501,494
4710,4710000,6,8,0,1183,1,1,0,4,7,1,499,523,501,494
4712,4712000,6,8,0,1183,1,1,0,6,6,-0,499,524,501,494
4714,4714000,6,8,0,1183,1,1,0,3,2,1,499,524,500,494
4716,4716000,6,8,0,1183,1,1,0,5,-1,-1,500,525,499,494
4718,4718000,6,8,0,1183,1,1,0,-4,-5,0,500,526,498,494
4720,4720000,6,7,0,1184,1,1,0,1,-1,5,500,527,497,494
4722,4722000,6,7,0,1184,1,1,0,2,2,1,500,528,497,494
4724,4724000,6,7,0,1184,1,1,0,4,2,-6,500,527,497,494
4726,4726000,6,7,0,1184,1,1,0,1,4,-4,499,527,498,495
4728,4728000,6,7,0,1184,1,1,0,-4,-1,-2,498,526,499,496
4730,4730000,6,7,0,1184,1,1,0,6,5,-6,498,526,500,496
4732,4732000,6,7,0,1184,1,1,0,-2,2,-1,498,525,500,496
4734,4734000,6,7,0,1184,1,1,0,6,4,1,498,525,500,495
4736,4736000,6,7,0,1184,1,1,0,6,6,2,499,526,500,495
4738,4738000,6,7,0,1184,1,1,0,-2,-1,-2,500,525,500,494
4740,4740000,6,7,0,1184,1,1,0,-0,6,4,501,525,500,494
4742,4742000,6,7,0,1184,1,1,0,1,-4,-1,501,525,501,494
4744,4744000,6,7,0,1184,1,1,0,7,4,0,501,525,501,493
4746,4746000,6,7,0,1184,1,1,0,-1,5,2,501,525,500,493
4748,4748000,6,7,0,1184,1,1,0,3,2,-5,501,526,500,493
4750,4750000,5,7,0,1184,1,1,0,2,2,8,501,527,499,493
4752,4752000,5,7,0,1184,1,1,0,2,7,-1,501,527,499,494
4754,4754000,6,7,0,1184,1,1,0,4,7,-2,500,528,499,495
4756,4756000,6,7,0,1184,1,1,0,2,2,-1,499,527,499,496
4758,4758000,6,7,0,1184,1,1,0,-1,5,-2,498,527,500,497
4760,4760000,6,7,0,1184,1,1,0,-7,5,3,497,526,500,497
4762,4762000,6,7,0,1184,1,1,0,-3,6,0,498,526,500,497
4764,4764000,6,7,0,1184,1,1,0,3,0,0,499,526,500,496
4766,4766000,6,7,0,1184,1,1,0,1,1,-4,500,526,500,495
4768,4768000,6,7,0,1184,1,1,0,2,6,4,501,527,500,494
4770,4770000,6,7,0,1184,1,1,0,2,2,-0,502,527,500,493
4772,4772000,6,7,0,1184,1,1,0,4,4,0,502,527,500,493
4774,4774000,6,7,0,1184,1,1,0,-4,3,0,502,527,500,493
4776,4776000,6,6,0,1184,1,1,0,2,-2,-0,502,527,500,494
4778,4778000,5,6,0,1184,1,1,0,1,-2,-0,501,526,501,494
4780,4780000,5,6,0,1184,1,1,0,2,-2,-0,500,526,501,495
4782,4782000,5,6,0,1184,1,1,0,-1,1,-4,500,526,501,495
4784,4784000,5,6,0,1184,1,1,0,4,6,3,500,526,501,496
4786,4786000,5,7,0,1184,1,1,0,-2,1,6,499,526,501,496
4788,4788000,5,7,0,1184,1,1,0,8,1,-5,499,526,501,496
4790,4790000,5,7,0,1184,1,1,0,-1,-1,7,500,527,500,496
4792,4792000,5,7,0,1184,1,1,0,-1,-1,3,500,528,500,496
4794,4794000,6,6,0,1184,1,1,0,-3,-1,4,500,529,499,495
4796,4796000,6,6,0,1184,1,1,0,-0,2,0,501,529,499,495
4798,4798000,6,6,0,1184,1,1,0,4,8,-4,501,529,499,495
4800,4800000,6,6,0,1184,1,1,0,-3,-4,-4,501,528,499,495
4802,4802000,6,6,0,1184,1,1,0,-3,-3,-7,501,528,500,495
4804,4804000,6,6,0,1184,1,1,0,-0,-0,2,501,527,501,495
4806,4806000,6,6,0,1184,1,1,0,-2,1,5,501,526,502,495
4808,4808000,5,6,0,1184,1,1,0,1,5,-3,502,526,502,495
4810,4810000,5,6,0,1184,1,1,0,-0,0,0,502,526,502,495
4812,4812000,5,6,0,1184,1,1,0,2,2,2,502,526,502,495
4814,4814000,5,6,0,1184,1,1,0,4,3,-0,501,526,502,495
4816,4816000,5,6,0,1184,1,1,0,2,4,-1,501,527,502,496
4818,4818000,5,6,0,1184,1,1,0,-2,3,-1,500,527,501,496
4820,4820000,5,6,0,1184,1,1,0,0,2,-5,500,528,500,496
4822,4822000,5,6,0,1184,1,1,0,3,7,2,500,529,500,496
4824,4824000,5,6,0,1184,1,1,0,2,2,2,501,530,499,495
4826,4826000,5,6,0,1184,1,1,0,2,-0,-5,502,530,499,495
4828,4828000,5,6,0,1184,1,1,0,1,1,-1,502,530,499,495
4830,4830000,5,6,0,1184,1,1,0,-0,4,5,501,528,500,495
4832,4832000,5,6,0,1184,1,1,0,-3,3,2,501,527,502,496
4834,4834000,5,6,0,1184,1,1,0,1,-7,-1,500,526,503,497
4836,4836000,5,6,0,1185,1,1,0,3,3,-4,500,526,503,497
4838,4838000,5,6,0,1185,1,1,0,-1,2,-2,500,526,503,496
4840,4840000,5,6,0,1185,1,1,0,4,6,2,501,527,502,496
4842,4842000,5,6,0,1185,1,1,0,4,-1,-5,502,528,502,495
4844,4844000,5,6,0,1185,1,1,0,1,-1,-1,502,528,501,495
4846,4846000,5,6,0,1185,1,1,0,4,-3,-4,503,529,501,494
4848,4848000,5,6,0,1185,1,1,0,2,8,2,503,529,501,495
4850,4850000,5,5,0,1185,1,1,0,3,0,0,502,529,501,495
4852,4852000,5,5,0,1185,1,1,0,-4,-6,-1,502,529,501,495
4854,4854000,5,5,0,1185,1,1,0,-2,-5,1,502,529,501,496
4856,4856000,5,5,0,1185,1,1,0,-2,-6,0,501,529,501,496
4858,4858000,5,5,0,1185,1,1,0,4,5,-3,501,529,501,497
4860,4860000,5,5,0,1185,1,1,0,-4,3,3,500,529,501,498
4862,4862000,5,5,0,1185,1,1,0,-2,7,2,500,528,502,498
4864,4864000,5,5,0,1185,1,1,0,4,-2,-3,500,528,502,498
4866,4866000,5,6,0,1185,1,1,0,1,4,3,501,529,502,497
4868,4868000,5,5,0,1185,1,1,0,2,7,-3,502,529,502,496
4870,4870000,5,5,0,1185,1,1,0,1,-2,-1,503,529,502,495
4872,4872000,5,5,0,1185,1,1,0,3,2,-10,503,528,502,494
4874,4874000,5,5,0,1185,1,1,0,-0,3,-1,504,528,502,494
4876,4876000,5,5,0,1185,1,1,0,-2,4,2,504,528,502,495
4878,4878000,5,5,0,1185,1,1,0,-3,-4,-0,503,528,502,495
4880,4880000,5,5,0,1185,1,1,0,1,-3,4,503,528,502,496
4882,4882000,5,5,0,1185,1,1,0,0,2,3,502,529,502,496
4884,4884000,5,5,0,1185,1,1,0,-0,4,-4,502,529,502,497
4886,4886000,5,5,0,1185,1,1,0,2,5,1,501,529,502,497
4888,4888000,5,5,0,1185,1,1,0,-3,1,1,501,529,502,497
4890,4890000,5,5,0,1185,1,1,0,3,10,1,501,529,502,498
4892,4892000,5,5,0,1185,1,1,0,2,-8,3,501,528,503,498
4894,4894000,5,5,0,1185,1,1,0,6,2,-1,501,529,503,497
4896,4896000,5,5,0,1185,1,1,0,2,4,-3,502,529,502,496
4898,4898000,5,5,0,1185,1,1,0,-1,2,2,503,530,501,495
4900,4900000,5,5,0,1185,1,1,0,3,1,-0,504,531,501,495
4902,4902000,5,5,0,1185,1,1,0,1,1,-4,504,531,501,495
4904,4904000,5,5,0,1185,1,1,0,2,5,2,503,530,501,495
4906,4906000,5,5,0,1185,1,1,0,3,11,7,503,529,502,496
4908,4908000,5,5,0,1185,1,1,0,-0,4,1,502,528,503,497
4910,4910000,5,5,0,1185,1,1,0,-2,-1,-0,502,528,504,497
4912,4912000,5,5,0,1185,1,1,0,4,2,1,502,528,504,497
4914,4914000,4,5,0,1185,1,1,0,6,-1,-2,502,528,504,497
4916,4916000,4,5,0,1185,1,1,0,8,-1,1,503,529,503,496
4918,4918000,4,5,0,1185,1,1,0,-2,-3,-1,503,529,503,496
4920,4920000,4,5,0,1185,1,1,0,-7,2,2,503,530,502,496
4922,4922000,4,5,0,1185,1,1,0,-2,-2,7,503,530,502,497
4924,4924000,4,5,0,1185,1,1,0,-2,2,3,502,531,501,497
4926,4926000,5,5,0,1185,1,1,0,-5,-2,-2,502,531,501,497
4928,4928000,5,4,0,1185,1,1,0,-5,-2,-3,502,531,501,497
4930,4930000,5,4,0,1185,1,1,0,-6,0,-0,502,531,502,497
4932,4932000,5,4,0,1185,1,1,0,2,-3,-0,503,530,502,497
4934,4934000,5,4,0,1185,1,1,0,-5,0,-4,503,530,503,497
4936,4936000,5,4,0,1185,1,1,0,-4,-3,1,503,529,504,497
4938,4938000,5,4,0,1185,1,1,0,0,-4,-1,503,528,504,497
4940,4940000,4,4,0,1185,1,1,0,4,8,5,503,528,505,497
4942,4942000,4,4,0,1185,1,1,0,3,10,0,503,529,504,497
4944,4944000,4,4,0,1185,1,1,0,7,3,-4,503,529,503,497
4946,4946000,4,4,0,1185,1,1,0,4,-4,-3,503,530,503,497
4948,4948000,4,4,0,1185,1,1,0,-0,-3,3,503,531,502,497
4950,4950000,4,4,0,1185,1,1,0,-6,-6,0,503,531,502,497
4952,4952000,4,4,0,1185,1,1,0,1,5,-1,503,531,502,497
4954,4954000,4,4,0,1185,1,1,0,-1,2,-1,503,531,502,497
4956,4956000,4,4,0,1186,1,1,0,1,7,-2,504,531,503,496
4958,4958000,4,4,0,1186,1,1,0,6,-0,-2,504,531,503,496
4960,4960000,4,4,0,1186,1,1,0,4,-3,-3,503,530,503,497
4962,4962000,4,4,0,1186,1,1,0,9,1,1,503,530,504,497
4964,4964000,4,4,0,1186,1,1,0,1,2,2,502,530,504,498
4966,4966000,4,4,0,1186,1,1,0,2,-3,-0,502,529,504,499
4968,4968000,4,4,0,1186,1,1,0,-0,-3,0,502,530,504,499
4970,4970000,4,4,0,1186,1,1,0,-2,-2,-0,503,530,504,498
4972,4972000,4,4,0,1186,1,1,0,0,-0,-3,504,531,503,497
4974,4974000,4,4,0,1186,1,1,0,4,-1,-3,505,532,503,496
4976,4976000,4,4,0,1186,1,1,0,4,1,-4,505,532,503,495
4978,4978000,4,4,0,1186,1,1,0,-1,3,0,505,531,503,495
4980,4980000,4,4,0,1186,1,1,0,-4,-2,3,505,531,504,496
4982,4982000,4,4,0,1186,1,1,0,-0,5,2,504,530,504,497
4984,4984000,4,4,0,1186,1,1,0,-5,-2,4,503,530,505,498
4986,4986000,4,4,0,1186,1,1,0,5,0,-4,503,530,504,498
4988,4988000,4,4,0,1186,1,1,0,3,3,4,503,531,504,498
4990,4990000,4,4,0,1186,1,1,0,0,1,-1,503,531,503,498
4992,4992000,4,4,0,1186,1,1,0,6,8,0,503,532,503,498
4994,4994000,4,4,0,1186,1,1,0,2,3,2,503,532,503,498
4996,4996000,4,4,0,1186,1,1,0,-2,4,-2,503,531,504,498
4998,4998000,4,4,0,1186,1,1,0,1,1,3,504,531,504,497
5000,5000000,4,4,0,1186,1,1,0,4,-3,-1,504,531,504,497
5002,5002000,4,4,0,1186,1,1,0,-4,6,5,505,531,504,496
5004,5004000,4,4,0,1186,1,1,0,7,-3,-3,505,531,504,496
5006,5006000,4,3,0,1186,1,1,0,-8,1,-1,505,532,504,496
5008,5008000,4,3,0,1186,1,0,0,1,5,4,505,532,504,497
5010,5010000,4,3,0,1186,1,0,0,6,0,-3,504,531,504,498
5012,5012000,4,3,0,1186,1,0,0,-2,2,-0,503,531,504,498
5014,5014000,4,3,0,1186,1,1,0,1,-1,4,503,531,505,498
5016,5016000,4,3,0,1186,1,1,0,6,5,-5,503,531,505,498
5018,5018000,4,3,0,1186,1,1,0,-2,2,-0,504,531,505,498
5020,5020000,4,3,0,1186,1,1,0,5,3,-1,504,531,505,497
5022,5022000,4,3,0,1186,1,1,0,4,-1,-3,504,531,505,497
5024,5024000,4,3,0,1186,1,1,0,-2,-2,-7,505,532,505,497
5026,5026000,4,3,0,1186,1,0,0,-3,-1,-0,505,532,504,497
5028,5028000,4,3,0,1186,1,0,0,-1,1,1,505,532,504,497
5030,5030000,4,3,0,1186,1,0,0,1,2,0,505,533,503,497
5032,5032000,4,3,0,1186,1,0,0,-3,-5,-1,505,533,503,497
5034,5034000,4,3,0,1186,1,0,0,-0,-2,-1,504,533,503,498
5036,5036000,4,3,0,1186,1,0,0,0,-4,-4,504,532,504,498
5038,5038000,4,3,0,1186,1,0,0,5,2,-4,504,531,505,498
5040,5040000,4,3,0,1186,1,0,0,-1,-2,6,503,530,506,498
5042,5042000,4,3,0,1186,1,0,0,1,-1,-2,504,530,507,498
5044,5044000,4,3,0,1186,1,0,0,1,-6,2,504,530,506,498
5046,5046000,4,3,0,1186,1,0,0,-2,1,5,505,531,505,497
5048,5048000,4,3,0,1186,1,0,0,7,4,-2,506,532,504,497
5050,5050000,4,3,0,1186,1,0,0,1,6,2,506,533,504,497
5052,5052000,4,3,0,1186,1,0,0,1,-2,-1,505,533,503,497
5054,5054000,4,3,0,1186,1,0,0,-5,-1,-1,505,533,504,498
5056,5056000,4,3,0,1186,1,0,0,-0,-0,-5,504,533,504,498
5058,5058000,4,3,0,1186,1,0,0,4,4,-4,504,532,505,499
5060,5060000,4,3,0,1186,1,0,0,-1,2,-1,504,532,505,498
5062,5062000,4,3,0,1186,1,0,0,4,1,3,505,532,505,498
5064,5064000,4,3,0,1186,1,0,0,-6,0,-2,505,532,505,498
5066,5066000,4,3,0,1186,1,0,0,4,6,3,505,532,505,498
5068,5068000,4,3,0,1186,1,0,0,7,6,4,505,532,506,498
5070,5070000,4,3,0,1186,1,0,0,2,2,4,504,532,506,498
5072,5072000,4,3,0,1186,1,0,0,-2,1,4,504,532,505,499
5074,5074000,4,3,0,1186,1,0,0,6,1,1,504,532,505,499
5076,5076000,4,3,0,1186,1,0,0,-0,-3,-2,505,533,505,498
5078,5078000,4,3,0,1186,1,0,0,-6,3,4,505,533,504,498
5080,5080000,4,3,0,1186,1,0,0,2,3,-4,506,533,504,497
5082,5082000,4,3,0,1186,1,0,0,2,4,4,506,533,505,497
5084,5084000,3,2,0,1186,1,0,0,0,-2,-3,506,533,505,497
5086,5086000,3,2,0,1187,1,0,0,-4,-4,-5,506,532,506,497
5088,5088000,3,2,0,1187,0,0,0,0,-3,5,505,532,506,498
5090,5090000,3,2,0,1187,0,0,0,-1,-3,-2,505,532,506,498
5092,5092000,3,3,0,1187,0,0,0,4,4,-4,504,532,506,499
5094,5094000,3,3,0,1187,0,0,0,3,9,3,504,533,506,499
5096,5096000,3,3,0,1187,0,0,0,0,-2,-4,504,533,505,499
5098,5098000,3,3,0,1187,1,0,0,4,3,-5,504,533,505,499
5100,5100000,3,3,0,1187,1,0,0,2,4,-1,505,534,505,499
5102,5102000,4,2,0,1187,1,0,0,4,4,2,505,534,505,498
5104,5104000,4,2,0,1187,1,0,0,1,-4,2,506,534,505,497
5106,5106000,3,2,0,1187,1,0,0,3,4,-5,507,534,505,497
5108,5108000,3,2,0,1187,1,0,0,-1,2,-3,507,533,505,497
5110,5110000,3,2,0,1187,0,0,0,-0,4,-4,506,533,506,497
5112,5112000,3,2,0,1187,0,0,0,-1,-4,-5,506,533,506,498
5114,5114000,3,2,0,1187,0,0,0,7,4,-4,505,532,507,499
5116,5116000,3,2,0,1187,0,0,0,0,-3,-4,504,532,507,499
5118,5118000,3,2,0,1187,0,0,0,8,-1,2,504,533,507,500
5120,5120000,3,2,0,1187,0,0,0,-3,3,2,505,533,506,499
5122,5122000,3,2,0,1187,0,0,0,5,1,4,506,534,505,498
5124,5124000,3,2,0,1187,0,0,0,-1,-0,2,507,534,505,498
5126,5126000,3,2,0,1187,0,0,0,4,4,-1,507,534,505,497
5128,5128000,3,2,0,1187,0,0,0,4,-0,-2,507,533,506,498
5130,5130000,3,2,0,1187,0,0,0,-1,-0,1,506,533,506,498
5132,5132000,3,2,0,1187,0,0,0,-4,3,-1,506,533,506,498
5134,5134000,3,2,0,1187,0,0,0,2,-3,-0,505,534,506,499
5136,5136000,3,2,0,1187,0,0,0,1,-1,-1,505,534,505,499
5138,5138000,3,2,0,1187,0,0,0,4,4,-3,505,535,505,499
5140,5140000,3,2,0,1187,0,0,0,4,-1,1,505,535,505,499
5142,5142000,3,2,0,1187,0,0,0,-1,4,2,505,534,506,499
5144,5144000,3,2,0,1187,0,0,0,-3,3,0,505,533,507,499
5146,5146000,3,2,0,1187,0,0,0,-3,-4,2,506,532,507,499
5148,5148000,3,2,0,1187,0,0,0,1,4,3,506,532,508,499
5150,5150000,3,2,0,1187,0,0,0,4,5,4,507,533,508,498
5152,5152000,3,2,0,1187,0,0,0,-5,-4,-2,507,533,507,497
5154,5154000,3,2,0,1187,0,0,0,8,7,-3,507,534,506,497
5156,5156000,3,2,0,1187,0,0,0,-3,5,4,507,535,506,497
5158,5158000,3,2,0,1187,0,0,0,3,10,1,507,535,505,498
5160,5160000,3,2,0,1187,0,0,0,2,3,4,506,535,506,499
5162,5162000,3,2,0,1187,0,0,0,-5,-2,1,505,535,506,499
5164,5164000,3,2,0,1187,0,0,0,4,3,1,505,534,506,500
5166,5166000,3,2,0,1187,0,0,0,-0,2,6,505,534,507,500
5168,5168000,3,2,0,1187,0,0,0,-4,0,-7,506,534,507,499
5170,5170000,3,2,0,1187,0,0,0,-3,-1,-1,506,533,507,499
5172,5172000,3,2,0,1187,0,0,0,-4,3,-3,506,534,507,499
5174,5174000,3,2,0,1187,0,0,0,-3,2,-4,506,534,507,499
5176,5176000,3,2,0,1187,0,0,0,-1,-1,-3,506,534,507,499
5178,5178000,3,2,0,1187,0,0,0,3,0,0,507,535,506,498
5180,5180000,3,2,0,1187,0,0,0,7,4,2,507,535,506,498
5182,5182000,3,1,0,1187,0,0,0,-5,1,2,507,535,506,498
5184,5184000,3,1,0,1187,0,0,0,-1,2,5,507,535,506,498
5186,5186000,3,1,0,1187,0,0,0,5,-0,-5,507,534,507,499
5188,5188000,3,1,0,1187,0,0,0,1,-0,-2,507,533,508,499
5190,5190000,3,1,0,1187,0,0,0,5,-1,-4,507,533,508,499
5192,5192000,3,1,0,1187,0,0,0,-1,-2,-1,507,533,508,499
5194,5194000,3,1,0,1187,0,0,0,-4,4,-5,507,534,508,499
5196,5196000,3,1,0,1187,0,0,0,-2,-0,-6,507,535,507,499
5198,5198000,3,1,0,1187,0,0,0,3,-1,2,507,535,506,499
5200,5200000,3,1,0,1187,0,0,0,6,-0,-8,506,536,506,499
5202,5202000,3,1,0,1187,0,0,0,2,5,1,506,536,506,500
5204,5204000,3,1,0,1187,0,0,0,1,-5,-3,506,536,506,500
5206,5206000,3,1,0,1187,0,0,0,1,8,1,506,535,507,500
5208,5208000,3,1,0,1187,0,0,0,3,2,6,507,535,507,499
5210,5210000,3,1,0,1187,0,0,0,2,-2,-3,508,535,507,499
5212,5212000,3,1,0,1187,0,0,0,-0,4,-1,508,535,507,498
5214,5214000,3,1,0,1187,0,0,0,3,2,7,509,534,508,497
5216,5216000,3,1,0,1187,0,0,0,-1,-0,0,508,534,508,498
5218,5218000,3,1,0,1187,0,0,0,0,4,-0,507,534,509,499
5220,5220000,2,1,0,1187,0,0,0,-6,0,-3,507,534,509,499
5222,5222000,2,1,0,1188,0,0,0,-1,-3,-2,506,534,509,500
5224,5224000,2,1,0,1188,0,0,0,-4,5,1,506,535,508,500
5226,5226000,2,1,0,1188,0,0,0,-4,-1,1,507,536,507,500
5228,5228000,3,1,0,1188,0,0,0,-2,-0,3,507,536,507,499
5230,5230000,3,1,0,1188,0,0,0,0,3,2,508,536,506,499
5232,5232000,3,1,0,1188,0,0,0,4,3,-2,508,536,507,499
5234,5234000,3,1,0,1188,0,0,0,1,3,-4,508,536,507,499
5236,5236000,3,1,0,1188,0,0,0,-2,-2,0,507,535,507,499
5238,5238000,3,1,0,1188,0,0,0,-2,2,-1,507,535,508,500
5240,5240000,3,1,0,1188,0,0,0,0,-3,-4,507,535,508,500
5242,5242000,3,1,0,1188,0,0,0,3,3,-1,506,536,508,500
5244,5244000,3,1,0,1188,0,0,0,-3,2,4,506,536,508,500
5246,5246000,3,1,0,1188,0,0,0,-0,2,-3,507,536,508,500
5248,5248000,3,1,0,1188,0,0,0,-2,-2,-0,507,535,508,500
5250,5250000,3,1,0,1188,0,0,0,-5,3,-2,508,535,508,499
5252,5252000,3,1,0,1188,0,0,0,1,6,2,508,535,509,498
5254,5254000,2,1,0,1188,0,0,0,5,5,1,509,535,509,498
5256,5256000,2,1,0,1188,0,0,0,-4,-1,0,509,535,508,498
5258,5258000,2,1,0,1188,0,0,0,-4,0,-4,509,535,508,498
5260,5260000,2,1,0,1188,0,0,0,-3,-3,-0,508,536,508,499
5262,5262000,2,1,0,1188,0,0,0,-7,-1,2,507,536,508,500
5264,5264000,2,1,0,1188,0,0,0,2,3,3,506,536,508,501
5266,5266000,2,1,0,1188,0,0,0,2,0,-0,506,537,507,501
5268,5268000,2,1,0,1188,0,0,0,-2,-3,3,506,537,507,501
5270,5270000,3,1,0,1188,0,0,0,-2,7,-0,507,537,507,500
5272,5272000,3,1,0,1188,0,0,0,0,6,2,507,537,507,500
5274,5274000,3,0,0,1188,0,0,0,3,5,1,508,536,508,499
5276,5276000,3,0,0,1188,0,0,0,-0,-5,-2,508,535,509,499
5278,5278000,3,1,0,1188,0,0,0,-2,1,1,508,535,509,499
5280,5280000,2,1,0,1188,0,0,0,2,2,-4,508,535,510,499
5282,5282000,2,1,0,1188,0,0,0,-2,-2,-2,509,535,509,499
5284,5284000,2,0,0,1188,0,0,0,-4,6,3,509,536,509,499
5286,5286000,2,0,0,1188,0,0,0,-1,-1,1,509,537,508,498
5288,5288000,2,0,0,1188,0,0,0,-1,6,-0,509,537,508,499
5290,5290000,2,0,0,1188,0,0,0,5,4,-1,508,537,508,499
5292,5292000,2,0,0,1188,0,0,0,2,6,2,508,536,509,500
5294,5294000,2,0,0,1188,0,0,0,-2,-2,5,507,536,509,500
5296,5296000,2,0,0,1188,0,0,0,3,0,3,507,535,510,501
5298,5298000,2,0,0,1188,0,0,0,1,1,1,507,536,509,500
5300,5300000,2,0,0,1188,0,0,0,-1,2,6,508,536,509,500
5302,5302000,2,0,0,1188,0,0,0,-5,3,1,508,537,508,500
5304,5304000,2,0,0,1188,0,0,0,1,0,3,508,538,507,500
5306,5306000,2,0,0,1188,0,0,0,-5,5,2,508,538,507,500
5308,5308000,2,0,0,1188,0,0,0,1,-2,1,508,538,507,500
5310,5310000,2,0,0,1188,0,0,0,1,0,0,508,537,508,500
5312,5312000,2,0,0,1188,0,0,0,-6,0,-3,508,537,509,500
5314,5314000,2,0,0,1188,0,0,0,-2,-3,4,509,536,510,499
5316,5316000,2,0,0,1188,0,0,0,1,1,3,509,536,510,499
5318,5318000,2,0,0,1188,0,0,0,1,-1,6,510,535,510,498
5320,5320000,2,0,0,1188,0,0,0,2,-3,-0,510,535,510,498
5322,5322000,2,0,0,1188,0,0,0,3,4,4,510,535,510,499
5324,5324000,2,0,0,1188,0,0,0,5,0,-5,509,536,510,499
5326,5326000,2,0,0,1188,0,0,0,-1,1,-1,508,537,509,500
5328,5328000,2,0,0,1188,0,0,0,-1,9,3,508,538,508,500
5330,5330000,2,0,0,1188,0,-0,0,-2,-4,5,508,539,508,501
5332,5332000,2,0,0,1188,0,-0,0,-0,4,2,507,539,507,501
5334,5334000,2,0,0,1188,0,-0,0,-2,1,0,507,539,508,501
5336,5336000,2,0,0,1188,0,-0,0,4,-1,-3,508,538,508,501
5338,5338000,2,0,0,1188,0,-0,0,3,2,2,508,537,509,501
5340,5340000,2,0,0,1188,0,-0,0,2,3,-4,509,537,509,500
5342,5342000,2,0,0,1188,0,-0,0,-2,-3,1,509,537,510,500
5344,5344000,2,0,0,1188,0,-0,0,2,1,0,510,537,510,499
5346,5346000,2,0,0,1188,0,-0,0,-3,2,0,510,537,510,499
5348,5348000,2,0,0,1188,0,-0,0,5,3,4,510,537,510,499
5350,5350000,2,0,0,1188,0,-0,0,2,4,-2,509,537,510,500
5352,5352000,2,0,0,1188,0,-0,0,5,-2,1,509,537,510,500
5354,5354000,2,0,0,1188,0,-0,0,2,6,3,509,537,510,500
5356,5356000,2,0,0,1188,0,-0,0,1,2,3,509,537,510,500
5358,5358000,2,0,0,1188,0,-0,0,2,4,3,510,537,510,499
5360,5360000,2,0,0,1188,0,-0,0,-2,1,1,510,538,509,499
5362,5362000,2,0,0,1188,0,-0,0,4,1,-3,510,538,509,499
5364,5364000,2,-1,0,1189,0,-0,0,2,-1,0,510,538,509,500
5366,5366000,2,-1,0,1189,0,-0,0,1,1,-4,509,538,509,501
5368,5368000,2,-1,0,1189,0,-0,0,-2,1,0,508,538,509,502
5370,5370000,2,0,0,1189,0,-0,0,-3,3,7,507,538,509,502
5372,5372000,2,0,0,1189,0,-0,0,1,4,2,507,538,509,502
5374,5374000,2,0,0,1189,0,-0,0,-2,-5,-8,508,539,509,502
5376,5376000,2,0,0,1189,0,-0,0,0,2,0,509,539,509,500
5378,5378000,2,0,0,1189,0,-0,0,-0,5,2,510,538,509,499
5380,5380000,2,-1,0,1189,0,-0,0,-4,-4,3,511,537,510,499
5382,5382000,2,-1,0,1189,0,-0,0,3,-1,6,511,537,511,498
5384,5384000,2,-1,0,1189,0,-0,0,2,-0,-4,511,536,512,498
5386,5386000,1,-1,0,1189,0,-0,0,3,2,4,511,536,512,499
5388,5388000,1,-1,0,1189,0,-0,0,-0,1,-0,510,537,511,499
5390,5390000,1,-1,0,1189,0,-0,0,-4,1,4,510,538,510,500
5392,5392000,1,-1,0,1189,0,-0,0,1,-1,-0,509,538,509,501
5394,5394000,1,-1,0,1189,0,-0,0,1,-1,-1,509,539,509,501
5396,5396000,2,-1,0,1189,0,-0,0,-4,1,-3,508,539,509,502
5398,5398000,2,-1,0,1189,0,-0,0,0,6,2,508,539,509,502
5400,5400000,2,-1,0,1189,0,-0,0,-2,2,-6,508,539,509,501
5402,5402000,2,-1,0,1189,0,-0,0,4,4,-2,509,539,510,501
5404,5404000,2,-1,0,1189,0,-0,0,2,4,1,509,539,510,500
5406,5406000,2,-1,0,1189,0,-0,0,-1,-0,-4,510,538,510,500
5408,5408000,2,-1,0,1189,0,-0,0,-3,-1,1,510,538,510,500
5410,5410000,2,-1,0,1189,0,-0,0,-1,2,2,510,538,510,500
5412,5412000,2,-1,0,1189,0,-0,0,4,5,0,510,538,510,500
5414,5414000,2,-1,0,1189,0,-0,0,3,-0,-6,510,538,510,500
5416,5416000,2,-1,0,1189,0,-0,0,-3,-2,1,510,538,510,500
5418,5418000,2,-1,0,1189,0,-0,0,0,6,2,511,538,511,500
5420,5420000,1,-1,0,1189,0,-0,0,-1,-5,-3,511,538,511,499
5422,5422000,1,-1,0,1189,0,-0,0,-0,2,-3,511,538,511,499
5424,5424000,1,-1,0,1189,0,-0,0,1,-0,-6,511,538,512,499
5426,5426000,1,-1,0,1189,0,-0,0,2,0,-4,510,538,512,500
5428,5428000,1,-1,0,1189,0,-0,0,5,0,2,509,538,511,501
5430,5430000,1,-1,0,1189,0,-0,0,1,-2,-0,509,539,510,501
5432,5432000,1,-1,0,1189,0,-0,0,-0,-4,-0,509,540,509,502
5434,5434000,1,-1,0,1189,0,-0,0,5,2,5,509,541,508,502
5436,5436000,2,-1,0,1189,0,-0,0,-2,2,1,509,541,508,502
5438,5438000,2,-1,0,1189,0,-0,0,2,-2,-6,509,541,508,501
5440,5440000,2,-1,0,1189,0,-0,0,-1,1,-0,509,540,510,501
5442,5442000,2,-1,0,1189,0,-0,0,-1,2,-0,509,539,511,501
5444,5444000,2,-1,0,1189,0,-0,0,-4,4,-1,510,537,512,501
5446,5446000,2,-1,0,1189,0,-0,0,-2,-1,-2,511,537,513,500
5448,5448000,1,-1,0,1189,0,-0,0,5,2,-4,512,537,513,499
5450,5450000,1,-1,0,1189,0,-0,0,3,5,-0,512,538,512,499
5452,5452000,1,-1,0,1189,0,-0,0,3,4,-2,512,538,511,499
5454,5454000,1,-1,0,1189,0,-0,0,1,1,1,512,539,511,499
5456,5456000,1,-1,0,1189,0,-0,0,1,8,7,511,539,511,500
5458,5458000,1,-1,0,1189,0,-0,0,-1,-2,2,510,539,510,501
5460,5460000,1,-1,0,1189,0,-0,0,3,-1,0,509,540,510,502
5462,5462000,1,-1,0,1189,0,-0,0,4,-2,-2,509,540,510,502
5464,5464000,1,-1,0,1189,0,-0,0,1,3,-1,509,540,510,502
5466,5466000,1,-1,0,1189,0,-0,0,2,-2,-0,510,540,510,501
5468,5468000,1,-1,0,1189,0,-0,0,-4,-2,3,510,540,510,501
5470,5470000,1,-1,0,1189,0,-0,0,-2,-3,0,510,540,511,501
5472,5472000,1,-1,0,1189,0,-0,0,2,1,-1,510,540,511,501
5474,5474000,2,-1,0,1189,0,-0,0,-2,-3,-3,510,540,511,501
5476,5476000,2,-1,0,1189,0,-0,0,-3,-5,-2,510,540,511,501
5478,5478000,2,-1,0,1189,0,-0,0,-2,-3,0,511,540,511,501
5480,5480000,2,-1,0,1189,0,-0,0,4,0,4,511,539,511,501
5482,5482000,1,-2,0,1189,0,-0,0,3,-2,-2,511,539,512,500
5484,5484000,1,-2,0,1189,0,-0,0,2,4,4,512,538,512,500
5486,5486000,1,-2,0,1189,0,-0,0,-1,-8,-3,512,538,513,499
5488,5488000,1,-2,0,1189,0,-0,0,5,1,-2,512,538,513,499
5490,5490000,1,-2,0,1189,0,-0,0,-3,-1,1,512,538,513,500
5492,5492000,1,-2,0,1189,0,-0,0,4,6,-1,512,539,512,500
5494,5494000,1,-2,0,1189,0,-0,0,2,7,7,511,540,511,501
5496,5496000,1,-2,0,1189,0,-0,0,-4,-2,2,510,541,510,502
5498,5498000,1,-2,0,1189,0,-0,0,-2,7,-3,509,541,510,503
5500,5500000,46,-2,0,1183,12,-0,0,5,6,-2,442,584,444,546
5502,5502000,124,-1,0,1172,54,-0,0,2,-1,0,252,733,254,695
5504,5504000,189,-1,0,1163,112,-0,0,8,5,1,227,1016,229,980
5506,5506000,242,-1,0,1156,175,-0,0,17,2,2,234,1253,235,1218
5508,5508000,286,-1,0,1150,237,-0,0,32,-3,3,239,1372,240,1338
5510,5510000,323,-1,0,1145,296,-0,0,51,1,0,240,1383,240,1351
5512,5512000,353,0,0,1140,349,-0,0,85,4,3,238,1311,239,1281
5514,5514000,379,0,0,1137,397,-0,0,124,1,3,234,1182,235,1156
5516,5516000,399,0,0,1134,439,-0,0,153,-4,2,230,1025,231,1001
5518,5518000,417,0,0,1132,475,-0,0,202,3,4,226,860,227,839
5520,5520000,431,0,0,1130,506,-0,0,237,-3,5,225,708,224,688
5522,5522000,443,0,0,1128,533,-0,0,276,-5,6,227,592,222,571
5524,5524000,453,0,0,1127,555,-0,0,311,0,2,275,534,268,512
5526,5526000,461,0,0,1125,574,-0,0,355,-2,-3,314,492,305,469
5528,5528000,468,0,0,1125,590,-0,0,386,5,6,342,461,331,438
5530,5530000,473,0,0,1124,604,-0,0,410,6,3,359,442,347,419
5532,5532000,478,0,0,1123,615,-0,0,430,5,4,375,423,363,401
5534,5534000,482,0,0,1123,624,-0,0,455,-4,-0,381,415,368,393
5536,5536000,485,0,0,1122,632,-0,0,480,0,3,380,415,367,393
5538,5538000,487,0,0,1122,638,-0,0,498,-1,2,377,418,362,395
5540,5540000,490,0,0,1121,644,-0,0,510,2,6,373,421,357,398
5542,5542000,491,0,0,1121,648,-0,0,520,-2,8,370,424,352,401
5544,5544000,493,0,0,1121,652,-0,0,543,-2,3,369,425,351,401
5546,5546000,494,0,0,1121,655,-0,0,543,-1,-0,371,423,352,399
5548,5548000,495,0,0,1121,658,-0,0,558,-1,2,373,420,355,396
5550,5550000,496,0,0,1121,660,-0,0,572,6,2,375,417,356,394
5552,5552000,497,0,0,1120,661,-0,0,582,2,9,377,416,357,392
5554,5554000,497,0,0,1120,663,-0,0,585,-5,-1,378,415,358,391
5556,5556000,498,0,0,1120,664,-0,0,597,2,8,378,415,358,391
5558,5558000,498,0,0,1120,665,-0,0,599,6,-0,377,415,358,391
5560,5560000,498,0,0,1120,666,-0,0,600,2,10,377,415,357,392
5562,5562000,499,0,0,1120,667,-0,0,607,-1,4,376,415,356,392
5564,5564000,499,0,0,1120,667,-0,0,607,5,8,376,416,356,393
5566,5566000,499,0,0,1120,668,-0,0,617,1,4,376,416,355,393
5568,5568000,499,0,0,1120,668,-0,0,622,-2,0,376,416,355,393
5570,5570000,499,0,0,1120,668,-0,0,629,6,8,376,415,355,393
5572,5572000,499,0,0,1120,669,-0,0,627,-5,4,376,415,356,393
5574,5574000,500,0,0,1120,669,-0,0,624,2,4,376,415,356,393
5576,5576000,500,0,0,1120,669,-0,0,634,3,4,376,415,356,393
5578,5578000,500,0,0,1120,669,-0,0,640,1,4,376,415,356,393
5580,5580000,500,0,0,1120,669,-0,0,637,-1,3,376,415,356,393
5582,5582000,500,0,0,1120,669,-0,0,642,5,-2,376,415,355,393
5584,5584000,500,0,0,1120,670,-0,0,646,3,2,376,415,355,393
5586,5586000,500,0,0,1120,670,-0,0,641,4,6,375,415,355,393
5588,5588000,500,0,0,1120,670,-0,0,648,4,4,375,415,355,394
5590,5590000,500,0,0,1120,670,-0,0,642,6,5,375,415,355,394
5592,5592000,500,0,0,1120,670,-0,0,645,0,3,375,414,355,394
5594,5594000,500,0,0,1120,670,-0,0,650,5,3,374,414,355,394
5596,5596000,500,0,0,1120,670,-0,0,647,-4,-0,375,415,355,394
5598,5598000,500,0,0,1120,670,-0,0,656,3,3,375,415,355,394
5600,5600000,500,0,0,1120,670,-0,0,653,1,-1,375,415,354,394
5602,5602000,500,0,0,1120,670,-0,0,651,7,6,375,416,354,394
5604,5604000,500,0,0,1120,670,-0,0,654,4,-0,374,415,354,394
5606,5606000,500,0,0,1120,670,-0,0,651,-2,7,374,415,355,395
5608,5608000,500,0,0,1120,670,-0,0,655,4,7,374,415,355,395
5610,5610000,500,0,0,1120,670,-0,0,657,2,4,375,414,355,394
5612,5612000,500,0,0,1120,670,-0,0,648,-4,6,375,414,356,394
5614,5614000,500,0,0,1120,670,-0,0,655,-2,6,376,414,356,394
5616,5616000,500,0,0,1120,670,-0,0,660,-3,3,376,413,356,393
5618,5618000,500,0,0,1120,670,-0,0,657,5,12,376,413,356,393
5620,5620000,500,0,0,1120,670,-0,0,659,2,-0,375,414,356,394
5622,5622000,500,0,0,1120,670,-0,0,655,1,10,375,414,355,394
5624,5624000,500,0,0,1120,670,-0,0,660,-6,0,374,415,355,395
5626,5626000,500,0,0,1120,670,-0,0,653,1,2,374,415,354,395
5628,5628000,500,0,0,1120,670,-0,0,656,2,3,374,415,354,396
5630,5630000,500,0,0,1120,670,-0,0,657,1,0,374,416,354,396
5632,5632000,500,0,0,1120,670,-0,0,656,1,10,374,415,354,396
5634,5634000,500,0,0,1120,670,-0,0,656,6,4,374,415,354,396
5636,5636000,500,0,0,1120,670,-0,0,654,-1,1,374,415,354,395
5638,5638000,500,0,0,1120,670,-0,0,661,4,-1,374,415,354,395
5640,5640000,500,0,0,1120,670,-0,0,651,4,4,374,415,355,395
5642,5642000,500,0,0,1120,670,-0,0,659,-2,-5,374,415,355,395
5644,5644000,500,0,0,1120,670,-0,0,662,3,2,374,415,355,395
5646,5646000,500,0,0,1120,670,-0,0,657,1,1,374,415,354,396
5648,5648000,500,0,0,1120,670,-0,0,659,7,1,374,415,354,396
5650,5650000,500,0,0,1120,670,-0,0,659,-0,-0,374,415,354,396
5652,5652000,500,0,0,1120,670,-0,0,653,6,9,374,415,354,396
5654,5654000,500,0,0,1120,670,-0,0,651,-2,-3,374,415,354,396
5656,5656000,500,0,0,1120,670,-0,0,658,-2,2,374,415,354,395
5658,5658000,500,0,0,1120,670,-0,0,660,2,9,374,415,353,396
5660,5660000,500,0,0,1120,670,-0,0,657,-0,2,374,415,353,396
5662,5662000,500,0,0,1120,670,-0,0,657,-0,1,373,415,353,396
5664,5664000,500,0,0,1120,670,-0,0,664,3,-2,373,415,353,397
5666,5666000,500,0,0,1120,670,-0,0,661,2,1,372,416,353,397
5668,5668000,500,0,0,1120,670,-0,0,658,5,4,372,416,353,398
5670,5670000,500,0,0,1120,670,-0,0,653,3,0,372,416,353,397
5672,5672000,500,0,0,1120,670,-0,0,663,6,5,373,416,353,397
5674,5674000,500,0,0,1120,670,-0,0,653,4,8,373,416,353,396
5676,5676000,500,0,0,1120,670,-0,0,650,-1,7,374,415,353,396
5678,5678000,500,0,0,1120,670,-0,0,653,-1,7,374,415,354,396
5680,5680000,500,0,0,1120,670,-0,0,652,-0,8,374,414,354,396
5682,5682000,500,0,0,1120,670,-0,0,656,-2,6,374,414,354,396
5684,5684000,500,0,0,1120,670,-0,0,656,1,6,374,414,354,396
5686,5686000,500,0,0,1120,670,-0,0,654,-1,3,374,415,354,396
5688,5688000,500,0,0,1120,670,-0,0,662,2,2,373,415,353,397
5690,5690000,500,0,0,1120,670,-0,0,657,-2,3,373,416,353,397
5692,5692000,500,0,0,1120,670,-0,0,662,1,3,373,416,353,397
5694,5694000,500,0,0,1120,670,-0,0,659,-3,-1,373,416,353,397
5696,5696000,500,0,0,1120,670,-0,0,657,2,1,373,415,353,398
5698,5698000,500,0,0,1120,670,-0,0,664,-2,-3,373,415,353,397
5700,5700000,500,0,0,1120,670,-0,0,656,8,4,373,415,353,397
5702,5702000,500,0,0,1120,670,-0,0,657,5,2,373,415,353,397
5704,5704000,500,0,0,1120,670,-0,0,661,0,3,374,415,353,396
5706,5706000,500,0,0,1120,670,-0,0,658,7,3,374,415,353,396
5708,5708000,500,0,0,1120,670,-0,0,660,1,-2,374,415,354,396
5710,5710000,500,0,0,1120,670,-0,0,661,-4,-0,374,415,354,396
5712,5712000,500,0,0,1120,670,-0,0,655,-2,-1,374,414,354,396
5714,5714000,500,0,0,1120,670,-0,0,659,1,2,374,414,354,396
5716,5716000,500,0,0,1120,670,-0,0,657,-1,5,374,414,354,396
5718,5718000,500,0,0,1120,670,-0,0,661,-0,8,374,414,355,396
5720,5720000,500,0,0,1120,670,-0,0,663,1,2,374,413,355,396
5722,5722000,500,0,0,1120,670,-0,0,658,-2,1,374,413,355,396
5724,5724000,500,0,0,1120,670,-0,0,654,-0,6,374,413,355,396
5726,5726000,500,0,0,1120,670,-0,0,657,5,3,374,413,355,396
5728,5728000,500,0,0,1120,670,-0,0,662,-2,0,374,414,354,396
5730,5730000,500,0,0,1120,670,-0,0,659,-1,-2,374,414,354,396
5732,5732000,500,0,0,1120,670,-0,0,656,0,-0,374,415,354,396
5734,5734000,500,0,0,1120,670,-0,0,662,-6,4,374,414,354,396
5736,5736000,500,0,0,1120,670,-0,0,655,4,7,374,414,354,396
5738,5738000,500,0,0,1120,670,-0,0,665,4,5,374,413,355,396
5740,5740000,500,0,0,1120,670,-0,0,665,-0,-2,374,412,356,396
5742,5742000,500,0,0,1120,670,-0,0,661,0,3,375,412,357,396
5744,5744000,500,0,0,1120,670,-0,0,660,3,4,375,411,357,395
5746,5746000,500,0,0,1120,670,-0,0,656,1,4,376,411,357,395
5748,5748000,500,0,0,1120,670,-0,0,661,-1,2,376,411,357,394
5750,5750000,500,0,0,1120,670,-0,0,663,4,6,376,412,357,394
5752,5752000,500,0,0,1120,670,-0,0,663,-1,3,376,412,356,395
5754,5754000,500,0,0,1120,670,-0,0,661,3,-1,375,412,357,395
5756,5756000,500,0,0,1120,670,-0,0,656,2,4,375,412,357,395
5758,5758000,500,0,0,1120,670,-0,0,666,3,1,375,412,357,395
5760,5760000,500,0,0,1120,670,-0,0,658,-1,6,375,412,357,395
5762,5762000,500,0,0,1120,670,-0,0,666,-0,-1,376,411,357,395
5764,5764000,500,0,0,1120,670,-0,0,668,6,3,376,411,357,394
5766,5766000,500,0,0,1120,670,-0,0,662,4,3,376,411,357,394
5768,5768000,500,0,0,1120,670,-0,0,658,-1,2,376,410,358,395
5770,5770000,500,0,0,1120,670,-0,0,663,-2,1,376,410,358,395
5772,5772000,500,0,0,1120,670,-0,0,665,-2,4,375,410,358,395
5774,5774000,500,0,0,1120,670,-0,0,663,-4,-0,376,410,359,395
5776,5776000,500,0,0,1120,670,-0,0,660,-1,-3,376,410,359,394
5778,5778000,500,0,0,1120,670,-0,0,663,6,3,376,410,359,394
5780,5780000,500,0,0,1120,670,-0,0,668,3,0,377,409,359,393
5782,5782000,500,0,0,1120,670,-0,0,664,-4,1,377,409,359,393
5784,5784000,500,0,0,1120,670,-0,0,660,3,4,377,409,360,393
5786,5786000,500,0,0,1120,670,-0,0,664,7,3,377,408,360,393
5788,5788000,500,0,0,1120,670,-0,0,670,4,-2,377,408,360,393
5790,5790000,500,0,0,1120,670,-0,0,669,1,-3,377,408,360,393
5792,5792000,500,0,0,1120,670,-0,0,662,-1,0,376,409,360,394
5794,5794000,500,0,0,1120,670,-0,0,666,4,6,376,409,360,394
5796,5796000,500,0,0,1120,670,-0,0,670,-5,-1,376,409,360,394
5798,5798000,500,0,0,1120,670,-0,0,660,-5,0,375,409,360,394
5800,5800000,500,0,0,1120,670,-0,0,659,2,6,376,408,360,394
5802,5802000,500,0,0,1120,670,-0,0,666,-6,-3,376,408,361,393
5804,5804000,500,0,0,1120,670,-0,0,664,-4,-2,377,408,361,393
5806,5806000,500,0,0,1120,670,-0,0,663,-8,2,378,408,361,392
5808,5808000,500,0,0,1120,670,-0,0,659,-3,3,378,407,362,392
5810,5810000,500,0,0,1120,670,-0,0,666,6,-4,378,407,362,392
5812,5812000,500,0,0,1120,670,-0,0,667,2,-3,378,407,362,392
5814,5814000,500,0,0,1120,670,-0,0,668,3,2,377,406,363,392
5816,5816000,500,0,0,1120,670,-0,0,664,-3,0,377,406,363,393
5818,5818000,500,0,0,1120,670,-0,0,668,-2,-2,377,407,363,393
5820,5820000,500,0,0,1120,670,-0,0,661,-7,-3,377,407,363,393
5822,5822000,500,0,0,1120,670,-0,0,670,4,1,377,407,363,392
5824,5824000,500,0,0,1120,670,-0,0,665,-2,-2,377,407,363,392
5826,5826000,500,0,0,1120,670,-0,0,669,-2,2,377,407,363,392
5828,5828000,500,0,0,1120,670,-0,0,662,-1,-0,377,406,363,392
5830,5830000,500,0,0,1120,670,-0,0,668,-1,6,377,406,363,392
5832,5832000,500,0,0,1120,670,-0,0,664,-1,-2,377,406,363,392
5834,5834000,500,0,0,1120,670,-0,0,669,0,4,377,406,363,392
5836,5836000,500,0,0,1120,670,-0,0,661,-4,-1,377,407,363,392
5838,5838000,500,0,0,1120,670,-0,0,668,-2,4,377,407,363,392
5840,5840000,500,0,0,1120,670,-0,0,664,-5,-3,377,407,363,392
5842,5842000,500,0,0,1120,670,-0,0,665,2,-0,377,406,364,392
5844,5844000,500,0,0,1120,670,-0,0,669,-2,-4,376,405,365,392
5846,5846000,500,0,0,1120,670,-0,0,662,-6,-2,377,405,366,392
5848,5848000,500,0,0,1120,670,-0,0,666,-2,-2,377,404,366,392
5850,5850000,500,0,0,1120,670,-0,0,667,-6,-4,377,404,366,391
5852,5852000,500,0,0,1120,670,-0,0,668,-3,3,377,405,366,391
5854,5854000,500,0,0,1120,670,-0,0,660,-1,3,377,405,365,391
5856,5856000,500,0,0,1120,670,-0,0,666,-1,2,377,406,365,392
5858,5858000,500,0,0,1120,670,-0,0,673,-5,-0,376,406,364,392
5860,5860000,500,0,0,1120,670,-0,0,667,-5,-2,376,406,364,392
5862,5862000,500,0,0,1120,670,-0,0,671,-6,-2,376,406,364,392
5864,5864000,500,0,0,1120,670,-0,0,668,-3,0,376,406,365,392
5866,5866000,500,0,0,1120,670,-0,0,668,0,1,376,406,365,392
5868,5868000,500,0,0,1120,670,-0,0,664,3,-0,376,405,366,392
5870,5870000,500,0,0,1120,670,-0,0,665,-1,7,376,405,366,392
5872,5872000,500,0,0,1120,670,-0,0,668,-1,5,376,404,367,392
5874,5874000,500,0,0,1120,670,-0,0,671,1,6,376,404,367,392
5876,5876000,500,0,0,1120,670,-0,0,671,4,0,376,404,367,392
5878,5878000,500,0,0,1120,670,-0,0,674,-5,-2,376,405,367,391
5880,5880000,500,0,0,1120,670,-0,0,669,-5,-3,376,405,366,391
5882,5882000,500,0,0,1120,670,-0,0,665,-3,-4,376,405,366,391
5884,5884000,500,0,0,1120,670,-0,0,663,-3,3,376,405,366,391
5886,5886000,500,0,0,1120,670,-0,0,660,-3,3,375,405,366,391
5888,5888000,500,0,0,1120,670,-0,0,663,-7,-2,375,405,367,392
5890,5890000,500,0,0,1120,670,-0,0,672,-4,0,375,405,367,392
5892,5892000,500,0,0,1120,670,-0,0,666,3,5,375,405,367,392
5894,5894000,500,0,0,1120,670,-0,0,660,-6,3,375,405,367,392
5896,5896000,500,0,0,1120,670,-0,0,668,-2,-1,375,405,367,392
5898,5898000,500,0,0,1120,670,-0,0,673,1,6,374,405,367,392
5900,5900000,500,0,0,1120,670,-0,0,668,-6,-4,374,405,367,392
5902,5902000,500,0,0,1120,670,-0,0,666,-6,-1,374,405,367,393
5904,5904000,500,0,0,1120,670,-0,0,669,1,3,374,405,367,393
5906,5906000,500,0,0,1120,670,-0,0,669,-1,1,374,405,367,392
5908,5908000,500,0,0,1120,670,-0,0,669,2,0,375,405,367,391
5910,5910000,500,0,0,1120,670,-0,0,674,4,2,375,405,367,391
5912,5912000,500,0,0,1120,670,-0,0,671,0,-6,376,405,368,390
5914,5914000,500,0,0,1120,670,-0,0,664,-10,2,375,405,368,390
5916,5916000,500,0,0,1120,670,-0,0,666,-4,1,375,405,368,390
5918,5918000,500,0,0,1120,670,-0,0,674,-2,1,374,405,368,391
5920,5920000,500,0,0,1120,670,-0,0,669,-7,2,374,405,368,392
5922,5922000,500,0,0,1120,670,-0,0,667,-2,4,373,405,368,392
5924,5924000,500,0,0,1120,670,-0,0,667,-6,-3,373,405,368,393
5926,5926000,500,0,0,1120,670,-0,0,666,-5,1,373,406,368,393
5928,5928000,500,0,0,1120,670,-0,0,661,-3,-2,373,406,367,392
5930,5930000,500,0,0,1120,670,-0,0,666,4,4,373,406,367,392
5932,5932000,500,0,0,1120,670,-0,0,672,-7,-1,373,406,368,391
5934,5934000,500,0,0,1120,670,-0,0,672,1,4,374,406,368,391
5936,5936000,500,0,0,1120,670,-0,0,664,-2,1,374,406,368,391
5938,5938000,500,0,0,1120,670,-0,0,670,-4,-4,374,406,368,391
5940,5940000,500,0,0,1120,670,-0,0,670,-4,8,374,406,368,391
5942,5942000,500,0,0,1120,670,-0,0,671,-5,-3,373,406,368,391
5944,5944000,500,0,0,1120,670,-0,0,670,-8,-1,373,406,368,392
5946,5946000,500,0,0,1120,670,-0,0,663,-6,4,372,406,368,392
5948,5948000,500,0,0,1120,670,-0,0,665,-5,-2,372,406,369,392
5950,5950000,500,0,0,1120,670,-0,0,659,-2,4,372,406,369,392
5952,5952000,500,0,0,1120,670,-0,0,670,-3,6,373,406,369,391
5954,5954000,500,0,0,1120,670,-0,0,668,-7,-2,373,406,369,391
5956,5956000,500,0,0,1120,670,-0,0,667,-3,-0,373,406,369,391
5958,5958000,500,0,0,1120,670,-0,0,665,-7,-5,373,407,368,391
5960,5960000,500,0,0,1120,670,-0,0,661,-4,2,372,407,368,391
5962,5962000,500,0,0,1120,670,-0,0,666,-7,4,372,407,368,391
5964,5964000,500,0,0,1120,670,-0,0,668,-7,-3,372,407,368,392
5966,5966000,500,0,0,1120,670,-0,0,665,-8,3,372,408,368,392
5968,5968000,500,0,0,1120,670,-0,0,663,-8,-5,372,408,368,392
5970,5970000,500,0,0,1120,670,-0,0,662,-4,0,372,408,368,391
5972,5972000,500,0,0,1120,670,-0,0,668,-7,4,372,407,368,391
5974,5974000,500,0,0,1120,670,-0,0,668,0,5,372,407,369,391
5976,5976000,500,0,0,1120,670,-0,0,669,-1,4,372,406,369,391
5978,5978000,500,0,0,1120,670,-0,0,668,0,-3,372,406,370,391
5980,5980000,500,0,0,1120,670,-0,0,667,-5,-4,372,407,370,391
5982,5982000,500,0,0,1120,670,-0,0,666,-4,-1,372,407,369,390
5984,5984000,500,0,0,1120,670,-0,0,666,1,3,372,408,368,390
5986,5986000,500,0,0,1120,670,-0,0,668,-0,1,372,409,367,390
5988,5988000,500,0,0,1120,670,-0,0,671,1,-7,372,409,367,390
5990,5990000,500,0,0,1120,670,-0,0,670,-9,-7,371,409,367,391
5992,5992000,500,0,0,1120,670,-0,0,666,-4,-4,371,409,368,391
5994,5994000,500,0,0,1120,670,-0,0,667,-1,0,371,408,368,391
5996,5996000,500,0,0,1120,670,-0,0,661,-0,-0,371,408,369,391
5998,5998000,500,0,0,1120,670,-0,0,660,-2,-1,371,408,369,391
6000,6000000,500,0,0,1120,670,-0,0,670,-1,-5,371,408,369,391
6002,6002000,500,0,0,1120,670,-0,0,665,-0,-7,371,408,369,391
6004,6004000,500,0,0,1120,670,-0,0,674,-4,-2,371,409,368,390
6006,6006000,500,0,0,1120,670,-0,0,671,-5,-6,371,409,368,390
6008,6008000,500,0,0,1120,670,-0,0,669,-2,-1,371,410,368,390
6010,6010000,500,0,0,1120,670,-0,0,669,5,0,371,410,368,390
6012,6012000,500,0,0,1120,670,-0,0,672,1,2,371,410,368,390
6014,6014000,500,0,0,1120,670,-0,0,669,-3,-5,371,410,368,390
6016,6016000,500,0,0,1120,670,-0,0,671,-5,-2,371,410,368,390
6018,6018000,500,0,0,1120,670,-0,0,665,-7,-1,371,409,368,390
6020,6020000,500,0,0,1120,670,-0,0,670,-8,1,371,409,368,390
6022,6022000,500,0,0,1120,670,-0,0,667,-6,-2,371,409,369,390
6024,6024000,500,0,0,1120,670,-0,0,669,0,-2,370,410,369,390
6026,6026000,500,0,0,1120,670,-0,0,663,-6,-6,370,410,368,390
6028,6028000,500,0,0,1120,670,-0,0,670,1,1,370,411,368,391
6030,6030000,500,0,0,1120,670,-0,0,670,-2,-6,370,411,367,391
6032,6032000,500,0,0,1120,670,-0,0,666,-3,0,370,411,367,390
6034,6034000,500,0,0,1120,670,-0,0,661,-6,-6,370,411,367,390
6036,6036000,500,0,0,1120,670,-0,0,669,-4,-5,370,411,367,390
6038,6038000,500,0,0,1120,670,-0,0,669,-3,1,370,411,368,389
6040,6040000,500,0,0,1120,670,-0,0,664,-6,-8,371,411,368,389
6042,6042000,500,0,0,1120,670,-0,0,667,-9,-2,371,411,368,389
6044,6044000,500,0,0,1120,670,-0,0,668,2,0,371,411,368,389
6046,6046000,500,0,0,1120,670,-0,0,665,-4,2,370,412,368,389
6048,6048000,328,-52,0,1178,304,-14,0,666,-4,2,2043,390,1918,252
6050,6050000,186,-95,0,1225,109,-35,0,660,-1,1,2044,514,1790,252
6052,6052000,68,-130,0,1265,21,-59,0,640,-8,-0,2047,604,1695,251
6054,6054000,-30,-159,0,1297,-6,-83,0,622,-3,13,2047,652,1634,251
6056,6056000,-110,-182,0,1324,-45,-105,0,594,-3,12,2047,669,1601,251
6058,6058000,-177,-199,0,1347,-100,-123,0,560,-14,19,2047,661,1591,251
6060,6060000,-233,-213,0,1365,-163,-139,0,525,-15,21,2047,642,1590,251
6062,6062000,-279,-223,0,1381,-225,-150,0,480,-14,30,2047,617,1596,250
6064,6064000,-317,-229,0,1393,-285,-158,0,418,-25,31,2047,584,1606,250
6066,6066000,-348,-232,0,1404,-340,-162,0,365,-32,24,2028,536,1572,249
6068,6068000,-374,-232,0,1412,-389,-162,0,297,-38,20,1777,454,1393,244
6070,6070000,-396,-230,0,1419,-431,-159,0,230,-42,20,1612,494,1321,369
6072,6072000,-397,-225,0,1424,-433,-153,0,150,-50,20,1276,744,1109,710
6074,6074000,-372,-218,0,1429,-384,-144,0,72,-69,3,810,1123,765,1175
6076,6076000,-329,-208,0,1432,-305,-133,0,14,-69,13,382,1471,444,1601
6078,6078000,-275,-198,0,1435,-221,-121,0,-41,-74,8,244,1748,381,1941
6080,6080000,-219,-186,0,1437,-145,-109,0,-70,-80,16,249,1820,431,2047
6082,6082000,-164,-174,0,1439,-87,-97,0,-94,-85,11,249,1770,468,2047
6084,6084000,-114,-161,0,1440,-47,-85,0,-95,-89,23,248,1543,488,1881
6086,6086000,-74,-149,0,1441,-23,-74,0,-91,-92,18,335,1329,586,1710
6088,6088000,-43,-138,0,1441,-10,-65,0,-84,-104,15,526,1147,762,1528
6090,6090000,-22,-128,0,1441,-4,-57,0,-62,-102,17,703,1006,906,1350
6092,6092000,-11,-121,0,1441,-2,-52,0,-50,-92,7,849,917,1004,1193
6094,6094000,-7,-116,0,1441,-1,-48,0,-34,-91,3,959,874,1059,1068
6096,6096000,-9,-113,0,1440,-1,-47,0,-18,-88,-2,1036,866,1078,977
6098,6098000,-14,-113,0,1439,-3,-47,0,-12,-82,4,1085,879,1073,914
6100,6100000,-22,-115,0,1438,-4,-48,0,-4,-74,-2,1112,904,1054,874
6102,6102000,-30,-118,0,1437,-6,-50,0,8,-62,-2,1123,933,1030,852
6104,6104000,-37,-122,0,1436,-8,-53,0,5,-61,-0,1118,961,1004,846
6106,6106000,-43,-126,0,1435,-10,-56,0,0,-58,-2,1102,985,980,853
6108,6108000,-47,-130,0,1434,-12,-59,0,9,-58,-4,1078,1005,959,868
6110,6110000,-50,-133,0,1433,-13,-61,0,-5,-55,-5,1049,1019,944,889
6112,6112000,-50,-136,0,1431,-13,-63,0,-5,-58,-13,1020,1028,933,910
6114,6114000,-50,-138,0,1430,-13,-65,0,-3,-56,-9,992,1031,927,931
6116,6116000,-48,-138,0,1428,-12,-65,0,-14,-56,-5,967,1029,925,949
6118,6118000,-45,-138,0,1427,-11,-65,0,-10,-61,-16,945,1022,927,963
6120,6120000,-42,-137,0,1425,-10,-65,0,-16,-64,-9,927,1011,933,974
6122,6122000,-39,-136,0,1424,-9,-63,0,-14,-59,-4,913,997,941,982
6124,6124000,-37,-134,0,1422,-8,-62,0,-19,-62,-9,902,984,948,986
6126,6126000,-34,-131,0,1420,-8,-60,0,-18,-69,-7,896,974,952,985
6128,6128000,-32,-129,0,1419,-7,-58,0,-12,-68,-10,895,970,951,979
6130,6130000,-31,-128,0,1417,-7,-57,0,-14,-64,-11,899,971,944,969
6132,6132000,-30,-127,0,1415,-6,-56,0,-20,-61,-11,905,976,934,955
6134,6134000,-28,-126,0,1413,-6,-56,0,-15,-52,-9,912,981,922,940
6136,6136000,-28,-127,0,1412,-6,-56,0,-12,-55,-7,918,985,912,927
6138,6138000,-27,-127,0,1410,-6,-57,0,-18,-51,-4,922,985,906,916
6140,6140000,-27,-128,0,1408,-6,-57,0,-12,-56,-12,923,980,903,908
6142,6142000,-27,-128,0,1406,-6,-57,0,-12,-52,-10,923,973,903,902
6144,6144000,-28,-128,0,1404,-6,-58,0,-17,-56,-4,920,966,904,897
6146,6146000,-29,-129,0,1402,-6,-58,0,-6,-60,-8,917,958,904,893
6148,6148000,-30,-129,0,1401,-6,-58,0,-10,-50,-8,912,952,904,891
6150,6150000,-31,-128,0,1399,-7,-57,0,-7,-50,-10,905,947,903,890
6152,6152000,-31,-128,0,1397,-7,-57,0,-8,-49,-5,897,943,901,891
6154,6154000,-32,-127,0,1395,-7,-56,0,-7,-53,-9,888,938,898,893
6156,6156000,-32,-126,0,1393,-7,-56,0,-9,-52,-8,881,935,895,893
6158,6158000,-32,-125,0,1392,-7,-55,0,-11,-49,-2,875,933,891,891
6160,6160000,-32,-125,0,1390,-7,-55,0,-5,-50,-6,873,931,886,886
6162,6162000,-32,-124,0,1388,-7,-54,0,-11,-52,-8,873,930,881,879
6164,6164000,-32,-124,0,1386,-7,-54,0,-4,-53,-7,874,928,875,872
6166,6166000,-33,-124,0,1384,-7,-54,0,-7,-47,-10,874,926,871,865
6168,6168000,-33,-123,0,1382,-7,-54,0,-10,-53,-7,871,922,868,860
6170,6170000,-33,-123,0,1381,-7,-54,0,-9,-48,-12,867,918,866,858
6172,6172000,-33,-123,0,1379,-7,-53,0,-11,-51,-3,861,913,864,857
6174,6174000,-33,-122,0,1377,-7,-53,0,-9,-53,-9,854,909,861,857
6176,6176000,-33,-121,0,1375,-7,-52,0,-8,-50,-14,847,905,859,857
6178,6178000,-33,-120,0,1374,-7,-52,0,-9,-47,-1,842,902,856,855
6180,6180000,-33,-120,0,1372,-7,-51,0,-10,-52,-7,838,898,854,852
6182,6182000,-32,-119,0,1370,-7,-51,0,-11,-52,-9,836,894,851,847
6184,6184000,-32,-118,0,1368,-7,-50,0,-11,-47,-4,835,890,849,841
6186,6186000,-33,-118,0,1367,-7,-50,0,-5,-46,-9,836,888,845,834
6188,6188000,-33,-117,0,1365,-7,-50,0,-6,-43,-7,838,886,840,826
6190,6190000,-33,-117,0,1363,-7,-50,0,-7,-50,-11,838,885,835,819
6192,6192000,-34,-117,0,1362,-7,-50,0,-1,-46,-8,836,884,829,815
6194,6194000,-34,-117,0,1360,-7,-49,0,-8,-40,-5,832,882,825,813
6196,6196000,-34,-117,0,1358,-7,-49,0,-6,-43,-11,824,878,823,814
6198,6198000,-33,-117,0,1357,-7,-49,0,-8,-49,-8,815,873,822,817
6200,6200000,-33,-116,0,1355,-7,-48,0,-11,-47,-6,806,867,822,819
6202,6202000,-33,-115,0,1353,-7,-48,0,-8,-52,-10,800,862,822,819
6204,6204000,-32,-114,0,1352,-7,-47,0,-8,-43,-7,797,858,820,815
6206,6206000,-32,-113,0,1350,-7,-46,0,-13,-45,-3,798,855,816,809
6208,6208000,-32,-112,0,1349,-7,-46,0,-7,-45,-14,799,854,812,802
6210,6210000,-32,-112,0,1347,-7,-46,0,-3,-43,-10,800,852,808,795
6212,6212000,-32,-112,0,1346,-7,-46,0,-8,-46,-7,800,850,804,790
6214,6214000,-33,-111,0,1344,-7,-45,0,-7,-41,-3,797,847,801,786
6216,6216000,-33,-111,0,1343,-7,-45,0,-7,-40,-8,793,845,797,784
6218,6218000,-33,-111,0,1341,-7,-45,0,-6,-43,2,789,843,794,783
6220,6220000,-33,-111,0,1339,-7,-45,0,-3,-39,-8,786,841,790,780
6222,6222000,-32,-110,0,1338,-7,-45,0,-1,-43,-3,782,839,787,778
6224,6224000,-32,-110,0,1337,-7,-44,0,-5,-39,-6,779,835,785,775
6226,6226000,-32,-109,0,1335,-7,-44,0,-13,-37,-1,775,830,785,773
6228,6228000,-32,-109,0,1334,-7,-44,0,-10,-39,-6,772,824,785,771
6230,6230000,-32,-108,0,1332,-7,-43,0,-2,-42,-8,768,818,786,770
6232,6232000,-33,-107,0,1331,-7,-43,0,-4,-46,-7,764,814,784,768
6234,6234000,-33,-106,0,1329,-7,-42,0,-4,-42,-5,762,812,780,766
6236,6236000,-33,-106,0,1328,-7,-42,0,-3,-39,-12,760,813,774,762
6238,6238000,-32,-105,0,1326,-7,-41,0,-10,-42,-7,759,815,767,758
6240,6240000,-32,-105,0,1325,-7,-41,0,-8,-41,-13,758,816,761,754
6242,6242000,-32,-105,0,1324,-7,-41,0,-10,-40,-3,756,816,756,750
6244,6244000,-31,-105,0,1322,-7,-41,0,-3,-38,-5,753,813,754,747
6246,6246000,-31,-105,0,1321,-7,-41,0,-6,-37,-11,751,808,754,745
6248,6248000,-31,-104,0,1320,-7,-41,0,-5,-42,-7,748,802,755,742
6250,6250000,-31,-104,0,1318,-7,-40,0,-6,-37,-2,745,796,756,740
6252,6252000,-31,-103,0,1317,-7,-40,0,-6,-33,0,743,790,757,738
6254,6254000,-32,-103,0,1316,-7,-40,0,-4,-36,-6,740,785,756,736
6256,6256000,-32,-102,0,1314,-7,-39,0,-4,-45,-7,736,782,755,735
6258,6258000,-32,-101,0,1313,-7,-39,0,-1,-44,-4,733,780,751,733
6260,6260000,-32,-101,0,1312,-7,-38,0,-11,-39,-10,730,780,746,731
6262,6262000,-32,-100,0,1311,-7,-38,0,-6,-32,-3,728,782,740,728
6264,6264000,-32,-100,0,1309,-7,-38,0,-4,-34,-3,727,783,734,724
6266,6266000,-32,-100,0,1308,-7,-38,0,-1,-32,1,727,784,729,720
6268,6268000,-31,-100,0,1307,-7,-38,0,-8,-34,1,726,782,726,716
6270,6270000,-31,-100,0,1306,-7,-38,0,-11,-33,2,723,779,725,714
6272,6272000,-31,-99,0,1304,-7,-38,0,-1,-39,-8,720,773,726,712
6274,6274000,-31,-99,0,1303,-7,-37,0,1,-31,-5,716,768,727,712
6276,6276000,-31,-98,0,1302,-7,-37,0,-5,-33,-4,712,763,727,711
6278,6278000,-31,-98,0,1301,-7,-37,0,-6,-42,-10,709,759,726,710
6280,6280000,-31,-97,0,1300,-7,-36,0,-5,-35,-2,707,758,723,708
6282,6282000,-31,-96,0,1298,-7,-36,0,-10,-36,-2,705,757,719,706
6284,6284000,-31,-96,0,1297,-7,-36,0,-6,-31,-8,703,756,716,703
6286,6286000,-31,-96,0,1296,-7,-35,0,-5,-31,-2,702,754,713,700
6288,6288000,-31,-95,0,1295,-7,-35,0,-2,-29,-2,701,752,712,697
6290,6290000,-31,-95,0,1294,-7,-35,0,2,-27,3,700,749,710,694
6292,6292000,-31,-94,0,1293,-7,-35,0,-7,-32,1,699,747,708,690
6294,6294000,-31,-94,0,1292,-7,-34,0,-1,-38,-8,699,745,706,686
6296,6296000,-31,-94,0,1291,-7,-34,0,-4,-34,-2,698,744,703,683
6298,6298000,-31,-94,0,1289,-7,-34,0,-8,-31,-1,696,743,699,681
6300,6300000,-31,-94,0,1288,-7,-34,0,-4,-32,1,692,741,697,681
6302,6302000,-31,-93,0,1287,-7,-34,0,1,-34,-2,686,738,695,682
6304,6304000,-31,-93,0,1286,-7,-34,0,-6,-30,1,681,735,694,684
6306,6306000,-31,-92,0,1285,-7,-33,0,-0,-27,-2,676,732,694,685
6308,6308000,-30,-91,0,1284,-6,-33,0,-5,-29,-3,673,730,692,684
6310,6310000,-30,-91,0,1283,-6,-32,0,-9,-31,-5,673,728,690,680
6312,6312000,-30,-90,0,1282,-6,-32,0,-5,-29,2,674,726,688,675
6314,6314000,-30,-90,0,1281,-6,-32,0,-9,-32,-1,676,725,686,669
6316,6316000,-30,-90,0,1280,-6,-32,0,-2,-32,-1,677,723,683,664
6318,6318000,-30,-90,0,1279,-6,-32,0,2,-22,-2,677,721,681,660
6320,6320000,-30,-89,0,1278,-6,-32,0,-5,-30,-5,676,719,679,658
6322,6322000,-31,-89,0,1277,-7,-32,0,-3,-24,-5,673,717,678,658
6324,6324000,-31,-89,0,1276,-7,-31,0,-2,-26,-4,669,715,676,658
6326,6326000,-31,-89,0,1275,-7,-31,0,-4,-26,-2,665,713,674,658
6328,6328000,-31,-88,0,1274,-7,-31,0,-6,-29,-0,661,711,673,658
6330,6330000,-31,-88,0,1273,-7,-31,0,-7,-25,-1,658,708,672,658
6332,6332000,-30,-87,0,1272,-6,-30,0,3,-24,-6,655,705,671,657
6334,6334000,-30,-87,0,1271,-6,-30,0,-6,-28,-0,653,703,670,655
6336,6336000,-30,-86,0,1270,-6,-30,0,-6,-32,-1,653,702,668,652
6338,6338000,-30,-86,0,1269,-6,-30,0,-0,-25,-2,653,701,664,649
6340,6340000,-30,-85,0,1268,-6,-29,0,-8,-30,-0,653,701,661,645
6342,6342000,-30,-85,0,1268,-6,-29,0,-3,-28,-5,652,701,657,642
6344,6344000,-30,-85,0,1267,-6,-29,0,-6,-33,-3,651,700,655,641
6346,6346000,-30,-85,0,1266,-6,-29,0,-6,-24,1,648,698,653,640
6348,6348000,-30,-85,0,1265,-6,-29,0,-1,-33,-5,646,695,652,639
6350,6350000,-30,-84,0,1264,-6,-29,0,-7,-27,-2,643,692,652,638
6352,6352000,-29,-84,0,1263,-6,-29,0,-5,-26,2,642,689,652,637
6354,6354000,-30,-84,0,1262,-6,-28,0,-4,-33,-3,641,686,652,634
6356,6356000,-30,-83,0,1261,-6,-28,0,-4,-32,-1,640,683,652,631
6358,6358000,-30,-83,0,1260,-6,-28,0,3,-28,-8,639,680,651,629
6360,6360000,-30,-82,0,1260,-6,-28,0,-4,-32,-1,637,679,650,628
6362,6362000,-31,-82,0,1259,-7,-27,0,-8,-28,-3,635,677,648,627
6364,6364000,-31,-81,0,1258,-7,-27,0,-2,-24,-5,632,677,645,627
6366,6366000,-30,-81,0,1257,-6,-27,0,-4,-26,-7,630,677,641,626
6368,6368000,-30,-81,0,1256,-6,-27,0,-6,-31,2,629,678,636,624
6370,6370000,-30,-81,0,1255,-6,-27,0,-5,-28,-7,628,679,632,622
6372,6372000,-30,-80,0,1255,-6,-27,0,-0,-21,1,627,679,629,620
6374,6374000,-29,-80,0,1254,-6,-27,0,-7,-30,-5,626,677,628,618
6376,6376000,-29,-80,0,1253,-6,-27,0,-4,-19,-3,624,673,629,616
6378,6378000,-29,-80,0,1252,-6,-26,0,3,-27,-6,622,669,631,616
6380,6380000,-29,-79,0,1251,-6,-26,0,-1,-19,2,620,664,633,615
6382,6382000,-29,-79,0,1251,-6,-26,0,-4,-28,-6,618,660,633,614
6384,6384000,-29,-78,0,1250,-6,-26,0,4,-28,-6,617,658,632,612
6386,6386000,-30,-78,0,1249,-6,-25,0,-6,-30,-3,616,658,630,610
6388,6388000,-30,-77,0,1248,-6,-25,0,-3,-26,-8,616,658,626,608
6390,6390000,-30,-77,0,1247,-6,-25,0,-3,-22,5,615,658,623,605
6392,6392000,-30,-77,0,1247,-6,-25,0,-0,-27,-5,614,658,620,603
6394,6394000,-30,-77,0,1246,-6,-25,0,-3,-29,-8,613,658,618,602
6396,6396000,-30,-77,0,1245,-6,-25,0,0,-27,-4,612,656,616,600
6398,6398000,-30,-76,0,1244,-6,-25,0,-1,-20,-2,610,655,615,599
6400,6400000,-30,-65,0,1244,-6,-19,0,-7,-24,0,579,623,644,627
6402,6402000,-30,-45,0,1243,-6,-11,0,-10,-24,-3,549,594,671,654
6404,6404000,-30,-29,0,1242,-6,-6,0,2,-16,2,544,590,672,657
6406,6406000,-29,-17,0,1242,-6,-3,0,-8,-18,3,552,599,660,646
6408,6408000,-29,-7,0,1241,-6,-1,0,-8,-15,-1,564,612,644,631
6410,6410000,-29,0,0,1240,-6,0,0,-1,-12,-6,577,626,628,616
6412,6412000,-29,5,0,1239,-6,1,0,-6,-9,1,587,636,614,603
6414,6414000,-28,8,0,1239,-6,1,0,-3,-8,-6,596,643,605,592
6416,6416000,-28,10,0,1238,-6,2,0,1,-8,-7,602,647,598,584
6418,6418000,-28,10,0,1237,-6,2,0,-8,-8,-3,606,649,593,577
6420,6420000,-29,10,0,1237,-6,2,0,-3,1,2,608,649,591,572
6422,6422000,-29,9,0,1236,-6,1,0,2,6,2,609,647,590,569
6424,6424000,-29,8,0,1235,-6,1,0,1,7,-2,608,646,590,567
6426,6426000,-29,7,0,1235,-6,1,0,-6,3,1,605,644,589,567
6428,6428000,-30,6,0,1234,-6,1,0,-8,4,1,602,642,588,568
6430,6430000,-30,5,0,1233,-6,1,0,-1,2,-3,599,641,587,569
6432,6432000,-30,4,0,1233,-6,1,0,-2,3,-3,595,639,586,571
6434,6434000,-29,3,0,1232,-6,0,0,4,3,-3,591,636,586,573
6436,6436000,-29,3,0,1232,-6,0,0,-0,-3,-0,587,634,586,574
6438,6438000,-29,2,0,1231,-6,0,0,-5,3,3,585,631,587,574
6440,6440000,-29,2,0,1230,-6,0,0,-5,6,1,583,628,587,573
6442,6442000,-29,2,0,1230,-6,0,0,1,6,-6,583,627,586,571
6444,6444000,-29,1,0,1229,-6,0,0,-3,-1,-2,583,625,586,569
6446,6446000,-29,1,0,1228,-6,0,0,-1,5,-3,583,624,585,566
6448,6448000,-29,1,0,1228,-6,0,0,-2,6,5,582,622,584,565
6450,6450000,-29,1,0,1227,-6,0,0,1,-1,-1,580,620,584,565
6452,6452000,-29,1,0,1227,-6,0,0,-8,3,1,578,617,584,565
6454,6454000,-29,1,0,1226,-6,0,0,-0,1,-0,575,615,585,566
6456,6456000,-29,1,0,1226,-6,0,0,-3,-1,-2,573,613,584,566
6458,6458000,-29,2,0,1225,-6,0,0,0,-2,-2,572,611,584,566
6460,6460000,-29,2,0,1224,-6,0,0,-4,3,3,571,610,582,564
6462,6462000,-29,2,0,1224,-6,0,0,-3,3,4,571,610,581,562
6464,6464000,-30,2,0,1223,-6,0,0,3,4,0,571,609,579,561
6466,6466000,-30,2,0,1223,-6,0,0,-1,4,-2,570,609,577,559
6468,6468000,-29,3,0,1222,-6,0,0,-4,4,-5,568,609,575,559
6470,6470000,-29,3,0,1222,-6,0,0,-4,-3,2,567,610,573,558
6472,6472000,-29,3,0,1221,-6,0,0,-5,-5,1,565,610,571,558
6474,6474000,-29,2,0,1221,-6,0,0,-1,-5,2,564,609,569,557
6476,6476000,-29,2,0,1220,-6,0,0,-2,1,-4,563,608,568,556
6478,6478000,-28,2,0,1220,-6,0,0,-5,3,-1,562,606,568,555
6480,6480000,-28,2,0,1219,-6,0,0,3,4,-3,561,604,568,554
6482,6482000,-28,2,0,1219,-6,0,0,-5,7,4,561,601,569,553
6484,6484000,-28,3,0,1218,-6,0,0,3,2,1,561,598,570,551
6486,6486000,-29,3,0,1218,-6,0,0,-2,4,2,561,596,570,549
6488,6488000,-29,3,0,1217,-6,0,0,1,-1,-3,561,595,569,547
6490,6490000,-29,3,0,1217,-6,0,0,-2,-3,1,560,595,567,546
6492,6492000,-29,3,0,1216,-6,0,0,-2,6,-2,559,595,565,545
6494,6494000,-29,3,0,1216,-6,0,0,4,2,-1,558,595,563,544
6496,6496000,-29,3,0,1215,-6,0,0,-2,-4,4,556,596,561,544
6498,6498000,-29,2,0,1215,-6,0,0,-7,1,2,554,596,559,544
6500,6500000,-29,2,0,1214,-6,0,0,-5,-1,1,553,596,557,544
6502,6502000,-29,2,0,1214,-6,0,0,-6,-3,1,552,595,556,543
6504,6504000,-29,2,0,1213,-6,0,0,-9,-0,-4,551,594,555,542
6506,6506000,-28,2,0,1213,-6,0,0,-5,1,1,551,592,555,541
6508,6508000,-28,2,0,1212,-6,0,0,4,2,-4,549,590,556,541
6510,6510000,-28,2,0,1212,-6,0,0,-2,3,-1,548,587,556,540
6512,6512000,-28,2,0,1211,-6,0,0,0,1,1,547,586,556,540
6514,6514000,-28,2,0,1211,-6,0,0,-10,-3,-3,546,585,555,539
6516,6516000,-28,2,0,1210,-6,0,0,1,2,1,546,584,554,537
6518,6518000,-28,2,0,1210,-6,0,0,2,9,2,547,585,552,535
6520,6520000,-28,2,0,1209,-6,0,0,1,5,-2,547,584,550,533
6522,6522000,-28,2,0,1209,-6,0,0,-1,3,-5,548,584,549,531
6524,6524000,-29,2,0,1209,-6,0,0,1,7,7,547,582,549,530
6526,6526000,-29,2,0,1208,-6,0,0,1,1,0,546,581,549,529
6528,6528000,-29,2,0,1208,-6,0,0,4,1,-3,544,579,549,530
6530,6530000,-29,2,0,1207,-6,0,0,3,2,1,542,578,548,530
6532,6532000,-29,2,0,1207,-6,0,0,-7,4,2,540,577,547,530
6534,6534000,-29,2,0,1206,-6,0,0,-4,1,3,538,577,546,530
6536,6536000,-29,2,0,1206,-6,0,0,-5,2,-1,537,578,544,530
6538,6538000,-28,2,0,1206,-6,0,0,-1,7,-0,536,578,542,530
6540,6540000,-28,2,0,1205,-6,0,0,-5,-1,3,535,577,541,529
6542,6542000,-28,2,0,1205,-6,0,0,-5,2,-2,534,576,540,528
6544,6544000,-28,2,0,1204,-6,0,0,1,6,1,535,575,540,527
6546,6546000,-28,2,0,1204,-6,0,0,3,0,-4,535,574,540,524
6548,6548000,-28,2,0,1204,-6,0,0,3,5,-2,536,572,540,522
6550,6550000,-28,2,0,1203,-6,0,0,5,3,-5,537,571,539,520
6552,6552000,-28,2,0,1203,-6,0,0,4,-0,-1,537,569,539,519
6554,6554000,-28,2,0,1202,-6,0,0,2,-2,-3,536,568,539,518
6556,6556000,-28,2,0,1202,-6,0,0,0,4,0,534,567,539,519
6558,6558000,-29,2,0,1202,-6,0,0,-5,-4,4,532,566,538,519
6560,6560000,-29,2,0,1201,-6,0,0,-5,-3,-1,530,566,537,519
6562,6562000,-29,2,0,1201,-6,0,0,-3,3,-4,529,566,535,519
6564,6564000,-28,2,0,1200,-6,0,0,-5,-2,1,527,566,534,519
6566,6566000,-28,2,0,1200,-6,0,0,3,2,-2,527,566,533,518
6568,6568000,-28,2,0,1200,-6,0,0,1,7,2,526,565,532,518
6570,6570000,-28,2,0,1199,-6,0,0,-5,9,1,526,564,531,517
6572,6572000,-28,2,0,1199,-6,0,0,-1,-1,-1,526,564,530,516
6574,6574000,-28,2,0,1199,-6,0,0,2,3,2,526,563,529,514
6576,6576000,-28,2,0,1198,-6,0,0,0,3,4,525,563,528,513
6578,6578000,-28,1,0,1198,-6,0,0,2,2,-2,525,563,527,512
6580,6580000,-28,1,0,1197,-6,0,0,3,2,-3,524,562,527,512
6582,6582000,-28,1,0,1197,-6,0,0,-3,2,5,523,560,527,511
6584,6584000,-28,1,0,1197,-6,0,0,0,1,1,522,558,528,511
6586,6586000,-28,1,0,1196,-6,0,0,5,7,2,521,556,529,511
6588,6588000,-28,2,0,1196,-6,0,0,-7,2,1,521,554,529,510
6590,6590000,-28,2,0,1196,-6,0,0,-3,2,3,521,553,528,508
6592,6592000,-28,2,0,1195,-6,0,0,-2,1,-1,521,553,527,507
6594,6594000,-28,2,0,1195,-6,0,0,-1,1,-6,522,554,525,506
6596,6596000,-28,2,0,1195,-6,0,0,2,2,-2,521,555,523,505
6598,6598000,-28,2,0,1194,-6,0,0,0,9,5,520,555,521,505
6600,6600000,-28,1,0,1194,-6,0,0,-2,8,3,518,555,520,506
6602,6602000,-28,1,0,1194,-6,0,0,0,5,-5,516,555,519,506
6604,6604000,-28,1,0,1193,-6,0,0,-4,-2,1,514,554,518,507
6606,6606000,-27,1,0,1193,-6,0,0,-6,2,-6,513,553,518,506
6608,6608000,-27,1,0,1193,-6,0,0,4,7,0,513,552,518,505
6610,6610000,-27,1,0,1192,-6,0,0,-10,-0,2,513,551,518,504
6612,6612000,-27,1,0,1192,-6,0,0,-5,-3,2,514,549,518,502
6614,6614000,-27,1,0,1192,-6,0,0,1,3,-0,514,547,519,501
6616,6616000,-27,2,0,1191,-6,0,0,2,5,1,514,546,519,500
6618,6618000,-27,2,0,1191,-6,0,0,-5,4,6,513,545,519,499
6620,6620000,-28,2,0,1191,-6,0,0,-1,-0,-0,513,544,518,499
6622,6622000,-28,2,0,1191,-6,0,0,1,-0,1,513,545,516,498
6624,6624000,-28,2,0,1190,-6,0,0,-3,7,3,512,545,515,497
6626,6626000,-28,1,0,1190,-6,0,0,-5,4,3,511,546,513,496
6628,6628000,-28,1,0,1190,-6,0,0,-9,1,-2,511,545,512,496
6630,6630000,-28,1,0,1189,-6,0,0,-3,6,2,509,545,512,496
6632,6632000,-28,1,0,1189,-6,0,0,4,1,0,508,544,512,496
6634,6634000,-28,1,0,1189,-6,0,0,-2,2,-0,507,543,511,497
6636,6636000,-28,1,0,1188,-6,0,0,-4,2,1,506,542,511,497
6638,6638000,-27,1,0,1188,-6,0,0,-2,4,-1,505,541,510,496
6640,6640000,-27,1,0,1188,-6,0,0,-3,-2,-1,505,541,510,496
6642,6642000,-27,1,0,1188,-6,0,0,-2,1,2,504,541,509,496
6644,6644000,-27,1,0,1187,-6,0,0,-6,-4,-0,504,540,508,495
6646,6646000,-27,1,0,1187,-5,0,0,-0,1,5,504,540,508,494
6648,6648000,-27,1,0,1187,-5,0,0,-0,3,-1,504,539,507,492
6650,6650000,-27,1,0,1186,-5,0,0,0,-7,-0,505,538,507,490
6652,6652000,-27,1,0,1186,-6,0,0,0,1,-2,506,537,507,489
6654,6654000,-27,1,0,1186,-6,0,0,-1,4,7,506,536,507,487
6656,6656000,-27,1,0,1186,-6,0,0,1,1,4,505,535,507,487
6658,6658000,-27,1,0,1185,-6,0,0,-7,2,4,504,534,507,487
6660,6660000,-28,1,0,1185,-6,0,0,-6,-1,-3,502,533,507,488
6662,6662000,-28,1,0,1185,-6,0,0,1,-0,-2,500,533,506,489
6664,6664000,-28,1,0,1185,-6,0,0,1,-2,1,499,533,505,490
6666,6666000,-27,1,0,1184,-6,0,0,-3,4,3,498,534,503,489
6668,6668000,-27,1,0,1184,-6,0,0,-3,-2,-3,498,535,501,489
6670,6670000,-27,1,0,1184,-6,0,0,-2,-0,4,497,535,500,488
6672,6672000,-27,1,0,1183,-5,0,0,-2,-4,-4,497,535,499,487
6674,6674000,-27,1,0,1183,-5,0,0,-8,1,5,497,534,499,486
6676,6676000,-27,1,0,1183,-5,0,0,-6,-3,2,497,532,500,485
6678,6678000,-27,1,0,1183,-5,0,0,-5,2,5,497,531,500,484
6680,6680000,-27,1,0,1182,-5,0,0,2,5,1,497,529,500,483
6682,6682000,-27,1,0,1182,-5,0,0,-2,8,0,498,529,500,483
6684,6684000,-27,1,0,1182,-5,0,0,-3,-4,-0,497,528,500,482
6686,6686000,-27,1,0,1182,-5,0,0,3,-2,-3,497,528,499,481
6688,6688000,-27,1,0,1181,-6,0,0,-6,-0,0,496,527,499,481
6690,6690000,-27,1,0,1181,-6,0,0,-2,-1,2,495,526,499,482
6692,6692000,-27,1,0,1181,-6,0,0,-3,1,-4,494,526,499,482
6694,6694000,-27,1,0,1181,-6,0,0,-4,1,4,493,525,498,481
6696,6696000,-27,1,0,1181,-6,0,0,-5,-6,3,493,525,497,481
6698,6698000,-27,1,0,1180,-6,0,0,-2,-4,0,493,526,496,480
6700,6700000,-27,1,0,1180,-6,0,0,-4,-2,-3,493,526,494,479
6702,6702000,-27,1,0,1180,-5,0,0,-3,1,7,492,526,493,479
6704,6704000,-27,1,0,1180,-5,0,0,-2,5,5,491,526,492,479
6706,6706000,-27,1,0,1179,-5,0,0,-6,-1,1,490,526,492,479
6708,6708000,-26,1,0,1179,-5,0,0,-3,1,5,489,525,492,479
6710,6710000,-26,1,0,1179,-5,0,0,-1,1,2,489,524,492,479
6712,6712000,-26,1,0,1179,-5,0,0,-3,-0,3,489,523,492,478
6714,6714000,-26,1,0,1178,-5,0,0,-5,2,1,489,522,493,477
6716,6716000,-26,1,0,1178,-5,0,0,-4,3,2,489,520,493,476
6718,6718000,-26,1,0,1178,-5,0,0,0,-2,-4,489,519,494,475
6720,6720000,-26,1,0,1178,-5,0,0,-6,-6,-6,489,518,493,474
6722,6722000,-27,1,0,1178,-5,0,0,-3,-0,2,490,518,493,473
6724,6724000,-27,1,0,1177,-5,0,0,-2,0,3,489,519,491,473
6726,6726000,-27,1,0,1177,-5,0,0,3,2,-3,489,519,490,472
6728,6728000,-27,1,0,1177,-5,0,0,3,6,4,488,520,488,473
6730,6730000,-27,1,0,1177,-5,0,0,-3,-1,-5,487,520,487,473
6732,6732000,-27,1,0,1177,-5,0,0,-4,0,-4,485,520,487,474
6734,6734000,-26,1,0,1176,-5,0,0,-2,-1,-1,484,519,487,474
6736,6736000,-26,1,0,1176,-5,0,0,-1,-3,1,483,518,487,474
6738,6738000,-26,1,0,1176,-5,0,0,-4,-1,0,483,517,487,474
6740,6740000,-26,1,0,1176,-5,0,0,-0,7,-1,483,517,487,473
6742,6742000,-26,1,0,1176,-5,0,0,-0,4,2,483,516,487,472
6744,6744000,-26,1,0,1175,-5,0,0,-5,1,1,484,516,486,471
6746,6746000,-26,1,0,1175,-5,0,0,0,-0,1,484,515,486,470
6748,6748000,-26,1,0,1175,-5,0,0,-4,-1,1,484,515,486,469
6750,6750000,-26,1,0,1175,-5,0,0,0,-1,-0,483,514,486,469
6752,6752000,-26,1,0,1175,-5,0,0,-2,-3,-1,483,513,486,469
6754,6754000,-26,1,0,1174,-5,0,0,-0,-5,-8,483,513,485,468
6756,6756000,-26,1,0,1174,-5,0,0,-5,-1,-0,483,513,485,467
6758,6758000,-26,1,0,1174,-5,0,0,-5,-0,6,483,513,484,467
6760,6760000,-26,1,0,1174,-5,0,0,1,4,4,482,513,484,466
6762,6762000,-26,1,0,1174,-5,0,0,-1,-5,-3,481,512,483,467
6764,6764000,-26,1,0,1173,-5,0,0,-3,1,-2,480,512,483,467
6766,6766000,-26,1,0,1173,-5,0,0,-4,7,3,479,511,483,468
6768,6768000,-26,1,0,1173,-5,0,0,-2,1,-1,478,511,482,468
6770,6770000,-26,1,0,1173,-5,0,0,-4,1,1,477,511,481,468
6772,6772000,-26,1,0,1173,-5,0,0,-0,6,2,477,512,480,468
6774,6774000,-26,1,0,1172,-5,0,0,3,3,-0,477,512,479,467
6776,6776000,-25,1,0,1172,-5,0,0,-6,1,4,478,512,479,466
6778,6778000,-25,1,0,1172,-5,0,0,-1,-2,-1,478,511,479,464
6780,6780000,-25,1,0,1172,-5,0,0,-2,3,2,478,510,480,463
6782,6782000,-25,1,0,1172,-5,0,0,3,-2,-0,479,508,480,463
6784,6784000,-26,1,0,1172,-5,0,0,-2,4,6,478,507,481,462
6786,6786000,-26,1,0,1171,-5,0,0,-5,-3,-3,478,506,481,462
6788,6788000,-26,1,0,1171,-5,0,0,-1,3,3,478,506,480,462
6790,6790000,-26,1,0,1171,-5,0,0,-3,0,-1,477,506,480,462
6792,6792000,-26,1,0,1171,-5,0,0,-4,-4,2,476,506,479,463
6794,6794000,-26,1,0,1171,-5,0,0,-1,-1,4,475,506,478,463
6796,6796000,-26,1,0,1171,-5,0,0,1,5,2,474,506,477,463
6798,6798000,-26,1,0,1170,-5,0,0,2,-0,-1,474,507,476,463
6800,6800000,-26,1,0,1170,-5,0,0,-2,-1,-1,474,507,475,462
6802,6802000,-25,1,0,1170,-5,0,0,0,3,-3,474,507,475,461
6804,6804000,-25,1,0,1170,-5,0,0,-3,4,4,474,507,475,461
6806,6806000,-25,1,0,1170,-5,0,0,1,-3,4,473,506,475,460
6808,6808000,-25,1,0,1170,-5,0,0,-1,-1,-2,473,505,475,460
6810,6810000,-25,1,0,1169,-5,0,0,-0,2,-0,472,504,475,460
6812,6812000,-25,1,0,1169,-5,0,0,-7,4,-2,472,503,475,460
6814,6814000,-25,1,0,1169,-5,0,0,2,0,-4,472,503,475,459
6816,6816000,-25,1,0,1169,-5,0,0,-3,-2,1,472,503,475,459
6818,6818000,-25,1,0,1169,-5,0,0,-0,0,2,473,502,475,458
6820,6820000,-25,1,0,1169,-5,0,0,2,-2,-2,472,502,475,458
6822,6822000,-25,1,0,1169,-5,0,0,-7,5,2,472,501,475,457
6824,6824000,-25,1,0,1168,-5,0,0,3,4,-4,472,501,475,457
6826,6826000,-25,1,0,1168,-5,0,0,-2,4,-1,471,500,474,457
6828,6828000,-25,1,0,1168,-5,0,0,-6,-2,-7,471,501,473,457
6830,6830000,-25,1,0,1168,-5,0,0,-1,-5,-6,471,501,472,456
6832,6832000,-25,1,0,1168,-5,0,0,-2,-3,-5,470,502,471,456
6834,6834000,-25,1,0,1168,-5,0,0,-1,-1,-1,469,503,470,457
6836,6836000,-25,1,0,1167,-5,0,0,2,1,2,469,502,469,457
6838,6838000,-25,1,0,1167,-5,0,0,4,2,-1,468,502,470,457
6840,6840000,-25,1,0,1167,-5,0,0,-0,6,5,467,500,470,457
6842,6842000,-25,1,0,1167,-5,0,0,0,1,-3,467,499,471,457
6844,6844000,-25,1,0,1167,-5,0,0,-1,-3,4,467,498,471,456
6846,6846000,-25,1,0,1167,-5,0,0,-4,2,2,468,498,471,455
6848,6848000,-25,1,0,1167,-5,0,0,1,-4,-7,469,498,471,454
6850,6850000,-25,1,0,1166,-5,0,0,-2,-3,1,469,497,471,453
6852,6852000,-25,1,0,1166,-5,0,0,-3,-0,2,469,497,470,452
6854,6854000,-25,1,0,1166,-5,0,0,-6,-3,5,469,497,470,452
6856,6856000,-25,1,0,1166,-5,0,0,-1,-2,-1,468,497,469,452
6858,6858000,-25,1,0,1166,-5,0,0,-2,1,5,467,497,469,453
6860,6860000,-25,1,0,1166,-5,0,0,-5,6,3,466,497,468,453
6862,6862000,-25,1,0,1166,-5,0,0,-3,3,4,466,497,468,453
6864,6864000,-25,1,0,1166,-5,0,0,-0,-5,2,465,497,467,453
6866,6866000,-25,1,0,1165,-5,0,0,-0,-1,-2,465,496,467,453
6868,6868000,-25,1,0,1165,-5,0,0,-4,-4,-0,464,496,467,453
6870,6870000,-24,1,0,1165,-5,0,0,-2,-0,-4,464,496,467,453
6872,6872000,-24,1,0,1165,-5,0,0,1,4,3,464,496,467,452
6874,6874000,-24,1,0,1165,-5,0,0,-5,-4,4,464,496,466,452
6876,6876000,-24,1,0,1165,-5,0,0,2,3,4,464,496,466,451
6878,6878000,-24,1,0,1165,-5,0,0,3,-1,1,464,495,465,451
6880,6880000,-24,1,0,1165,-5,0,0,-2,-2,6,464,495,465,450
6882,6882000,-24,1,0,1164,-5,0,0,1,-3,1,464,494,466,450
6884,6884000,-24,1,0,1164,-5,0,0,-4,0,1,464,493,466,450
6886,6886000,-24,1,0,1164,-5,0,0,-0,0,3,464,493,466,449
6888,6888000,-24,1,0,1164,-5,0,0,-6,4,2,464,492,466,449
6890,6890000,-24,1,0,1164,-5,0,0,-2,2,4,464,492,466,448
6892,6892000,-25,1,0,1164,-5,0,0,-2,-3,2,464,492,465,448
6894,6894000,-25,1,0,1164,-5,0,0,2,3,-2,463,492,465,449
6896,6896000,-24,1,0,1164,-5,0,0,3,-0,3,462,492,464,449
6898,6898000,-24,1,0,1163,-5,0,0,-6,-1,5,461,493,464,450
6900,6900000,-24,1,0,1163,-5,0,0,1,4,-0,460,493,463,450
6902,6902000,-24,1,0,1163,-5,0,0,-4,2,-3,460,493,463,450
6904,6904000,-24,1,0,1163,-5,0,0,-0,2,-3,460,493,462,449
6906,6906000,-24,1,0,1163,-5,0,0,-0,-2,-2,461,493,461,448
6908,6908000,-24,1,0,1163,-5,0,0,3,1,-2,461,493,461,447
6910,6910000,-24,1,0,1163,-5,0,0,-2,-1,-1,462,492,462,447
6912,6912000,-24,1,0,1163,-5,0,0,-2,2,-2,461,491,463,446
6914,6914000,-24,1,0,1163,-5,0,0,-1,9,1,461,490,463,446
6916,6916000,-24,1,0,1162,-5,0,0,-1,-2,-4,460,489,464,447
6918,6918000,-24,1,0,1162,-5,0,0,-1,1,5,460,489,464,446
6920,6920000,-24,1,0,1162,-5,0,0,3,0,-3,460,489,463,446
6922,6922000,-24,1,0,1162,-5,0,0,1,0,2,460,489,462,446
6924,6924000,-24,1,0,1162,-5,0,0,-6,-3,1,460,489,461,446
6926,6926000,-24,1,0,1162,-5,0,0,4,3,-4,460,490,461,445
6928,6928000,-24,1,0,1162,-5,0,0,-4,1,4,459,489,461,445
6930,6930000,-24,1,0,1162,-5,0,0,3,1,-3,459,489,460,445
6932,6932000,-24,1,0,1162,-5,0,0,-2,2,1,458,489,460,445
6934,6934000,-24,1,0,1162,-5,0,0,-1,2,4,458,489,460,445
6936,6936000,-24,1,0,1161,-5,0,0,-3,7,-3,458,489,460,445
6938,6938000,-23,1,0,1161,-5,0,0,-4,3,-1,457,489,459,445
6940,6940000,-23,1,0,1161,-5,0,0,0,-6,1,457,489,459,445
6942,6942000,-23,1,0,1161,-5,0,0,-6,-4,0,457,488,459,445
6944,6944000,-23,1,0,1161,-5,0,0,-6,-4,1,457,488,459,445
6946,6946000,-23,1,0,1161,-5,0,0,2,3,1,457,487,460,444
6948,6948000,-23,1,0,1161,-5,0,0,-4,1,4,457,487,460,444
6950,6950000,-23,1,0,1161,-5,0,0,2,2,1,458,486,460,443
6952,6952000,-23,1,0,1161,-5,0,0,3,1,-3,458,486,460,442
6954,6954000,-23,1,0,1161,-5,0,0,1,-3,-0,458,486,459,442
6956,6956000,-23,1,0,1160,-5,0,0,-5,-2,1,458,486,459,442
6958,6958000,-24,1,0,1160,-5,0,0,-4,-2,3,457,486,459,442
6960,6960000,-24,1,0,1160,-5,0,0,0,-0,-6,456,486,458,442
6962,6962000,-23,1,0,1160,-5,0,0,-6,-1,2,456,486,458,443
6964,6964000,-23,1,0,1160,-5,0,0,3,7,8,455,487,457,443
6966,6966000,-23,1,0,1160,-5,0,0,4,2,-3,455,487,456,443
6968,6968000,-23,1,0,1160,-5,0,0,3,-1,-4,455,487,456,443
6970,6970000,-23,1,0,1160,-4,0,0,-5,-7,0,454,486,456,443
6972,6972000,-23,1,0,1160,-4,0,0,-9,-0,1,454,485,457,443
6974,6974000,-23,1,0,1160,-4,0,0,-6,5,5,454,484,457,443
6976,6976000,-23,1,0,1160,-4,0,0,3,-4,-4,454,484,457,442
6978,6978000,-23,1,0,1160,-4,0,0,-2,-4,2,455,484,457,441
6980,6980000,-23,1,0,1159,-4,0,0,6,-4,1,455,484,456,440
6982,6982000,-23,1,0,1159,-4,0,0,-6,0,4,456,485,456,440
6984,6984000,-23,1,0,1159,-4,0,0,-2,4,-2,455,484,456,440
6986,6986000,-23,1,0,1159,-4,0,0,-4,-4,-1,455,484,456,440
6988,6988000,-23,1,0,1159,-4,0,0,-1,3,-3,454,483,456,440
6990,6990000,-23,1,0,1159,-4,0,0,2,3,6,454,483,456,441
6992,6992000,-23,1,0,1159,-4,0,0,-0,-3,0,453,483,456,441
6994,6994000,-23,1,0,1159,-4,0,0,-1,-0,5,453,483,456,440
6996,6996000,-23,1,0,1159,-4,0,0,-8,-3,5,453,483,455,440
6998,6998000,-23,1,0,1159,-4,0,0,-3,-6,-1,453,483,455,440
7000,7000000,-23,1,0,1159,-4,0,0,1,3,-3,453,483,454,440
7002,7002000,-23,1,0,1159,-4,0,0,-5,4,-3,452,483,454,440
7004,7004000,-23,1,0,1158,-4,0,0,2,1,-0,452,483,454,440
7006,7006000,-22,1,0,1158,-4,0,0,1,-3,-3,452,483,454,440
7008,7008000,-22,1,0,1158,-4,0,0,-2,4,-0,452,483,454,440
7010,7010000,-22,1,0,1158,-4,0,0,1,-3,-3,452,483,454,439
7012,7012000,-22,1,0,1158,-4,0,0,0,-1,-1,452,482,454,439
7014,7014000,-22,1,0,1158,-4,0,0,-1,-5,1,453,482,454,438
7016,7016000,-22,1,0,1158,-4,0,0,-1,4,8,453,481,454,438
7018,7018000,-22,1,0,1158,-4,0,0,-1,2,-2,453,480,454,438
7020,7020000,-22,1,0,1158,-4,0,0,-6,-6,1,452,480,454,438
7022,7022000,-22,1,0,1158,-4,0,0,-4,-2,-2,452,480,454,438
7024,7024000,-22,1,0,1158,-4,0,0,-9,-4,2,452,481,454,438
7026,7026000,-22,1,0,1158,-4,0,0,-2,-2,1,451,481,453,438
7028,7028000,-22,1,0,1158,-4,0,0,1,0,2,451,481,453,438
7030,7030000,-22,1,0,1158,-4,0,0,-7,-4,2,450,481,452,438
7032,7032000,-22,1,0,1157,-4,0,0,1,3,3,450,481,452,438
7034,7034000,-22,1,0,1157,-4,0,0,-3,-3,-1,450,481,452,438
7036,7036000,-22,1,0,1157,-4,0,0,-1,-2,-3,450,481,452,438
7038,7038000,-22,1,0,1157,-4,0,0,1,2,3,450,481,452,437
7040,7040000,-22,1,0,1157,-4,0,0,5,3,-5,451,481,452,437
7042,7042000,-22,1,0,1157,-4,0,0,2,-3,-3,450,480,452,437
7044,7044000,-22,1,0,1157,-4,0,0,1,0,-1,450,480,452,437
7046,7046000,-22,1,0,1157,-4,0,0,-4,-1,-0,450,479,452,437
7048,7048000,-22,1,0,1157,-4,0,0,-1,1,5,449,479,452,437
7050,7050000,-22,1,0,1157,-4,0,0,-5,-1,3,449,479,452,437
7052,7052000,-22,1,0,1157,-4,0,0,-3,-1,-4,450,479,452,436
7054,7054000,-22,1,0,1157,-4,0,0,-4,-2,2,450,479,451,435
7056,7056000,-22,1,0,1157,-4,0,0,5,1,-4,450,479,451,435
7058,7058000,-22,1,0,1157,-4,0,0,-0,4,3,450,479,451,435
7060,7060000,-22,1,0,1157,-4,0,0,-0,2,-3,450,479,451,435
7062,7062000,-22,1,0,1156,-4,0,0,-3,-2,-1,449,478,451,436
7064,7064000,-22,1,0,1156,-4,0,0,-2,-2,1,448,478,451,436
7066,7066000,-22,1,0,1156,-4,0,0,-5,2,-0,448,478,451,436
7068,7068000,-22,1,0,1156,-4,0,0,-0,-2,3,448,479,450,436
7070,7070000,-22,1,0,1156,-4,0,0,-3,-3,-2,448,479,450,436
7072,7072000,-21,1,0,1156,-4,0,0,3,-3,-4,448,479,450,435
7074,7074000,-21,1,0,1156,-4,0,0,-0,-4,-2,448,479,450,435
7076,7076000,-21,1,0,1156,-4,0,0,3,2,-3,448,478,450,435
7078,7078000,-21,1,0,1156,-4,0,0,-4,-4,-1,448,478,450,435
7080,7080000,-21,1,0,1156,-4,0,0,2,-5,-5,448,477,450,435
7082,7082000,-21,1,0,1156,-4,0,0,1,-1,-0,448,477,450,434
7084,7084000,-21,1,0,1156,-4,0,0,1,4,-1,448,477,450,434
7086,7086000,-21,1,0,1156,-4,0,0,-5,-3,-1,448,477,450,434
7088,7088000,-21,1,0,1156,-4,0,0,-1,4,6,448,477,450,434
7090,7090000,-21,1,0,1156,-4,0,0,2,3,1,448,477,449,434
7092,7092000,-21,1,0,1156,-4,0,0,4,4,-3,447,477,449,434
7094,7094000,-21,1,0,1156,-4,0,0,1,2,-2,447,477,449,434
7096,7096000,-21,1,0,1156,-4,0,0,-5,6,2,447,477,449,434
7098,7098000,-21,1,0,1155,-4,0,0,-4,-3,4,447,477,449,434
7100,7100000,-21,1,0,1155,-4,0,0,-6,-2,-2,447,477,449,434
7102,7102000,-21,1,0,1155,-4,0,0,-8,-4,1,447,477,449,434
7104,7104000,-21,1,0,1155,-4,0,0,-4,3,0,447,476,449,434
7106,7106000,-21,1,0,1155,-4,0,0,-9,-8,2,446,476,449,434
7108,7108000,-21,1,0,1155,-4,0,0,-4,1,-1,446,476,448,434
7110,7110000,-21,1,0,1155,-4,0,0,-4,4,1,446,476,448,433
7112,7112000,-21,1,0,1155,-4,0,0,2,5,1,447,476,448,433
7114,7114000,-21,1,0,1155,-4,0,0,-2,-2,0,447,476,448,433
7116,7116000,-21,1,0,1155,-4,0,0,-3,-1,2,447,476,448,433
7118,7118000,-21,1,0,1155,-4,0,0,-1,-1,2,446,476,448,433
7120,7120000,-21,1,0,1155,-4,0,0,0,4,-4,446,475,449,433
7122,7122000,-21,1,0,1155,-4,0,0,7,-2,0,446,475,449,433
7124,7124000,-21,1,0,1155,-4,0,0,6,0,-1,446,475,449,433
7126,7126000,-21,1,0,1155,-4,0,0,-5,-8,-3,446,475,448,432
7128,7128000,-21,1,0,1155,-4,0,0,-3,1,4,446,475,447,432
7130,7130000,-21,1,0,1155,-4,0,0,2,-0,-3,446,476,447,432
7132,7132000,-21,1,0,1155,-4,0,0,-2,-3,2,446,476,447,432
7134,7134000,-21,1,0,1155,-4,0,0,-2,0,1,445,476,447,432
7136,7136000,-20,1,0,1155,-4,0,0,-5,-1,2,445,475,447,433
7138,7138000,-20,1,0,1155,-4,0,0,3,0,-1,444,475,447,433
7140,7140000,-20,1,0,1154,-4,0,0,3,4,4,444,475,447,433
7142,7142000,-20,1,0,1154,-4,0,0,-1,3,4,445,475,447,432
7144,7144000,-20,1,0,1154,-4,0,0,3,1,-5,445,475,447,432
7146,7146000,-20,1,0,1154,-4,0,0,-5,5,3,445,475,447,431
7148,7148000,-20,1,0,1154,-4,0,0,-5,-3,-1,445,475,447,431
7150,7150000,-20,1,0,1154,-4,0,0,-1,3,-2,445,474,447,431
7152,7152000,-20,1,0,1154,-4,0,0,0,1,-3,445,474,447,431
7154,7154000,-20,1,0,1154,-4,0,0,-1,-2,-3,444,474,447,432
7156,7156000,-20,1,0,1154,-4,0,0,-6,-1,1,444,474,447,432
7158,7158000,-20,1,0,1154,-4,0,0,-2,2,-1,444,474,447,431
7160,7160000,-20,1,0,1154,-4,0,0,1,5,6,444,474,446,431
7162,7162000,-20,1,0,1154,-4,0,0,6,-3,-2,445,474,446,431
7164,7164000,-20,1,0,1154,-4,0,0,-5,-0,2,444,474,446,431
7166,7166000,-20,1,0,1154,-4,0,0,0,3,4,444,474,446,431
7168,7168000,-20,1,0,1154,-4,0,0,-0,-2,-1,444,474,446,431
7170,7170000,-20,1,0,1154,-4,0,0,4,-1,-2,444,473,446,431
7172,7172000,-20,1,0,1154,-4,0,0,-1,-3,0,444,473,446,431
7174,7174000,-20,1,0,1154,-4,0,0,-5,-3,-2,444,474,446,431
7176,7176000,-20,1,0,1154,-4,0,0,-7,-1,3,444,474,445,431
7178,7178000,-20,1,0,1154,-4,0,0,0,1,-3,444,474,445,431
7180,7180000,-20,1,0,1154,-4,0,0,-2,-2,2,443,473,446,431
7182,7182000,-20,1,0,1154,-4,0,0,1,-6,-6,443,473,446,430
7184,7184000,-20,1,0,1154,-4,0,0,-5,-4,-0,444,473,446,430
7186,7186000,-20,1,0,1154,-4,0,0,8,4,-8,444,473,446,430
7188,7188000,-20,1,0,1154,-4,0,0,-4,-1,6,444,473,445,430
7190,7190000,-20,1,0,1153,-4,0,0,1,-2,0,444,473,445,430
7192,7192000,-20,1,0,1153,-4,0,0,3,3,1,444,473,445,430
7194,7194000,-20,1,0,1153,-4,0,0,2,-2,-5,443,472,446,430
7196,7196000,-20,1,0,1153,-4,0,0,-2,0,-1,443,472,446,430
7198,7198000,-20,1,0,1153,-4,0,0,-2,-1,-1,443,472,445,430
7200,7200000,-20,1,0,1153,-4,0,0,1,3,-7,443,473,445,430
7202,7202000,-19,1,0,1153,-4,0,0,1,5,4,443,473,445,430
7204,7204000,-19,1,0,1153,-4,0,0,2,-2,-2,443,473,444,429
7206,7206000,-19,1,0,1153,-4,0,0,2,2,3,443,473,444,429
7208,7208000,-19,1,0,1153,-4,0,0,-1,-4,1,443,473,444,429
7210,7210000,-19,1,0,1153,-4,0,0,-1,-3,6,442,472,445,430
7212,7212000,-19,1,0,1153,-4,0,0,-5,-4,3,442,472,445,430
7214,7214000,-19,1,0,1153,-4,0,0,-6,-4,4,442,472,445,430
7216,7216000,-19,1,0,1153,-4,0,0,2,3,3,442,472,445,430
7218,7218000,-19,1,0,1153,-4,0,0,5,6,-5,442,472,444,429
7220,7220000,-19,1,0,1153,-4,0,0,-5,-2,1,443,472,444,429
7222,7222000,-19,1,0,1153,-4,0,0,-5,3,1,443,472,444,429
7224,7224000,-19,1,0,1153,-4,0,0,-2,2,1,443,472,444,429
7226,7226000,-19,1,0,1153,-4,0,0,-3,-1,1,442,472,445,429
7228,7228000,-19,1,0,1153,-4,0,0,4,4,-3,442,471,445,429
7230,7230000,-19,1,0,1153,-4,0,0,-3,-3,1,442,471,445,429
7232,7232000,-19,1,0,1153,-4,0,0,-4,-0,-1,442,471,445,429
7234,7234000,-19,1,0,1153,-4,0,0,3,4,-1,442,472,444,429
7236,7236000,-19,1,0,1153,-4,0,0,-4,1,4,442,472,444,429
7238,7238000,-19,1,0,1153,-4,0,0,3,-2,-4,442,472,444,429
7240,7240000,-19,1,0,1153,-3,0,0,1,-4,-0,442,472,444,429
7242,7242000,-19,1,0,1153,-3,0,0,-6,1,2,441,471,444,429
7244,7244000,-19,1,0,1153,-3,0,0,-2,6,1,441,471,444,429
7246,7246000,-19,1,0,1153,-3,0,0,-4,3,4,441,471,444,429
7248,7248000,-19,1,0,1153,-3,0,0,3,0,-7,441,471,444,429
7250,7250000,-19,1,0,1153,-3,0,0,-6,2,5,442,471,444,428
7252,7252000,-19,1,0,1153,-3,0,0,-2,-1,-4,442,471,444,428
7254,7254000,-19,1,0,1153,-3,0,0,-4,3,5,442,471,444,428
7256,7256000,-19,1,0,1153,-3,0,0,-0,-4,3,442,471,444,428
7258,7258000,-19,1,0,1153,-3,0,0,0,3,-1,442,471,444,428
7260,7260000,-19,1,0,1152,-3,0,0,-7,0,2,442,471,443,428
7262,7262000,-18,1,0,1152,-3,0,0,2,-1,-7,442,471,443,428
7264,7264000,-18,1,0,1152,-3,0,0,2,10,2,442,471,443,428
7266,7266000,-18,1,0,1152,-3,0,0,-4,-1,-3,441,471,444,428
7268,7268000,-18,1,0,1152,-3,0,0,1,2,1,441,470,444,428
7270,7270000,-18,1,0,1152,-3,0,0,1,4,-2,441,470,444,429
7272,7272000,-18,1,0,1152,-3,0,0,6,-2,-2,441,470,444,428
7274,7274000,-18,1,0,1152,-3,0,0,-4,-4,-5,441,471,443,428
7276,7276000,-18,1,0,1152,-3,0,0,1,3,2,441,471,443,428
7278,7278000,-18,1,0,1152,-3,0,0,-7,-0,4,441,471,442,428
7280,7280000,-18,1,0,1152,-3,0,0,1,-2,-6,441,471,442,428
7282,7282000,-18,1,0,1152,-3,0,0,-7,4,2,441,471,442,428
7284,7284000,-18,1,0,1152,-3,0,0,3,-1,-3,441,471,443,428
7286,7286000,-18,1,0,1152,-3,0,0,1,-4,-2,440,470,443,428
7288,7288000,-18,1,0,1152,-3,0,0,-8,-6,-1,440,470,443,428
7290,7290000,-18,1,0,1152,-3,0,0,-1,2,2,441,470,443,428
7292,7292000,-18,1,0,1152,-3,0,0,-2,-2,1,441,470,443,427
7294,7294000,-18,1,0,1152,-3,0,0,-3,1,5,441,470,443,427
7296,7296000,-18,1,0,1152,-3,0,0,-0,-4,-2,441,470,443,427
7298,7298000,-18,1,0,1152,-3,0,0,-1,-3,-2,441,470,443,427
7300,7300000,-18,1,0,1152,-3,0,0,3,3,3,441,470,443,427
7302,7302000,-18,1,0,1152,-3,0,0,4,0,-1,440,470,443,428
7304,7304000,-18,1,0,1152,-3,0,0,-4,1,-0,440,470,443,428
7306,7306000,-18,1,0,1152,-3,0,0,1,-0,4,440,470,442,428
7308,7308000,-18,1,0,1152,-3,0,0,1,-4,-3,440,470,442,428
7310,7310000,-18,1,0,1152,-3,0,0,1,4,5,440,471,442,427
7312,7312000,-18,1,0,1152,-3,0,0,-5,-3,-1,440,471,442,427
7314,7314000,-18,1,0,1152,-3,0,0,-0,5,6,440,470,442,428
7316,7316000,-18,1,0,1152,-3,0,0,-0,-2,-5,440,470,442,428
7318,7318000,-17,1,0,1152,-3,0,0,-1,-1,-3,440,470,443,428
7320,7320000,-17,1,0,1152,-3,0,0,-1,-0,6,440,469,443,428
7322,7322000,-17,1,0,1152,-3,0,0,-0,-5,2,440,469,443,427
7324,7324000,-17,1,0,1152,-3,0,0,-3,3,5,440,470,443,427
7326,7326000,-17,1,0,1152,-3,0,0,-4,-4,4,441,470,442,427
7328,7328000,-17,1,0,1152,-3,0,0,-4,1,1,441,470,442,427
7330,7330000,-17,1,0,1152,-3,0,0,-5,-4,2,441,469,442,427
7332,7332000,-17,1,0,1152,-3,0,0,-8,-4,1,441,469,442,427
7334,7334000,-17,1,0,1152,-3,0,0,2,-3,-5,440,470,442,427
7336,7336000,-17,1,0,1152,-3,0,0,1,6,-1,440,470,442,427
7338,7338000,-17,1,0,1152,-3,0,0,-5,2,1,440,470,442,427
7340,7340000,-17,1,0,1152,-3,0,0,-1,2,4,440,470,442,427
7342,7342000,-17,1,0,1152,-3,0,0,-1,-0,-6,439,470,442,428
7344,7344000,-17,1,0,1152,-3,0,0,-2,-2,3,439,469,442,428
7346,7346000,-17,1,0,1152,-3,0,0,0,2,1,439,469,442,428
7348,7348000,-17,1,0,1152,-3,0,0,3,-4,-4,439,470,442,428
7350,7350000,-17,1,0,1152,-3,0,0,-1,-3,3,440,470,441,427
7352,7352000,-17,1,0,1152,-3,0,0,-6,-3,0,440,470,441,427
7354,7354000,-17,1,0,1152,-3,0,0,-7,1,1,440,470,441,426
7356,7356000,-17,1,0,1152,-3,0,0,-5,1,9,440,470,442,426
7358,7358000,-17,1,0,1152,-3,0,0,-2,2,1,440,469,442,426
7360,7360000,-17,1,0,1152,-3,0,0,-4,0,-0,440,469,443,427
7362,7362000,-17,1,0,1152,-3,0,0,1,4,-3,440,468,443,427
7364,7364000,-17,1,0,1152,-3,0,0,-6,1,-4,440,469,443,427
7366,7366000,-17,1,0,1152,-3,0,0,0,-7,-7,440,469,442,426
7368,7368000,-17,1,0,1152,-3,0,0,-1,2,-3,440,469,442,426
7370,7370000,-17,1,0,1152,-3,0,0,0,5,-2,440,469,442,426
7372,7372000,-17,1,0,1152,-3,0,0,-5,-2,7,439,469,441,427
7374,7374000,-17,1,0,1152,-3,0,0,-5,1,2,439,469,442,427
7376,7376000,-17,1,0,1152,-3,0,0,-1,3,2,439,469,442,427
7378,7378000,-17,1,0,1152,-3,0,0,3,-0,-7,439,469,441,427
7380,7380000,-17,1,0,1152,-3,0,0,-6,-6,1,439,470,441,427
7382,7382000,-16,1,0,1152,-3,0,0,6,0,2,439,470,441,427
7384,7384000,-16,1,0,1151,-3,0,0,-2,2,8,440,470,441,426
7386,7386000,-16,1,0,1151,-3,0,0,-2,-4,-1,440,470,441,426
7388,7388000,-16,1,0,1151,-3,0,0,-0,-4,-1,440,469,441,426
7390,7390000,-16,1,0,1151,-3,0,0,0,2,-1,439,469,442,426
7392,7392000,-16,1,0,1151,-3,0,0,6,5,5,439,468,442,426
7394,7394000,-16,1,0,1151,-3,0,0,-1,-4,-1,439,468,443,426
7396,7396000,-16,1,0,1151,-3,0,0,4,-4,-4,439,468,443,426
7398,7398000,-16,1,0,1151,-3,0,0,4,0,2,439,468,442,426
7400,7400000,-16,1,0,1151,-3,0,0,4,3,-1,440,468,442,426
7402,7402000,-16,1,0,1151,-3,0,0,-1,6,-2,440,469,441,426
7404,7404000,-16,1,0,1151,-3,0,0,-3,2,4,439,469,441,426
7406,7406000,-16,1,0,1151,-3,0,0,-1,-2,-3,439,469,441,426
7408,7408000,-16,1,0,1151,-3,0,0,1,0,3,439,470,441,426
7410,7410000,-16,1,0,1151,-3,0,0,-2,-5,-3,439,470,441,426
7412,7412000,-16,1,0,1151,-3,0,0,-2,3,4,439,470,441,427
7414,7414000,-16,1,0,1151,-3,0,0,2,-1,-5,438,469,441,427
7416,7416000,-16,1,0,1151,-3,0,0,-1,-3,0,438,469,441,427
7418,7418000,-16,1,0,1151,-3,0,0,-4,-4,5,438,468,441,427
7420,7420000,-16,1,0,1151,-3,0,0,6,-3,1,438,468,442,427
7422,7422000,-16,1,0,1151,-3,0,0,-4,-2,2,439,468,442,427
7424,7424000,-16,1,0,1151,-3,0,0,-4,-1,-1,439,468,442,426
7426,7426000,-16,1,0,1151,-3,0,0,-3,-3,3,440,469,442,425
7428,7428000,-16,1,0,1151,-3,0,0,1,2,1,440,469,441,425
7430,7430000,-16,1,0,1151,-3,0,0,1,-5,-3,440,469,441,425
7432,7432000,-16,1,0,1151,-3,0,0,-1,-0,0,440,468,442,425
7434,7434000,-16,1,0,1151,-3,0,0,-1,-5,-3,439,468,442,426
7436,7436000,-16,1,0,1151,-3,0,0,-3,3,-2,439,468,442,426
7438,7438000,-16,1,0,1151,-3,0,0,-4,2,1,439,469,441,426
7440,7440000,-16,1,0,1151,-3,0,0,-2,6,1,439,469,441,427
7442,7442000,-16,1,0,1151,-3,0,0,2,-0,-0,438,469,440,427
7444,7444000,-16,1,0,1151,-3,0,0,-4,1,4,438,469,440,427
7446,7446000,-15,1,0,1151,-3,0,0,1,4,1,438,469,441,427
7448,7448000,-15,1,0,1151,-3,0,0,-0,2,-3,438,469,441,427
7450,7450000,-15,1,0,1151,-3,0,0,-2,1,-3,438,468,441,427
7452,7452000,-15,1,0,1151,-3,0,0,-5,3,-1,438,468,441,427
7454,7454000,-15,1,0,1151,-3,0,0,-3,-2,-4,439,468,441,426
7456,7456000,-15,1,0,1151,-3,0,0,-3,-3,1,439,469,441,425
7458,7458000,-15,1,0,1151,-3,0,0,-2,2,-0,440,469,441,425
7460,7460000,-15,1,0,1151,-3,0,0,-9,-4,6,440,469,441,425
7462,7462000,-15,1,0,1151,-3,0,0,0,2,-4,440,468,441,425
7464,7464000,-15,1,0,1151,-3,0,0,-0,-0,-2,439,468,442,426
7466,7466000,-15,1,0,1151,-3,0,0,4,3,-2,439,468,442,426
7468,7468000,-15,1,0,1151,-3,0,0,-3,-3,1,438,468,442,426
7470,7470000,-15,1,0,1151,-3,0,0,4,-1,-0,438,468,442,427
7472,7472000,-15,1,0,1151,-3,0,0,1,4,3,438,468,441,427
7474,7474000,-15,1,0,1151,-3,0,0,-4,-5,-2,438,469,441,427
7476,7476000,-15,1,0,1151,-3,0,0,-3,2,-1,438,469,440,427
7478,7478000,-15,1,0,1151,-3,0,0,4,2,1,438,469,440,427
7480,7480000,-15,1,0,1151,-3,0,0,-10,-5,1,438,469,440,427
7482,7482000,-15,1,0,1151,-3,0,0,5,0,-6,438,469,440,426
7484,7484000,-15,1,0,1151,-3,0,0,2,2,2,439,469,440,426
7486,7486000,-15,1,0,1151,-3,0,0,2,-1,-1,439,469,440,426
7488,7488000,-15,1,0,1151,-3,0,0,2,3,-2,439,469,441,426
7490,7490000,-15,1,0,1151,-3,0,0,2,7,-2,439,468,441,426
7492,7492000,-15,1,0,1151,-3,0,0,-5,1,5,439,467,442,426
7494,7494000,-15,1,0,1151,-3,0,0,-2,4,1,439,467,442,426
7496,7496000,-15,1,0,1151,-3,0,0,-4,2,0,439,467,442,426
7498,7498000,-15,1,0,1151,-3,0,0,-6,2,6,439,467,442,426
7500,7500000,-15,-10,0,1228,-3,-2,0,-3,3,4,593,622,576,560
7502,7502000,-15,-30,0,1360,-3,-6,0,-3,-3,5,865,894,806,790
7504,7504000,-15,-46,0,1470,-3,-11,0,-3,-2,1,1089,1119,996,981
7506,7506000,-15,-59,0,1561,-3,-16,0,-3,2,-6,1270,1302,1157,1144
7508,7508000,-14,-69,0,1637,-3,-21,0,-4,-7,-1,1414,1448,1295,1284
7510,7510000,-14,-76,0,1699,-2,-25,0,0,-5,-6,1528,1565,1415,1406
7512,7512000,-13,-81,0,1751,-2,-27,0,1,-6,-5,1615,1656,1519,1514
7514,7514000,-13,-84,0,1794,-2,-29,0,-3,-10,0,1682,1727,1611,1608
7516,7516000,-12,-85,0,1829,-2,-29,0,-5,-15,-6,1733,1782,1691,1690
7518,7518000,-11,-85,0,1858,-2,-29,0,-2,-22,-2,1770,1823,1761,1763
7520,7520000,-9,-83,0,1883,-2,-28,0,-7,-23,0,1799,1855,1822,1826
7522,7522000,-8,-80,0,1903,-1,-26,0,-10,-29,2,1821,1881,1873,1879
7524,7524000,-7,-76,0,1920,-1,-25,0,-10,-32,6,1840,1904,1914,1922
7526,7526000,-6,-72,0,1933,-1,-23,0,-6,-39,-0,1860,1926,1944,1954
7528,7528000,-4,-69,0,1945,-1,-21,0,-10,-32,-1,1881,1951,1964,1975
7530,7530000,-3,-67,0,1954,-0,-20,0,-8,-32,-1,1902,1977,1976,1988
7532,7532000,-1,-65,0,1962,-0,-19,0,-10,-23,-7,1924,2003,1981,1995
7534,7534000,0,-65,0,1969,0,-19,0,-8,-25,-1,1943,2027,1982,1998
7536,7536000,2,-66,0,1974,0,-20,0,-6,-24,-4,1958,2047,1980,1999
7538,7538000,4,-67,0,1978,1,-20,0,-14,-16,-2,1953,2047,1961,1983
7540,7540000,6,-68,0,1982,1,-21,0,-10,-20,-3,1948,2047,1944,1969
7542,7542000,8,-70,0,1985,1,-22,0,-14,-12,2,1944,2047,1929,1956
7544,7544000,10,-72,0,1988,2,-23,0,-14,-19,-10,1941,2047,1916,1943
7546,7546000,12,-75,0,1990,2,-24,0,-16,-14,-7,1940,2047,1905,1932
7548,7548000,13,-77,0,1992,2,-25,0,-16,-14,-5,1941,2047,1898,1922
7550,7550000,14,-79,0,1993,2,-26,0,-21,-13,-3,1945,2047,1898,1917
7552,7552000,14,-81,0,1994,3,-27,0,-11,-15,-5,1951,2047,1903,1916
7554,7554000,14,-83,0,1995,2,-28,0,-12,-13,-7,1958,2047,1912,1917
7556,7556000,14,-84,0,1996,2,-29,0,-8,-10,2,1965,2047,1923,1920
7558,7558000,13,-85,0,1997,2,-29,0,-8,-11,-7,1969,2047,1932,1923
7560,7560000,11,-86,0,1997,2,-30,0,-6,-16,-7,1972,2047,1942,1927
7562,7562000,10,-86,0,1998,2,-30,0,-8,-9,-7,1971,2047,1950,1933
7564,7564000,9,-85,0,1998,2,-29,0,-10,-15,-6,1968,2047,1959,1943
7566,7566000,9,-84,0,1998,1,-29,0,-11,-17,-10,1962,2047,1966,1954
7568,7568000,9,-82,0,1999,1,-28,0,-10,-17,-3,1956,2047,1970,1964
7570,7570000,10,-81,0,1999,2,-27,0,-15,-24,-4,1950,2047,1969,1970
7572,7572000,11,-79,0,1999,2,-26,0,-17,-22,-8,1943,2047,1963,1971
7574,7574000,12,-78,0,1999,2,-26,0,-14,-23,-11,1938,2047,1954,1966
7576,7576000,14,-78,0,1999,2,-25,0,-16,-19,-2,1934,2047,1944,1959
7578,7578000,15,-78,0,2000,3,-25,0,-10,-14,-5,1932,2047,1937,1951
7580,7580000,17,-78,0,2000,3,-25,0,-19,-15,-2,1932,2047,1932,1944
7582,7582000,18,-78,0,2000,3,-25,0,-10,-10,-2,1934,2047,1929,1937
7584,7584000,18,-79,0,2000,3,-26,0,-14,-9,0,1938,2047,1926,1929
7586,7586000,18,-80,0,2000,3,-26,0,-7,-10,-6,1943,2047,1924,1921
7588,7588000,18,-81,0,2000,3,-27,0,-5,-5,-4,1949,2047,1922,1913
7590,7590000,17,-82,0,2000,3,-28,0,-12,-15,-5,1954,2047,1923,1910
7592,7592000,16,-83,0,2000,3,-28,0,-5,-9,-8,1958,2047,1931,1913
7594,7594000,15,-83,0,2000,3,-28,0,-5,-13,-3,1960,2047,1944,1924
7596,7596000,14,-82,0,2000,2,-28,0,-11,-16,-4,1960,2047,1960,1938
7598,7598000,13,-81,0,2000,2,-27,0,-4,-10,-5,1959,2047,1972,1952
7600,7600000,13,-79,0,2000,2,-26,0,-10,-17,-4,1955,2047,1975,1958
7602,7602000,13,-78,0,2000,2,-26,0,-4,-17,-4,1949,2047,1966,1954
7604,7604000,14,-78,0,2000,2,-25,0,-10,-19,-10,1942,2047,1949,1943
7606,7606000,15,-78,0,2000,3,-25,0,-11,-8,-7,1934,2047,1929,1929
7608,7608000,16,-79,0,2000,3,-26,0,-16,-15,-5,1928,2047,1913,1918
7610,7610000,18,-80,0,2000,3,-26,0,-19,-14,-5,1923,2047,1905,1913
7612,7612000,20,-80,0,2000,4,-27,0,-21,-11,-3,1922,2047,1907,1916
7614,7614000,21,-80,0,2000,4,-27,0,-17,-12,-2,1924,2047,1915,1923
7616,7616000,22,-80,0,2000,4,-26,0,-17,-8,-1,1930,2047,1927,1930
7618,7618000,22,-79,0,2000,4,-26,0,-5,-10,-3,1938,2047,1939,1935
7620,7620000,21,-79,0,2000,4,-26,0,-6,-12,-5,1947,2047,1950,1938
7622,7622000,20,-78,0,2000,4,-26,0,-9,-15,-13,1954,2047,1959,1939
7624,7624000,19,-77,0,2000,4,-25,0,-6,-13,-3,1959,2047,1967,1939
7626,7626000,17,-77,0,2000,3,-25,0,-8,-17,-9,1961,2047,1970,1938
7628,7628000,16,-76,0,2000,3,-25,0,-0,-11,-4,1960,2047,1969,1937
7630,7630000,15,-76,0,2000,3,-25,0,-10,-15,-3,1957,2047,1962,1933
7632,7632000,14,-76,0,2000,2,-25,0,2,-12,-8,1952,2047,1950,1926
7634,7634000,14,-77,0,2000,2,-25,0,-4,-7,-5,1946,2047,1936,1919
7636,7636000,15,-77,0,2000,3,-25,0,-11,-10,-8,1940,2047,1924,1913
7638,7638000,16,-78,0,2000,3,-26,0,-11,-9,-0,1934,2047,1916,1911
7640,7640000,17,-79,0,2000,3,-26,0,-10,-8,-1,1930,2047,1915,1914
7642,7642000,19,-79,0,2000,3,-26,0,-14,-8,-6,1927,2047,1918,1920
7644,7644000,20,-78,0,2000,4,-26,0,-8,-7,-1,1926,2047,1925,1927
7646,7646000,21,-78,0,2000,4,-25,0,-14,-16,-6,1927,2047,1931,1932
7648,7648000,22,-77,0,2000,4,-25,0,-7,-11,-5,1930,2047,1938,1936
7650,7650000,22,-76,0,2000,4,-25,0,-10,-12,-8,1934,2047,1944,1937
7652,7652000,22,-75,0,2000,4,-24,0,-6,-13,-10,1939,2047,1951,1938
7654,7654000,22,-75,0,2000,4,-24,0,-12,-18,-7,1944,2047,1957,1938
7656,7656000,21,-74,0,2000,4,-24,0,-1,-9,-5,1950,2047,1961,1936
7658,7658000,20,-74,0,2000,4,-23,0,-1,-13,-5,1956,2047,1960,1930
7660,7660000,18,-74,0,2000,3,-24,0,-2,-12,-6,1960,2047,1955,1921
7662,7662000,17,-75,0,2000,3,-24,0,-2,-10,-5,1962,2047,1946,1911
7664,7664000,15,-76,0,2000,3,-25,0,-4,-3,-5,1961,2047,1937,1904
7666,7666000,15,-77,0,2000,3,-25,0,-7,-12,-6,1956,2047,1932,1904
7668,7668000,14,-77,0,2000,3,-25,0,-4,-5,-3,1949,2047,1934,1911
7670,7670000,15,-77,0,2000,3,-25,0,-3,-10,-7,1941,2047,1940,1924
7672,7672000,16,-76,0,2000,3,-24,0,-8,-11,-2,1932,2047,1946,1938
7674,7674000,18,-74,0,2000,3,-24,0,-13,-18,-4,1925,2047,1948,1946
7676,7676000,19,-73,0,2000,4,-23,0,-4,-12,-6,1921,2047,1944,1946
7678,7678000,21,-72,0,2000,4,-23,0,-13,-16,-5,1921,2047,1936,1939
7680,7680000,23,-72,0,2000,4,-23,0,-10,-11,-10,1924,2047,1927,1928
7682,7682000,23,-73,0,2000,5,-23,0,-14,-10,-1,1931,2047,1923,1918
7684,7684000,23,-73,0,2000,5,-23,0,-8,-10,-9,1939,2047,1926,1913
7686,7686000,23,-74,0,2000,4,-23,0,-7,-7,-6,1948,2047,1934,1912
7688,7688000,21,-74,0,2000,4,-24,0,-6,-8,-6,1955,2047,1944,1915
7690,7690000,20,-74,0,2000,4,-24,0,-8,-10,-1,1961,2047,1953,1917
7692,7692000,18,-74,0,2000,3,-24,0,-1,-9,-2,1963,2047,1957,1919
7694,7694000,17,-74,0,2000,3,-24,0,-2,-14,-5,1962,2047,1958,1921
7696,7696000,16,-74,0,2000,3,-24,0,-6,-10,-3,1959,2047,1958,1923
7698,7698000,15,-74,0,2000,3,-23,0,1,-7,-4,1954,2047,1957,1927
7700,7700000,15,-73,0,2000,3,-23,0,-9,-14,-1,1948,2047,1958,1932
7702,7702000,15,-72,0,2000,3,-22,0,-6,-11,-6,1943,2047,1957,1937
7704,7704000,16,-71,0,2000,3,-22,0,-8,-14,-4,1938,2047,1952,1938
7706,7706000,17,-70,0,2000,3,-22,0,-1,-10,-6,1934,2047,1944,1935
7708,7708000,18,-70,0,2000,3,-22,0,-6,-3,-2,1932,2047,1933,1927
7710,7710000,20,-71,0,2000,4,-22,0,-9,-9,-5,1930,2047,1922,1918
7712,7712000,21,-71,0,2000,4,-22,0,-13,-15,-1,1929,2047,1915,1911
7714,7714000,22,-72,0,2000,4,-23,0,-9,-2,-5,1930,2047,1913,1908
7716,7716000,23,-73,0,2000,4,-23,0,-9,-10,-9,1934,2047,1919,1909
7718,7718000,23,-73,0,2000,4,-23,0,-3,-6,-6,1939,2047,1929,1913
7720,7720000,22,-73,0,2000,4,-23,0,-7,-2,-1,1946,2047,1942,1919
7722,7722000,21,-72,0,2000,4,-23,0,3,-11,-5,1954,2047,1955,1925
7724,7724000,20,-72,0,2000,4,-22,0,5,-10,-9,1961,2047,1968,1931
7726,7726000,18,-71,0,2000,3,-22,0,1,-7,-1,1966,2047,1978,1937
7728,7728000,16,-70,0,2000,3,-21,0,-3,-14,5,1968,2047,1983,1941
7730,7730000,15,-69,0,2000,3,-21,0,4,-12,-2,1966,2047,1982,1942
7732,7732000,14,-68,0,2000,2,-21,0,-2,-11,-2,1961,2047,1972,1937
7734,7734000,14,-68,0,2000,2,-21,0,-3,-7,-7,1953,2047,1954,1927
7736,7736000,14,-69,0,2000,2,-21,0,-1,-7,-5,1944,2047,1933,1914
7738,7738000,16,-70,0,2000,3,-21,0,-5,-10,-3,1935,2047,1914,1903
7740,7740000,17,-71,0,2000,3,-22,0,-11,-3,-2,1929,2047,1903,1898
7742,7742000,19,-72,0,2000,4,-22,0,-13,-7,-5,1925,2047,1903,1902
7744,7744000,21,-72,0,2000,4,-22,0,-10,-7,-2,1926,2047,1915,1913
7746,7746000,22,-71,0,2000,4,-22,0,-4,-8,-2,1930,2047,1933,1927
7748,7748000,22,-70,0,2000,4,-22,0,-8,-14,-2,1937,2047,1951,1939
7750,7750000,22,-69,0,2000,4,-21,0,-0,-14,-1,1945,2047,1963,1944
7752,7752000,21,-68,0,2000,4,-20,0,2,-12,0,1953,2047,1968,1942
7754,7754000,20,-67,0,2000,4,-20,0,-4,-13,-4,1960,2047,1967,1935
7756,7756000,19,-67,0,2000,3,-20,0,-3,-14,-5,1964,2047,1964,1928
7758,7758000,17,-67,0,2000,3,-20,0,-3,-2,-6,1965,2047,1961,1922
7760,7760000,16,-67,0,2000,3,-20,0,4,-12,-3,1964,2047,1958,1919
7762,7762000,15,-68,0,2000,3,-20,0,9,-8,-5,1961,2047,1955,1918
7764,7764000,14,-68,0,2000,2,-21,0,-1,-7,-3,1958,2047,1951,1916
7766,7766000,14,-68,0,2000,2,-21,0,6,-3,-1,1955,2047,1944,1914
7768,7768000,14,-69,0,2000,2,-21,0,-4,-4,1,1951,2047,1937,1912
7770,7770000,15,-69,0,2000,3,-21,0,-0,-2,-2,1947,2047,1933,1913
7772,7772000,15,-69,0,2000,3,-21,0,-5,-4,-1,1942,2047,1932,1917
7774,7774000,17,-69,0,2000,3,-21,0,-12,-11,2,1938,2047,1937,1926
7776,7776000,18,-68,0,2000,3,-20,0,-5,-6,-4,1934,2047,1943,1936
7778,7778000,19,-66,0,2000,4,-20,0,-6,-16,-2,1933,2047,1948,1942
7780,7780000,21,-65,0,2000,4,-19,0,-4,-10,-6,1933,2047,1950,1943
7782,7782000,21,-65,0,2000,4,-19,0,-8,-7,-5,1937,2047,1949,1938
7784,7784000,21,-64,0,2000,4,-19,0,-5,-10,-7,1943,2047,1946,1929
7786,7786000,21,-65,0,2000,4,-19,0,2,-11,-4,1951,2047,1944,1919
7788,7788000,20,-66,0,2000,4,-19,0,-7,-11,-8,1960,2047,1946,1912
7790,7790000,18,-66,0,2000,3,-20,0,1,-8,-6,1967,2047,1949,1908
7792,7792000,16,-67,0,2000,3,-20,0,4,-6,-10,1972,2047,1954,1908
7794,7794000,15,-68,0,2000,3,-20,0,6,-5,-3,1973,2047,1958,1912
7796,7796000,13,-68,0,2000,2,-20,0,1,-4,3,1971,2047,1960,1917
7798,7798000,12,-67,0,2000,2,-20,0,1,-6,3,1965,2047,1960,1925
7800,7800000,12,-66,0,2000,2,-20,0,7,-8,-6,1957,2047,1960,1933
7802,7802000,13,-65,0,2000,2,-19,0,-2,-13,-6,1948,2047,1959,1941
7804,7804000,14,-64,0,2000,2,-19,0,-5,-6,-0,1940,2047,1957,1945
7806,7806000,16,-63,0,2000,3,-18,0,0,-12,-3,1934,2047,1952,1943
7808,7808000,17,-62,0,2000,3,-18,0,-8,-7,-1,1932,2047,1943,1936
7810,7810000,19,-62,0,2000,3,-18,0,-8,-11,-1,1934,2047,1933,1924
7812,7812000,20,-63,0,2000,4,-18,0,-4,1,-6,1938,2047,1924,1913
7814,7814000,20,-64,0,2000,4,-19,0,-4,-6,-5,1945,2047,1921,1905
7816,7816000,20,-66,0,2000,4,-19,0,-10,-10,3,1951,2047,1926,1904
7818,7818000,19,-66,0,2000,4,-20,0,3,-10,-8,1958,2047,1937,1911
7820,7820000,18,-66,0,2000,3,-20,0,-3,-2,-2,1962,2047,1952,1921
7822,7822000,17,-65,0,2000,3,-19,0,5,-8,-2,1965,2047,1966,1931
7824,7824000,16,-64,0,2000,3,-19,0,6,-7,1,1967,2047,1974,1936
7826,7826000,15,-63,0,2000,3,-19,0,-2,-13,-3,1967,2047,1976,1937
7828,7828000,14,-63,0,2000,2,-18,0,1,-12,1,1967,2047,1974,1935
7830,7830000,13,-62,0,2000,2,-18,0,3,-10,-1,1966,2047,1970,1933
7832,7832000,12,-62,0,2000,2,-18,0,2,-12,-2,1964,2047,1966,1931
7834,7834000,12,-62,0,2000,2,-18,0,4,-7,-4,1960,2047,1962,1931
7836,7836000,12,-61,0,2000,2,-18,0,-3,-9,4,1954,2047,1955,1930
7838,7838000,13,-61,0,2000,2,-18,0,-5,-7,1,1948,2047,1945,1925
7840,7840000,14,-62,0,2000,2,-18,0,-2,-5,4,1942,2047,1932,1919
7842,7842000,16,-63,0,2000,3,-18,0,-9,-6,-3,1938,2047,1920,1911
7844,7844000,17,-64,0,2000,3,-19,0,-4,-9,-0,1937,2047,1913,1908
7846,7846000,18,-64,0,2000,3,-19,0,-5,-6,0,1938,2047,1916,1910
7848,7848000,19,-64,0,2000,4,-19,0,-3,-0,-4,1943,2047,1929,1918
7850,7850000,19,-64,0,2000,4,-19,0,-6,-7,2,1950,2047,1949,1930
7852,7852000,19,-63,0,2000,3,-18,0,-2,-13,-3,1959,2047,1970,1941
7854,7854000,17,-61,0,2000,3,-17,0,5,-9,1,1967,2047,1985,1947
7856,7856000,16,-60,0,2000,3,-17,0,9,-5,0,1974,2047,1992,1946
7858,7858000,14,-59,0,2000,2,-17,0,6,-9,-4,1977,2047,1988,1940
7860,7860000,12,-59,0,2000,2,-17,0,4,-8,-0,1977,2047,1978,1932
7862,7862000,11,-59,0,2000,2,-17,0,5,-7,-2,1974,2047,1964,1923
7864,7864000,10,-60,0,2000,2,-17,0,7,3,-6,1967,2047,1950,1917
7866,7866000,10,-61,0,2000,2,-17,0,2,-11,3,1959,2047,1939,1912
7868,7868000,11,-62,0,2000,2,-18,0,6,0,-0,1952,2047,1930,1910
7870,7870000,12,-62,0,2000,2,-18,0,-3,-0,-0,1946,2047,1927,1911
7872,7872000,13,-62,0,2000,2,-18,0,-8,1,1,1943,2047,1929,1916
7874,7874000,15,-62,0,2000,3,-18,0,-4,-3,-2,1943,2047,1937,1924
7876,7876000,16,-61,0,2000,3,-18,0,2,-13,-8,1945,2047,1948,1934
7878,7878000,16,-60,0,2000,3,-17,0,2,-11,-4,1948,2047,1960,1944
7880,7880000,17,-59,0,2000,3,-17,0,-2,-13,-3,1952,2047,1968,1949
7882,7882000,17,-58,0,2000,3,-16,0,-3,-9,-2,1955,2047,1969,1947
7884,7884000,16,-57,0,2000,3,-16,0,-2,-5,-2,1959,2047,1965,1939
7886,7886000,16,-57,0,2000,3,-16,0,-1,-4,-4,1962,2047,1957,1927
7888,7888000,15,-58,0,2000,3,-16,0,4,-7,-1,1966,2047,1951,1917
7890,7890000,14,-59,0,2000,2,-17,0,2,-6,-0,1969,2047,1948,1912
7892,7892000,13,-60,0,2000,2,-17,0,5,-6,-4,1973,2047,1951,1913
7894,7894000,12,-60,0,2000,2,-17,0,5,2,4,1974,2047,1958,1918
7896,7896000,10,-60,0,2000,2,-17,0,7,-6,2,1974,2047,1964,1923
7898,7898000,10,-60,0,2000,2,-17,0,1,-4,2,1971,2047,1966,1927
7900,7900000,9,-59,0,2000,1,-17,0,-0,-11,1,1966,2047,1964,1929
7902,7902000,9,-59,0,2000,2,-17,0,4,-4,-3,1959,2047,1959,1930
7904,7904000,10,-58,0,2000,2,-16,0,-4,-4,3,1952,2047,1953,1933
7906,7906000,11,-58,0,2000,2,-16,0,1,-15,-3,1947,2047,1950,1937
7908,7908000,13,-57,0,2000,2,-16,0,-5,-8,-5,1943,2047,1950,1942
7910,7910000,15,-56,0,2000,3,-15,0,-6,-14,-4,1942,2047,1950,1944
7912,7912000,16,-55,0,2000,3,-15,0,-3,-12,-4,1945,2047,1949,1940
7914,7914000,16,-55,0,2000,3,-15,0,0,-2,4,1950,2047,1946,1931
7916,7916000,16,-56,0,2000,3,-15,0,2,-2,0,1957,2047,1943,1918
7918,7918000,16,-57,0,2000,3,-16,0,3,-8,-1,1965,2047,1942,1908
7920,7920000,14,-59,0,2000,2,-16,0,2,-5,1,1973,2047,1946,1904
7922,7922000,13,-59,0,2000,2,-17,0,3,-7,-1,1978,2047,1955,1910
7924,7924000,11,-59,0,2000,2,-17,0,5,-5,-3,1980,2047,1967,1922
7926,7926000,9,-59,0,2000,2,-16,0,10,-8,-3,1979,2047,1978,1936
7928,7928000,9,-57,0,2000,1,-16,0,6,-11,-5,1974,2047,1984,1946
7930,7930000,8,-56,0,2000,1,-15,0,3,-12,-0,1968,2047,1983,1950
7932,7932000,8,-55,0,2000,1,-15,0,6,-6,-3,1962,2047,1976,1948
7934,7934000,9,-54,0,2000,1,-15,0,4,-9,-1,1958,2047,1965,1941
7936,7936000,10,-54,0,2000,2,-14,0,-4,-10,1,1955,2047,1954,1934
7938,7938000,11,-54,0,2000,2,-15,0,-4,-1,7,1954,2047,1945,1927
7940,7940000,11,-55,0,2000,2,-15,0,-6,-8,-1,1954,2047,1939,1921
7942,7942000,12,-55,0,2000,2,-15,0,-1,-1,-6,1954,2047,1935,1916
7944,7944000,13,-56,0,2000,2,-15,0,2,0,0,1954,2047,1933,1914
7946,7946000,13,-57,0,2000,2,-16,0,-4,-6,-4,1955,2047,1934,1914
7948,7948000,14,-57,0,2000,2,-16,0,-6,-4,-1,1956,2047,1941,1918
7950,7950000,14,-57,0,2000,2,-16,0,-2,-4,-6,1959,2047,1951,1927
7952,7952000,13,-56,0,2000,2,-15,0,1,-9,4,1964,2047,1965,1937
7954,7954000,13,-55,0,2000,2,-15,0,-0,-5,-3,1969,2047,1978,1946
7956,7956000,12,-54,0,2000,2,-14,0,3,-7,4,1975,2047,1986,1951
7958,7958000,10,-53,0,2000,2,-14,0,1,-10,-1,1979,2047,1988,1948
7960,7960000,9,-52,0,2000,1,-14,0,6,-11,-2,1981,2047,1984,1940
7962,7962000,8,-52,0,2000,1,-14,0,2,-7,2,1979,2047,1975,1931
7964,7964000,7,-53,0,2000,1,-14,0,10,-8,-0,1976,2047,1965,1923
7966,7966000,6,-53,0,2000,1,-14,0,2,-5,-6,1970,2047,1956,1920
7968,7968000,6,-54,0,2000,1,-15,0,0,-3,4,1963,2047,1948,1920
7970,7970000,7,-54,0,2000,1,-15,0,0,-7,0,1956,2047,1941,1922
7972,7972000,9,-55,0,2000,1,-15,0,1,-1,-0,1951,2047,1936,1923
7974,7974000,10,-55,0,2000,2,-15,0,-4,1,7,1949,2047,1933,1924
7976,7976000,12,-55,0,2000,2,-15,0,-1,-5,1,1949,2047,1935,1925
7978,7978000,13,-55,0,2000,2,-15,0,3,1,4,1952,2047,1944,1929
7980,7980000,13,-54,0,2000,2,-15,0,-1,-8,5,1958,2047,1958,1936
7982,7982000,13,-53,0,2000,2,-14,0,2,-10,-8,1966,2047,1975,1945
7984,7984000,12,-52,0,2000,2,-14,0,4,-13,1,1973,2047,1988,1952
7986,7986000,11,-50,0,2000,2,-13,0,3,-9,0,1978,2047,1992,1952
7988,7988000,9,-50,0,2000,1,-13,0,5,-3,6,1980,2047,1986,1945
7990,7990000,8,-50,0,2000,1,-13,0,-1,-7,2,1979,2047,1972,1931
7992,7992000,7,-51,0,2000,1,-13,0,4,-3,-1,1976,2047,1956,1917
7994,7994000,7,-52,0,2000,1,-14,0,2,-4,0,1973,2047,1944,1908
7996,7996000,6,-54,0,2000,1,-14,0,2,-0,7,1969,2047,1940,1908
7998,7998000,6,-54,0,2000,1,-15,0,4,1,2,1968,2047,1945,1916
8000,8000000,7,-54,0,2000,1,-15,0,-1,-0,8,1967,2047,1955,1928
8002,8002000,7,-53,0,2000,1,-14,0,2,-3,3,1966,2047,1965,1940
8004,8004000,7,-52,0,2000,1,-14,0,-3,-14,-3,1965,2047,1972,1948
8006,8006000,8,-51,0,2000,1,-13,0,-3,-16,-3,1963,2047,1973,1949
8008,8008000,8,-50,0,2000,1,-13,0,2,-9,-8,1960,2047,1969,1947
8010,8010000,9,-49,0,2000,1,-13,0,8,-2,-2,1958,2047,1963,1942
8012,8012000,10,-49,0,2000,2,-13,0,-1,-7,1,1957,2047,1958,1937
8014,8014000,10,-49,0,2000,2,-13,0,1,-4,-5,1958,2047,1953,1933
8016,8016000,11,-49,0,2000,2,-13,0,-1,-5,0,1962,2047,1950,1929
8018,8018000,11,-50,0,2000,2,-13,0,2,-3,-4,1967,2047,1949,1924
8020,8020000,10,-51,0,2000,2,-13,0,11,-6,-1,1974,2047,1951,1920
8022,8022000,9,-52,0,2000,1,-14,0,4,-0,3,1979,2047,1957,1919
8024,8024000,7,-52,0,2000,1,-14,0,9,-7,-7,1984,2047,1965,1921
8026,8026000,6,-52,0,2000,1,-14,0,7,-4,2,1985,2047,1974,1928
8028,8028000,5,-51,0,2000,1,-14,0,2,-7,0,1983,2047,1982,1937
8030,8030000,4,-50,0,2000,1,-13,0,8,-11,4,1979,2047,1984,1944
8032,8032000,4,-49,0,2000,1,-13,0,8,-7,1,1973,2047,1981,1948
8034,8034000,4,-49,0,2000,1,-12,0,1,-15,0,1966,2047,1972,1947
8036,8036000,5,-48,0,2000,1,-12,0,-1,-7,-2,1960,2047,1962,1943
8038,8038000,6,-48,0,2000,1,-12,0,2,-0,4,1956,2047,1953,1938
8040,8040000,8,-48,0,2000,1,-12,0,-2,-3,-3,1955,2047,1948,1934
8042,8042000,9,-48,0,2000,1,-12,0,-2,-6,2,1957,2047,1948,1931
8044,8044000,9,-48,0,2000,1,-12,0,-0,3,4,1962,2047,1949,1928
8046,8046000,9,-49,0,2000,1,-13,0,3,-2,2,1968,2047,1951,1924
8048,8048000,9,-50,0,2000,1,-13,0,-0,-0,4,1973,2047,1952,1921
8050,8050000,8,-50,0,2000,1,-13,0,8,-2,0,1977,2047,1954,1920
8052,8052000,7,-51,0,2000,1,-13,0,6,-6,-1,1978,2047,1959,1923
8054,8054000,6,-51,0,2000,1,-13,0,13,-6,-2,1978,2047,1968,1931
8056,8056000,6,-50,0,2000,1,-13,0,-1,-11,0,1976,2047,1979,1943
8058,8058000,5,-48,0,2000,1,-12,0,7,-11,3,1974,2047,1989,1954
8060,8060000,5,-46,0,2000,1,-12,0,4,-15,2,1974,2047,1992,1959
8062,8062000,4,-45,0,2000,1,-11,0,-1,-9,1,1975,2047,1988,1956
8064,8064000,4,-45,0,2000,1,-11,0,6,-11,-6,1975,2047,1977,1945
8066,8066000,4,-45,0,2000,1,-11,0,6,-4,-1,1976,2047,1962,1931
8068,8068000,4,-46,0,2000,1,-12,0,2,-5,2,1974,2047,1950,1919
8070,8070000,4,-48,0,2000,1,-12,0,4,-2,-1,1972,2047,1943,1914
8072,8072000,4,-49,0,2000,1,-13,0,-2,-5,-1,1968,2047,1942,1916
8074,8074000,5,-49,0,2000,1,-13,0,-2,-5,-7,1964,2047,1946,1923
8076,8076000,6,-49,0,2000,1,-13,0,2,-8,1,1961,2047,1952,1932
8078,8078000,7,-48,0,2000,1,-12,0,-4,-12,5,1960,2047,1958,1940
8080,8080000,7,-48,0,2000,1,-12,0,-0,-3,-1,1962,2047,1963,1945
8082,8082000,8,-47,0,2000,1,-12,0,1,-14,-5,1966,2047,1968,1947
8084,8084000,7,-46,0,2000,1,-11,0,4,-8,-1,1972,2047,1975,1947
8086,8086000,7,-45,0,2000,1,-11,0,1,-5,1,1978,2047,1981,1947
8088,8088000,6,-45,0,2000,1,-11,0,-0,-11,-1,1984,2047,1986,1945
8090,8090000,4,-44,0,2000,1,-11,0,6,-1,4,1987,2047,1986,1942
8092,8092000,3,-44,0,2000,0,-11,0,6,-12,-0,1987,2047,1980,1936
8094,8094000,2,-45,0,2000,0,-11,0,2,-4,4,1984,2047,1970,1929
8096,8096000,1,-46,0,2000,0,-11,0,6,-1,-1,1979,2047,1958,1923
8098,8098000,1,-47,0,2000,0,-12,0,5,-2,-3,1973,2047,1950,1921
8100,8100000,2,-47,0,2000,0,-12,0,4,-1,-2,1967,2047,1947,1923
8102,8102000,3,-47,0,2000,0,-12,0,4,2,-1,1963,2047,1950,1929
8104,8104000,4,-47,0,2000,1,-12,0,-0,-9,-0,1962,2047,1956,1937
8106,8106000,5,-46,0,2000,1,-12,0,7,-3,-2,1964,2047,1965,1943
8108,8108000,5,-45,0,2000,1,-11,0,-2,-8,6,1968,2047,1972,1948
8110,8110000,5,-44,0,2000,1,-11,0,-2,-9,-0,1972,2047,1976,1950
8112,8112000,5,-44,0,2000,1,-11,0,7,-10,-2,1976,2047,1979,1949
8114,8114000,5,-43,0,2000,1,-10,0,5,-10,3,1977,2047,1979,1947
8116,8116000,4,-43,0,2000,1,-10,0,5,-12,-5,1977,2047,1976,1944
8118,8118000,4,-43,0,2000,1,-10,0,2,-5,3,1975,2047,1970,1938
8120,8120000,4,-43,0,2000,1,-10,0,2,-4,5,1974,2047,1962,1931
8122,8122000,3,-44,0,2000,1,-11,0,2,-9,-0,1974,2047,1954,1923
8124,8124000,3,-45,0,2000,0,-11,0,4,-7,-1,1975,2047,1949,1918
8126,8126000,3,-46,0,2000,0,-12,0,2,-2,5,1978,2047,1951,1918
8128,8128000,2,-46,0,2000,0,-12,0,3,1,-1,1981,2047,1960,1926
8130,8130000,2,-46,0,2000,0,-12,0,6,-3,-5,1983,2047,1975,1938
8132,8132000,1,-45,0,2000,0,-11,0,3,-17,-0,1983,2047,1988,1952
8134,8134000,1,-43,0,2000,0,-11,0,7,-8,-6,1980,2047,1995,1960
8136,8136000,0,-42,0,2000,0,-10,0,3,-14,2,1976,2047,1992,1961
8138,8138000,1,-41,0,2000,0,-10,0,6,-6,5,1971,2047,1980,1953
8140,8140000,2,-41,0,2000,0,-10,0,-7,-8,5,1967,2047,1963,1942
8142,8142000,3,-41,0,2000,0,-10,0,5,3,3,1964,2047,1949,1931
8144,8144000,4,-42,0,2000,1,-10,0,2,-6,0,1963,2047,1942,1924
8146,8146000,4,-43,0,2000,1,-10,0,-3,-1,1,1966,2047,1944,1923
8148,8148000,4,-44,0,2000,1,-11,0,2,-1,5,1971,2047,1952,1927
8150,8150000,4,-44,0,2000,1,-11,0,5,-1,4,1977,2047,1963,1932
8152,8152000,3,-44,0,2000,0,-11,0,9,-6,-0,1983,2047,1973,1936
8154,8154000,2,-44,0,2000,0,-11,0,8,-9,-4,1987,2047,1979,1938
8156,8156000,1,-43,0,2000,0,-11,0,2,-13,4,1988,2047,1982,1941
8158,8158000,0,-43,0,2000,0,-10,0,6,-6,-5,1986,2047,1983,1944
8160,8160000,0,-42,0,2000,-0,-10,0,1,-8,-1,1982,2047,1983,1948
8162,8162000,-1,-41,0,2000,-0,-10,0,2,-10,-0,1977,2047,1982,1951
8164,8164000,0,-40,0,2000,-0,-10,0,4,-6,-3,1972,2047,1979,1952
8166,8166000,0,-40,0,2000,0,-9,0,5,-9,-0,1970,2047,1973,1948
8168,8168000,1,-40,0,2000,0,-9,0,3,-2,4,1970,2047,1966,1941
8170,8170000,1,-40,0,2000,0,-9,0,-1,-4,-1,1972,2047,1959,1933
8172,8172000,1,-41,0,2000,0,-10,0,3,1,2,1975,2047,1955,1927
8174,8174000,1,-42,0,2000,0,-10,0,6,-1,2,1978,2047,1954,1924
8176,8176000,1,-42,0,2000,0,-10,0,0,-2,-1,1979,2047,1957,1926
8178,8178000,1,-43,0,2000,0,-10,0,8,-4,1,1979,2047,1962,1931
8180,8180000,1,-43,0,2000,0,-10,0,3,-1,7,1977,2047,1967,1938
8182,8182000,1,-42,0,2000,0,-10,0,2,-12,-1,1974,2047,1971,1943
8184,8184000,1,-41,0,2000,0,-10,0,1,-7,5,1973,2047,1974,1948
8186,8186000,1,-40,0,2000,0,-10,0,7,-6,-2,1973,2047,1977,1952
8188,8188000,1,-39,0,2000,0,-9,0,1,-4,6,1975,2047,1981,1954
8190,8190000,1,-38,0,2000,0,-9,0,9,-11,-3,1978,2047,1985,1954
8192,8192000,1,-38,0,2000,0,-9,0,1,-5,0,1982,2047,1985,1950
8194,8194000,0,-38,0,2000,-0,-9,0,2,-12,2,1986,2047,1981,1943
8196,8196000,-1,-38,0,2000,-0,-9,0,8,-10,-5,1988,2047,1972,1933
8198,8198000,-2,-40,0,2000,-0,-9,0,8,-0,3,1987,2047,1962,1924
8200,8200000,-2,-41,0,2000,-0,-10,0,10,3,-2,1984,2047,1954,1920
8202,8202000,-2,-42,0,2000,-0,-10,0,6,-0,7,1979,2047,1952,1922
8204,8204000,-2,-42,0,2000,-0,-10,0,-0,0,-0,1973,2047,1956,1932
8206,8206000,-1,-41,0,2000,-0,-10,0,4,-6,-3,1969,2047,1965,1944
8208,8208000,0,-40,0,2000,-0,-9,0,-2,-6,1,1968,2047,1975,1955
8210,8210000,1,-39,0,2000,0,-9,0,-3,-9,5,1969,2047,1981,1960
8212,8212000,1,-38,0,2000,0,-9,0,-1,-9,-1,1973,2047,1982,1957
8214,8214000,1,-37,0,2000,0,-8,0,3,-5,-3,1978,2047,1980,1950
8216,8216000,0,-37,0,2000,0,-8,0,6,-3,-1,1983,2047,1976,1942
8218,8218000,0,-37,0,2000,-0,-9,0,7,-1,-0,1986,2047,1973,1937
8220,8220000,-1,-38,0,2000,-0,-9,0,2,-3,3,1987,2047,1972,1935
8222,8222000,-2,-38,0,2000,-0,-9,0,3,-1,3,1985,2047,1971,1936
8224,8224000,-2,-38,0,2000,-0,-9,0,6,-3,-4,1982,2047,1968,1936
8226,8226000,-2,-39,0,2000,-0,-9,0,1,-7,6,1978,2047,1964,1935
8228,8228000,-2,-39,0,2000,-0,-9,0,-1,-5,-6,1976,2047,1960,1934
8230,8230000,-1,-39,0,2000,-0,-9,0,-1,-1,8,1975,2047,1960,1934
8232,8232000,-1,-39,0,2000,-0,-9,0,1,-3,-2,1977,2047,1964,1936
8234,8234000,-1,-39,0,2000,-0,-9,0,-0,-8,-0,1980,2047,1973,1943
8236,8236000,-2,-38,0,2000,-0,-9,0,2,-5,-0,1983,2047,1984,1951
8238,8238000,-2,-37,0,2000,-0,-9,0,2,-5,8,1985,2047,1992,1957
8240,8240000,-3,-36,0,2000,-0,-8,0,-0,-6,1,1985,2047,1993,1958
8242,8242000,-3,-35,0,2000,-0,-8,0,3,-4,6,1983,2047,1987,1954
8244,8244000,-3,-35,0,2000,-0,-8,0,-0,-6,1,1979,2047,1975,1946
8246,8246000,-2,-36,0,2000,-0,-8,0,4,-4,1,1975,2047,1962,1937
8248,8248000,-2,-36,0,2000,-0,-8,0,-3,-5,7,1973,2047,1952,1931
8250,8250000,-1,-37,0,2000,-0,-9,0,-2,-1,-1,1972,2047,1949,1928
8252,8252000,-1,-38,0,2000,-0,-9,0,-2,1,1,1973,2047,1952,1929
8254,8254000,0,-38,0,2000,-0,-9,0,4,-4,-5,1977,2047,1960,1932
8256,8256000,-1,-38,0,2000,-0,-9,0,4,-1,-3,1982,2047,1971,1938
8258,8258000,-2,-38,0,2000,-0,-9,0,3,-2,4,1987,2047,1981,1944
8260,8260000,-3,-37,0,2000,-0,-9,0,6,-8,-3,1991,2047,1990,1950
8262,8262000,-3,-36,0,2000,-1,-8,0,4,-5,6,1991,2047,1995,1956
8264,8264000,-4,-35,0,2000,-1,-8,0,7,-4,2,1989,2047,1996,1959
8266,8266000,-4,-34,0,2000,-1,-8,0,-5,-10,1,1984,2047,1991,1959
8268,8268000,-4,-34,0,2000,-1,-7,0,5,-13,-2,1979,2047,1981,1953
8270,8270000,-4,-34,0,2000,-1,-7,0,4,-8,-2,1975,2047,1968,1944
8272,8272000,-3,-34,0,2000,-0,-8,0,2,-4,-1,1973,2047,1956,1933
8274,8274000,-2,-35,0,2000,-0,-8,0,-6,-2,8,1974,2047,1949,1926
8276,8276000,-2,-37,0,2000,-0,-8,0,4,-2,-3,1977,2047,1951,1925
8278,8278000,-2,-37,0,2000,-0,-9,0,-1,-2,1,1982,2047,1960,1930
8280,8280000,-3,-37,0,2000,-0,-9,0,4,-2,5,1985,2047,1972,1940
8282,8282000,-3,-37,0,2000,-0,-8,0,8,-7,3,1986,2047,1984,1949
8284,8284000,-4,-36,0,2000,-1,-8,0,1,-12,-0,1985,2047,1989,1955
8286,8286000,-4,-35,0,2000,-1,-8,0,1,-13,-3,1983,2047,1987,1955
8288,8288000,-4,-34,0,2000,-1,-8,0,3,-4,1,1980,2047,1980,1952
8290,8290000,-3,-34,0,2000,-0,-7,0,0,-3,7,1977,2047,1973,1949
8292,8292000,-3,-34,0,2000,-0,-7,0,3,-8,-1,1976,2047,1970,1947
8294,8294000,-3,-33,0,2000,-0,-7,0,8,-5,4,1978,2047,1971,1946
8296,8296000,-3,-33,0,2000,-0,-7,0,3,-1,1,1981,2047,1974,1946
8298,8298000,-3,-33,0,2000,-0,-7,0,5,-1,6,1985,2047,1978,1945
8300,8300000,-4,-34,0,2000,-1,-7,0,-3,-12,-2,1989,2047,1978,1940
8302,8302000,-5,-34,0,2000,-1,-8,0,-0,1,-1,1991,2047,1975,1935
8304,8304000,-5,-35,0,2000,-1,-8,0,2,3,-2,1991,2047,1970,1931
8306,8306000,-6,-36,0,2000,-1,-8,0,1,-1,-3,1989,2047,1967,1931
8308,8308000,-6,-36,0,2000,-1,-8,0,2,-4,5,1984,2047,1967,1937
8310,8310000,-6,-35,0,2000,-1,-8,0,-0,-8,10,1979,2047,1971,1947
8312,8312000,-5,-34,0,2000,-1,-8,0,3,-11,-7,1974,2047,1977,1957
8314,8314000,-4,-33,0,2000,-1,-7,0,-4,-8,-1,1972,2047,1981,1962
8316,8316000,-3,-32,0,2000,-0,-7,0,-0,-9,3,1972,2047,1981,1961
8318,8318000,-3,-31,0,2000,-0,-7,0,0,-7,-2,1976,2047,1980,1955
8320,8320000,-3,-31,0,2000,-0,-7,0,3,-8,-1,1981,2047,1976,1947
8322,8322000,-3,-32,0,2000,-0,-7,0,-0,-2,7,1987,2047,1973,1940
8324,8324000,-4,-32,0,2000,-1,-7,0,3,-2,5,1991,2047,1971,1935
8326,8326000,-5,-33,0,2000,-1,-7,0,2,-6,2,1992,2047,1970,1933
8328,8328000,-5,-34,0,2000,-1,-7,0,4,-2,3,1990,2047,1970,1934
8330,8330000,-6,-34,0,2000,-1,-8,0,5,-1,-0,1986,2047,1969,1936
8332,8332000,-6,-34,0,2000,-1,-8,0,-2,-4,-2,1982,2047,1969,1940
8334,8334000,-5,-34,0,2000,-1,-8,0,0,-12,5,1980,2047,1972,1945
8336,8336000,-5,-33,0,2000,-1,-7,0,2,-10,4,1980,2047,1978,1952
8338,8338000,-5,-32,0,2000,-1,-7,0,3,-5,2,1982,2047,1985,1958
8340,8340000,-5,-31,0,2000,-1,-7,0,4,-15,-0,1985,2047,1991,1961
8342,8342000,-5,-30,0,2000,-1,-6,0,7,-10,-1,1987,2047,1993,1960
8344,8344000,-6,-30,0,2000,-1,-6,0,9,-7,-2,1989,2047,1988,1954
8346,8346000,-6,-30,0,2000,-1,-6,0,-1,-6,-0,1988,2047,1979,1944
8348,8348000,-6,-31,0,2000,-1,-7,0,0,-2,4,1985,2047,1968,1936
8350,8350000,-6,-32,0,2000,-1,-7,0,2,-8,4,1981,2047,1960,1932
8352,8352000,-6,-32,0,2000,-1,-7,0,-0,2,5,1977,2047,1956,1933
8354,8354000,-5,-33,0,2000,-1,-7,0,-1,-8,-1,1975,2047,1958,1939
8356,8356000,-4,-33,0,2000,-1,-7,0,2,-2,1,1975,2047,1964,1946
8358,8358000,-3,-32,0,2000,-1,-7,0,1,-5,2,1977,2047,1971,1950
8360,8360000,-3,-32,0,2000,-0,-7,0,6,-3,5,1982,2047,1978,1951
8362,8362000,-4,-31,0,2000,-1,-7,0,5,-2,-0,1987,2047,1983,1949
8364,8364000,-5,-31,0,2000,-1,-7,0,8,-4,6,1993,2047,1988,1948
8366,8366000,-6,-31,0,2000,-1,-7,0,5,-6,3,1997,2047,1993,1950
8368,8368000,-7,-30,0,2000,-1,-6,0,8,-6,-2,1998,2047,1996,1953
8370,8370000,-8,-29,0,2000,-1,-6,0,1,-7,-1,1995,2047,1996,1956
8372,8372000,-9,-29,0,2000,-1,-6,0,1,-7,3,1990,2047,1989,1956
8374,8374000,-8,-29,0,2000,-1,-6,0,7,-1,-1,1983,2047,1978,1951
8376,8376000,-8,-29,0,2000,-1,-6,0,0,-8,-1,1977,2047,1963,1942
8378,8378000,-7,-30,0,2000,-1,-6,0,-3,-1,3,1974,2047,1952,1933
8380,8380000,-6,-31,0,2000,-1,-7,0,2,-5,4,1973,2047,1948,1929
8382,8382000,-5,-32,0,2000,-1,-7,0,-3,4,4,1976,2047,1954,1932
8384,8384000,-5,-32,0,2000,-1,-7,0,1,-5,-3,1981,2047,1967,1941
8386,8386000,-5,-32,0,2000,-1,-7,0,1,-12,-3,1986,2047,1982,1953
8388,8388000,-5,-30,0,2000,-1,-6,0,2,-5,-1,1989,2047,1994,1961
8390,8390000,-6,-29,0,2000,-1,-6,0,1,-13,-1,1990,2047,1998,1964
8392,8392000,-6,-28,0,2000,-1,-6,0,6,-3,2,1988,2047,1994,1961
8394,8394000,-6,-28,0,2000,-1,-6,0,1,-2,4,1985,2047,1986,1955
8396,8396000,-6,-28,0,2000,-1,-6,0,3,-6,2,1983,2047,1977,1948
8398,8398000,-6,-28,0,2000,-1,-6,0,-3,-1,4,1983,2047,1971,1943
8400,8400000,-6,-28,0,2000,-1,-6,0,3,-0,1,1985,2047,1969,1941
8402,8402000,-7,-29,0,2000,-1,-6,0,2,0,2,1989,2047,1970,1940
8404,8404000,-7,-30,0,2000,-1,-6,0,1,-2,5,1992,2047,1974,1940
8406,8406000,-8,-30,0,2000,-1,-6,0,7,-1,2,1995,2047,1978,1940
8408,8408000,-9,-30,0,2000,-1,-6,0,7,-6,-2,1995,2047,1981,1942
8410,8410000,-9,-30,0,2000,-1,-6,0,7,0,-3,1992,2047,1984,1946
8412,8412000,-9,-30,0,2000,-2,-6,0,6,-8,-8,1988,2047,1985,1952
8414,8414000,-9,-29,0,2000,-1,-6,0,-0,-6,-2,1982,2047,1984,1958
8416,8416000,-8,-28,0,2000,-1,-6,0,3,-4,2,1976,2047,1980,1961
8418,8418000,-7,-27,0,2000,-1,-6,0,2,-4,-2,1972,2047,1973,1960
8420,8420000,-5,-27,0,2000,-1,-5,0,-7,-7,4,1971,2047,1967,1955
8422,8422000,-4,-27,0,2000,-1,-5,0,-5,-3,7,1974,2047,1964,1948
8424,8424000,-4,-27,0,2000,-1,-6,0,-3,-2,5,1979,2047,1965,1942
8426,8426000,-4,-28,0,2000,-1,-6,0,4,-5,-3,1987,2047,1972,1940
8428,8428000,-5,-28,0,2000,-1,-6,0,3,0,-1,1994,2047,1981,1942
8430,8430000,-7,-28,0,2000,-1,-6,0,-1,-7,2,2000,2047,1988,1945
8432,8432000,-8,-28,0,2000,-1,-6,0,0,-9,1,2003,2047,1992,1948
8434,8434000,-9,-28,0,2000,-2,-6,0,3,-8,4,2001,2047,1989,1948
8436,8436000,-10,-28,0,2000,-2,-6,0,3,-2,3,1996,2047,1984,1946
8438,8438000,-10,-28,0,2000,-2,-6,0,5,-2,3,1989,2047,1978,1946
8440,8440000,-10,-28,0,2000,-2,-6,0,4,-7,-3,1982,2047,1975,1949
8442,8442000,-9,-27,0,2000,-1,-6,0,3,-7,-6,1979,2047,1978,1955
8444,8444000,-8,-26,0,2000,-1,-5,0,-0,-10,2,1978,2047,1982,1961
8446,8446000,-8,-26,0,2000,-1,-5,0,4,-8,1,1980,2047,1985,1963
8448,8448000,-7,-25,0,2000,-1,-5,0,6,-3,-2,1983,2047,1984,1960
8450,8450000,-7,-25,0,2000,-1,-5,0,6,-2,2,1986,2047,1977,1951
8452,8452000,-7,-26,0,2000,-1,-5,0,8,-3,-1,1987,2047,1969,1941
8454,8454000,-7,-27,0,2000,-1,-5,0,1,-6,1,1986,2047,1961,1933
8456,8456000,-7,-28,0,2000,-1,-6,0,5,-4,-6,1984,2047,1959,1932
8458,8458000,-7,-28,0,2000,-1,-6,0,3,5,4,1982,2047,1963,1938
8460,8460000,-7,-28,0,2000,-1,-6,0,3,-5,-3,1982,2047,1972,1948
8462,8462000,-6,-27,0,2000,-1,-6,0,1,-4,7,1984,2047,1982,1958
8464,8464000,-7,-26,0,2000,-1,-5,0,4,-12,7,1988,2047,1991,1963
8466,8466000,-7,-25,0,2000,-1,-5,0,1,-11,5,1993,2047,1996,1964
8468,8468000,-8,-25,0,2000,-1,-5,0,3,-0,5,1998,2047,1998,1960
8470,8470000,-9,-25,0,2000,-2,-5,0,11,-2,-1,2002,2047,1997,1954
8472,8472000,-11,-24,0,2000,-2,-5,0,-1,-9,5,2002,2047,1995,1950
8474,8474000,-12,-25,0,2000,-2,-5,0,13,-3,-2,1999,2047,1990,1947
8476,8476000,-12,-25,0,2000,-2,-5,0,4,-0,-3,1993,2047,1982,1946
8478,8478000,-12,-25,0,2000,-2,-5,0,3,-1,2,1985,2047,1971,1945
8480,8480000,-10,-26,0,2000,-2,-5,0,-2,-7,0,1977,2047,1961,1944
8482,8482000,-9,-26,0,2000,-1,-5,0,-6,0,9,1971,2047,1954,1944
8484,8484000,-7,-26,0,2000,-1,-5,0,-0,0,-2,1968,2047,1953,1945
8486,8486000,-6,-26,0,2000,-1,-5,0,-2,-7,-0,1970,2047,1960,1948
8488,8488000,-5,-26,0,2000,-1,-5,0,-4,-5,3,1976,2047,1971,1953
8490,8490000,-5,-25,0,2000,-1,-5,0,1,-4,-4,1985,2047,1984,1958
8492,8492000,-6,-25,0,2000,-1,-5,0,7,-6,3,1993,2047,1994,1960
8494,8494000,-7,-24,0,2000,-1,-5,0,5,-4,-3,2000,2047,1999,1959
8496,8496000,-8,-24,0,2000,-1,-5,0,6,1,1,2004,2047,1998,1956
8498,8498000,-10,-24,0,2000,-2,-5,0,2,-5,-1,2003,2047,1994,1952
8500,8500000,-11,-24,0,1912,-2,-5,0,7,-1,-6,1884,1931,1874,1833
8502,8502000,-11,-24,0,1759,-2,-5,0,6,-0,-1,1593,1644,1582,1545
8504,8504000,-11,-24,0,1632,-2,-5,0,-4,-8,-2,1350,1407,1340,1309
8506,8506000,-11,-24,0,1527,-2,-5,0,-2,-3,-2,1150,1208,1141,1112
8508,8508000,-11,-24,0,1440,-2,-5,0,-1,-5,6,987,1042,977,948
8510,8510000,-11,-24,0,1368,-2,-5,0,3,-9,1,854,900,844,810
8512,8512000,-12,-23,0,1308,-2,-5,0,0,2,5,743,780,738,697
8514,8514000,-12,-22,0,1258,-2,-4,0,6,-4,4,648,677,653,606
8516,8516000,-13,-21,0,1217,-2,-4,0,10,-7,7,566,590,584,534
8518,8518000,-14,-19,0,1184,-2,-4,0,7,-13,2,497,518,527,476
8520,8520000,-15,-17,0,1155,-3,-3,0,2,-11,-1,442,460,478,426
8522,8522000,-16,-16,0,1132,-3,-3,0,9,-15,5,399,415,435,382
8524,8524000,-17,-14,0,1113,-3,-2,0,1,-11,-6,369,378,397,341
8526,8526000,-18,-13,0,1097,-3,-2,0,9,-11,-1,346,348,366,305
8528,8528000,-20,-12,0,1084,-4,-2,0,15,-12,4,328,320,342,274
8530,8530000,-22,-11,0,1073,-4,-2,0,18,-11,2,312,294,325,249
8532,8532000,-24,-10,0,1064,-5,-2,0,14,-13,3,298,270,314,230
8534,8534000,-26,-9,0,1056,-5,-2,0,21,-8,6,295,259,316,225
8536,8536000,-29,-8,0,1050,-6,-1,0,9,-16,-2,294,252,320,225
8538,8538000,-32,-7,0,1045,-7,-1,0,17,-15,11,297,249,324,225
8540,8540000,-35,-6,0,1041,-8,-1,0,20,-18,0,315,252,338,225
8542,8542000,-39,-5,0,1037,-9,-1,0,28,-14,5,341,253,362,226
8544,8544000,-44,-4,0,1034,-11,-1,0,30,-20,-4,370,251,391,226
8546,8546000,-50,-3,0,1032,-13,-0,0,36,-18,5,399,249,423,226
8548,8548000,-58,-2,0,1030,-16,-0,0,38,-16,5,432,246,458,226
8550,8550000,-66,-1,0,1028,-20,-0,0,51,-14,4,469,243,499,226
8552,8552000,-76,0,0,1027,-24,0,0,51,-21,6,515,241,547,227
8554,8554000,-87,2,0,1025,-30,0,0,63,-15,-1,569,239,604,227
8556,8556000,-100,3,0,1025,-38,0,0,71,-18,2,635,237,673,228
8558,8558000,-115,5,0,1024,-48,1,0,91,-22,2,714,235,756,229
8560,8560000,-132,6,0,1023,-60,1,0,101,-24,-1,809,234,855,230
8562,8562000,-151,7,0,1023,-76,1,0,108,-21,1,923,239,967,231
8564,8564000,-172,8,0,1022,-95,1,0,120,-19,-1,1043,250,1079,233
8566,8566000,-193,9,0,1022,-116,1,0,132,-15,3,1149,261,1179,235
8568,8568000,-213,9,0,1021,-139,1,0,143,-16,1,1233,272,1256,237
8570,8570000,-232,8,0,1021,-162,1,0,142,-19,-6,1286,282,1303,238
8572,8572000,-249,7,0,1021,-184,1,0,146,-15,3,1304,292,1314,238
8574,8574000,-263,6,0,1021,-203,1,0,137,-12,1,1281,301,1285,238
8576,8576000,-273,5,0,1021,-218,1,0,134,-8,-4,1220,309,1219,236
8578,8578000,-280,3,0,1021,-227,0,0,125,-6,-1,1129,316,1123,234
8580,8580000,-283,1,0,1020,-232,0,0,114,-6,-5,1020,323,1009,231
8582,8582000,-283,-2,0,1020,-231,-0,0,104,-4,-0,908,330,891,229
8584,8584000,-279,-5,0,1020,-227,-1,0,98,3,-6,806,337,784,228
8586,8586000,-275,-7,0,1020,-220,-1,0,95,-2,-6,728,344,702,227
8588,8588000,-269,-10,0,1020,-212,-2,0,89,2,-8,683,349,653,226
8590,8590000,-264,-13,0,1020,-204,-2,0,87,3,-11,669,352,639,226
8592,8592000,-259,-16,0,1020,-197,-3,0,83,8,-3,683,355,652,227
8594,8594000,-256,-18,0,1020,-193,-3,0,81,-1,-1,716,358,684,227
8596,8596000,-254,-21,0,1020,-190,-4,0,92,12,-1,760,363,726,227
8598,8598000,-253,-24,0,1020,-189,-5,0,87,6,-8,810,370,771,228
8600,8600000,-253,-26,0,1020,-189,-5,0,89,10,-5,856,379,812,229
8602,8602000,-254,-29,0,1020,-190,-6,0,86,8,-7,894,387,845,229
8604,8604000,-255,-32,0,1020,-192,-7,0,89,13,-11,920,395,866,230
8606,8606000,-256,-35,0,1020,-193,-8,0,86,8,-6,932,401,875,230
8608,8608000,-257,-37,0,1020,-194,-9,0,81,13,1,930,406,872,230
8610,8610000,-257,-40,0,1020,-195,-9,0,87,15,-9,920,411,860,230
8612,8612000,-257,-43,0,1020,-194,-10,0,74,12,-9,904,417,842,229
8614,8614000,-256,-45,0,1020,-193,-11,0,80,24,-10,887,424,821,229
8616,8616000,-254,-48,0,1020,-191,-12,0,72,14,-17,871,432,800,229
8618,8618000,-252,-51,0,1020,-188,-13,0,69,20,-5,856,440,781,229
8620,8620000,-250,-53,0,1020,-185,-14,0,73,29,-7,843,448,764,228
8622,8622000,-248,-56,0,1020,-182,-15,0,67,16,-12,831,456,748,228
8624,8624000,-245,-59,0,1020,-178,-17,0,61,21,-18,822,463,735,228
8626,8626000,-242,-62,0,1020,-174,-18,0,62,19,-12,815,472,724,228
8628,8628000,-239,-65,0,1020,-171,-19,0,63,25,-13,812,481,715,228
8630,8630000,-236,-68,0,1020,-167,-21,0,53,21,-14,811,492,708,228
8632,8632000,-233,-71,0,1020,-163,-22,0,51,28,-7,813,504,703,228
8634,8634000,-231,-74,0,1020,-160,-24,0,51,30,-17,817,516,699,228
8636,8636000,-228,-78,0,1020,-157,-25,0,53,38,-12,821,527,697,228
8638,8638000,-225,-81,0,1020,-153,-27,0,49,37,-12,825,539,694,228
8640,8640000,-223,-85,0,1020,-150,-29,0,50,38,-13,827,551,689,228
8642,8642000,-220,-88,0,1020,-147,-31,0,54,37,-16,828,564,682,228
8644,8644000,-217,-92,0,1020,-144,-33,0,40,33,-12,827,578,671,228
8646,8646000,-214,-96,0,1020,-140,-36,0,39,41,-20,824,593,658,228
8648,8648000,-211,-100,0,1020,-136,-38,0,40,43,-20,819,609,643,228
8650,8650000,-207,-105,0,1020,-132,-41,0,34,42,-16,814,626,626,228
8652,8652000,-203,-109,0,1020,-127,-44,0,38,48,-16,811,644,611,228
8654,8654000,-199,-114,0,1020,-123,-47,0,27,49,-23,812,664,597,228
8656,8656000,-195,-119,0,1020,-118,-51,0,28,51,-19,817,687,585,228
8658,8658000,-190,-124,0,1020,-114,-54,0,22,55,-24,825,712,574,229
8660,8660000,-186,-130,0,1020,-109,-59,0,21,57,-19,834,736,566,229
8662,8662000,-182,-135,0,1020,-105,-63,0,19,59,-14,843,752,564,229
8664,8664000,-178,-140,0,1020,-101,-67,0,21,61,-21,848,760,567,229
8666,8666000,-175,-144,0,1020,-98,-70,0,23,62,-23,848,759,574,229
8668,8668000,-172,-148,0,1020,-95,-73,0,17,61,-20,844,754,581,229
8670,8670000,-170,-151,0,1020,-93,-76,0,18,53,-26,838,745,589,229
8672,8672000,-168,-153,0,1020,-91,-78,0,16,62,-22,832,737,598,229
8674,8674000,-166,-155,0,1020,-90,-79,0,9,58,-23,826,728,607,229
8676,8676000,-165,-156,0,1020,-89,-80,0,13,53,-25,821,718,617,228
8678,8678000,-165,-157,0,1020,-88,-81,0,20,52,-31,816,708,628,228
8680,8680000,-164,-157,0,1020,-88,-81,0,17,48,-20,811,696,641,228
8682,8682000,-164,-156,0,1020,-88,-80,0,15,52,-21,806,684,653,228
8684,8684000,-165,-155,0,1020,-88,-80,0,23,46,-29,801,673,665,228
8686,8686000,-166,-154,0,1020,-89,-79,0,25,43,-29,798,666,675,228
8688,8688000,-167,-153,0,1020,-90,-77,0,21,45,-28,797,662,682,228
8690,8690000,-167,-152,0,1020,-91,-76,0,26,44,-29,797,661,688,228
8692,8692000,-168,-150,0,1020,-92,-75,0,19,40,-31,798,663,692,228
8694,8694000,-169,-149,0,1020,-92,-74,0,27,39,-30,797,664,694,228
8696,8696000,-170,-148,0,1020,-93,-73,0,23,44,-33,796,666,696,228
8698,8698000,-171,-147,0,1020,-94,-72,0,25,34,-31,795,667,698,228
8700,8700000,-171,-146,0,1020,-95,-71,0,23,38,-29,794,669,700,228
8702,8702000,-172,-145,0,1020,-95,-71,0,27,37,-25,795,673,701,228
8704,8704000,-172,-144,0,1020,-95,-70,0,21,36,-29,795,679,700,228
8706,8706000,-173,-144,0,1020,-96,-70,0,18,34,-30,795,685,697,228
8708,8708000,-172,-143,0,1020,-96,-69,0,21,36,-33,792,690,693,228
8710,8710000,-172,-143,0,1020,-95,-69,0,18,32,-34,786,694,686,228
8712,8712000,-171,-143,0,1020,-95,-69,0,18,34,-28,778,696,679,228
8714,8714000,-171,-143,0,1020,-94,-69,0,19,34,-32,769,698,673,228
8716,8716000,-170,-143,0,1020,-93,-69,0,12,28,-31,763,699,669,228
8718,8718000,-169,-143,0,1020,-92,-69,0,15,35,-33,760,700,668,228
8720,8720000,-168,-142,0,1020,-91,-69,0,11,24,-32,761,701,671,228
8722,8722000,-167,-142,0,1020,-90,-69,0,11,28,-29,765,701,678,228
8724,8724000,-167,-142,0,1020,-90,-68,0,16,33,-34,771,701,686,228
8726,8726000,-167,-142,0,1020,-90,-68,0,15,27,-31,776,701,694,228
8728,8728000,-167,-142,0,1020,-90,-68,0,16,36,-32,780,701,701,228
8730,8730000,-167,-142,0,1020,-90,-68,0,15,28,-37,783,702,705,228
8732,8732000,-167,-141,0,1020,-91,-68,0,19,27,-34,783,704,706,228
8734,8734000,-167,-141,0,1020,-90,-68,0,13,29,-30,781,706,704,228
8736,8736000,-167,-141,0,1020,-90,-68,0,16,27,-31,775,706,701,228
8738,8738000,-167,-141,0,1020,-90,-68,0,13,21,-29,767,705,696,228
8740,8740000,-166,-141,0,1020,-89,-67,0,14,24,-40,758,702,692,228
8742,8742000,-165,-140,0,1020,-89,-67,0,11,22,-29,750,699,689,228
8744,8744000,-165,-140,0,1020,-88,-67,0,14,23,-30,745,698,687,228
8746,8746000,-164,-140,0,1020,-87,-66,0,15,28,-29,744,698,687,228
8748,8748000,-163,-139,0,1020,-87,-66,0,9,27,-30,745,701,687,228
8750,8750000,-163,-139,0,1020,-86,-66,0,9,29,-30,746,704,688,228
8752,8752000,-162,-139,0,1020,-86,-66,0,9,19,-34,747,706,688,228
8754,8754000,-161,-139,0,1020,-85,-66,0,11,26,-32,745,706,688,228
8756,8756000,-161,-139,0,1020,-85,-66,0,13,21,-33,743,704,688,228
8758,8758000,-160,-138,0,1020,-84,-65,0,8,20,-25,741,702,689,228
8760,8760000,-160,-138,0,1020,-84,-65,0,9,16,-34,741,701,692,228
8762,8762000,-160,-138,0,1020,-84,-65,0,10,23,-28,744,702,696,228
8764,8764000,-160,-138,0,1020,-83,-65,0,16,17,-27,749,704,700,228
8766,8766000,-160,-138,0,1020,-83,-65,0,8,20,-32,753,706,703,228
8768,8768000,-160,-138,0,1020,-83,-65,0,10,10,-35,755,706,705,228
8770,8770000,-159,-137,0,1020,-83,-65,0,9,21,-29,752,705,705,228
8772,8772000,-159,-137,0,1020,-83,-64,0,5,13,-31,745,703,702,228
8774,8774000,-159,-137,0,1020,-83,-64,0,8,15,-29,736,700,696,228
8776,8776000,-158,-136,0,1020,-82,-64,0,-1,19,-31,727,699,689,228
8778,8778000,-157,-136,0,1020,-81,-64,0,3,15,-28,720,700,682,228
8780,8780000,-156,-136,0,1020,-80,-63,0,4,18,-32,715,701,676,228
8782,8782000,-155,-136,0,1020,-79,-63,0,3,22,-25,714,703,674,228
8784,8784000,-154,-136,0,1020,-79,-63,0,6,18,-30,714,703,674,228
8786,8786000,-153,-135,0,1020,-78,-63,0,0,15,-33,717,703,678,228
8788,8788000,-153,-135,0,1020,-78,-63,0,3,19,-27,720,701,683,228
8790,8790000,-153,-135,0,1020,-77,-63,0,-2,12,-25,724,700,689,228
8792,8792000,-152,-135,0,1020,-77,-62,0,1,15,-30,728,699,694,228
8794,8794000,-152,-135,0,1020,-77,-62,0,8,11,-31,729,698,696,228
8796,8796000,-152,-134,0,1020,-77,-62,0,1,10,-34,729,698,697,228
8798,8798000,-152,-134,0,1020,-77,-62,0,12,17,-31,726,697,695,228
8800,8800000,-152,-134,0,1020,-77,-62,0,4,7,-23,722,696,692,228
8802,8802000,-152,-133,0,1020,-76,-61,0,8,10,-26,717,695,689,228
8804,8804000,-151,-133,0,1020,-76,-61,0,-1,7,-30,714,695,685,228
8806,8806000,-151,-133,0,1020,-76,-61,0,9,14,-27,712,696,683,228
8808,8808000,-150,-133,0,1020,-75,-61,0,3,10,-20,711,697,681,228
8810,8810000,-150,-133,0,1020,-75,-61,0,-1,9,-23,709,697,679,228
8812,8812000,-149,-132,0,1020,-74,-61,0,2,14,-18,706,695,678,228
8814,8814000,-148,-132,0,1020,-74,-60,0,5,15,-22,702,693,675,228
8816,8816000,-148,-132,0,1020,-73,-60,0,3,14,-25,697,690,673,228
8818,8818000,-147,-131,0,1020,-72,-60,0,6,14,-24,693,688,671,228
8820,8820000,-146,-131,0,1020,-72,-60,0,4,14,-25,691,688,669,228
8822,8822000,-145,-131,0,1020,-71,-59,0,5,5,-28,693,689,669,228
8824,8824000,-145,-131,0,1020,-71,-59,0,0,5,-17,696,691,671,228
8826,8826000,-144,-130,0,1020,-70,-59,0,4,10,-24,700,691,675,228
8828,8828000,-144,-130,0,1020,-70,-59,0,-1,2,-27,703,690,679,228
8830,8830000,-144,-130,0,1020,-70,-59,0,0,2,-23,705,687,683,228
8832,8832000,-144,-130,0,1020,-70,-58,0,2,10,-25,705,684,685,228
8834,8834000,-144,-129,0,1020,-70,-58,0,4,7,-24,704,682,685,228
8836,8836000,-144,-129,0,1020,-70,-58,0,4,5,-26,701,682,683,228
8838,8838000,-144,-129,0,1020,-70,-58,0,7,9,-22,698,683,678,228
8840,8840000,-143,-128,0,1020,-69,-57,0,1,9,-23,693,684,672,228
8842,8842000,-143,-128,0,1020,-69,-57,0,3,12,-16,686,685,665,228
8844,8844000,-142,-128,0,1020,-68,-57,0,-1,6,-26,679,683,659,228
8846,8846000,-141,-128,0,1020,-67,-57,0,-6,11,-19,673,680,655,228
8848,8848000,-140,-127,0,1020,-67,-57,0,-7,8,-24,670,677,654,228
8850,8850000,-139,-127,0,1020,-66,-56,0,3,7,-19,670,675,655,228
8852,8852000,-138,-126,0,1020,-65,-56,0,-0,10,-21,673,675,658,228
8854,8854000,-138,-126,0,1020,-65,-56,0,-3,7,-13,678,676,661,228
8856,8856000,-138,-126,0,1020,-65,-56,0,-4,5,-21,682,677,664,228
8858,8858000,-138,-126,0,1020,-65,-56,0,-6,4,-14,685,677,666,228
8860,8860000,-137,-125,0,1020,-65,-55,0,-4,5,-13,685,675,667,228
8862,8862000,-137,-125,0,1020,-64,-55,0,-4,2,-19,682,673,666,228
8864,8864000,-137,-125,0,1020,-64,-55,0,-7,3,-20,679,671,664,228
8866,8866000,-137,-125,0,1020,-64,-55,0,-3,-5,-16,677,670,662,228
8868,8868000,-136,-124,0,1020,-64,-54,0,3,1,-14,675,669,660,228
8870,8870000,-136,-124,0,1020,-63,-54,0,-2,6,-14,673,668,659,228
8872,8872000,-136,-124,0,1020,-63,-54,0,3,8,-17,672,668,658,228
8874,8874000,-135,-123,0,1020,-63,-54,0,-4,4,-18,670,667,656,228
8876,8876000,-135,-123,0,1020,-62,-53,0,-4,5,-10,667,666,653,228
8878,8878000,-134,-123,0,1020,-62,-53,0,-5,0,-20,664,665,650,228
8880,8880000,-133,-122,0,1020,-61,-53,0,2,-0,-18,661,665,646,228
8882,8882000,-133,-122,0,1020,-61,-53,0,-3,2,-8,658,664,642,228
8884,8884000,-132,-122,0,1020,-60,-53,0,-7,5,-7,655,664,640,228
8886,8886000,-131,-121,0,1020,-60,-52,0,-5,-4,-12,653,663,639,228
8888,8888000,-130,-121,0,1020,-59,-52,0,-6,3,-16,652,660,639,228
8890,8890000,-130,-121,0,1020,-59,-52,0,-1,5,-15,653,657,642,228
8892,8892000,-130,-120,0,1020,-58,-52,0,-2,-4,-15,656,655,645,228
8894,8894000,-129,-120,0,1020,-58,-51,0,-2,-4,-16,660,655,649,228
8896,8896000,-129,-120,0,1020,-58,-51,0,-4,4,-12,664,655,652,228
8898,8898000,-129,-119,0,1020,-58,-51,0,-3,-1,-10,667,656,653,228
8900,8900000,-129,-119,0,1020,-58,-51,0,-4,4,-11,666,656,652,228
8902,8902000,-129,-119,0,1020,-58,-51,0,-5,-2,-12,662,655,648,228
8904,8904000,-129,-118,0,1020,-58,-50,0,-4,1,-20,656,653,643,228
8906,8906000,-128,-118,0,1020,-57,-50,0,-4,-1,-13,648,650,637,228
8908,8908000,-128,-118,0,1020,-57,-50,0,-7,-3,-11,641,648,632,227
8910,8910000,-127,-117,0,1020,-56,-49,0,-13,-6,-10,638,647,628,227
8912,8912000,-126,-117,0,1020,-56,-49,0,-9,-1,-2,637,647,626,227
8914,8914000,-125,-117,0,1020,-55,-49,0,-7,1,-14,639,648,626,227
8916,8916000,-125,-116,0,1020,-55,-49,0,-9,-1,-11,641,648,627,227
8918,8918000,-124,-116,0,1020,-54,-49,0,-2,-0,-7,641,646,628,228
8920,8920000,-124,-116,0,1020,-54,-48,0,-5,-4,-3,641,644,630,228
8922,8922000,-123,-115,0,1020,-54,-48,0,-4,1,-13,640,641,630,228
8924,8924000,-123,-115,0,1020,-54,-48,0,-6,5,-5,639,639,630,227
8926,8926000,-123,-115,0,1020,-53,-48,0,-4,-5,-10,639,638,629,227
8928,8928000,-122,-114,0,1020,-53,-47,0,-2,0,-9,640,639,628,227
8930,8930000,-122,-114,0,1020,-53,-47,0,-12,-5,-9,641,640,628,228
8932,8932000,-122,-114,0,1020,-53,-47,0,-4,-2,-10,641,640,628,228
8934,8934000,-122,-113,0,1020,-52,-47,0,-10,-6,-6,640,638,628,228
8936,8936000,-121,-113,0,1020,-52,-46,0,-9,-7,-9,639,636,627,228
8938,8938000,-121,-113,0,1020,-52,-46,0,1,-8,-8,636,634,626,227
8940,8940000,-121,-112,0,1020,-52,-46,0,-5,-9,-10,633,632,623,227
8942,8942000,-120,-112,0,1020,-52,-46,0,-10,-5,-9,629,630,620,227
8944,8944000,-120,-111,0,1020,-51,-45,0,-4,-4,-10,626,630,616,227
8946,8946000,-119,-111,0,1020,-51,-45,0,-2,-3,-7,622,629,611,227
8948,8948000,-118,-111,0,1020,-50,-45,0,-6,-3,-3,618,629,608,227
8950,8950000,-117,-110,0,1020,-49,-45,0,-9,-6,-11,616,628,606,227
8952,8952000,-117,-110,0,1020,-49,-44,0,-12,-7,-5,617,627,605,227
8954,8954000,-116,-110,0,1020,-49,-44,0,-6,-5,-9,619,627,607,227
8956,8956000,-116,-109,0,1020,-48,-44,0,-8,-5,-9,622,626,610,227
8958,8958000,-115,-109,0,1020,-48,-44,0,-11,-7,-8,626,625,613,227
8960,8960000,-115,-109,0,1020,-48,-44,0,-7,-1,-9,628,624,615,227
8962,8962000,-115,-108,0,1020,-48,-43,0,-7,0,-6,628,622,617,227
8964,8964000,-115,-108,0,1020,-48,-43,0,-7,-7,-5,625,619,616,227
8966,8966000,-115,-108,0,1020,-48,-43,0,-9,-8,-3,622,617,614,227
8968,8968000,-115,-107,0,1020,-48,-43,0,-7,-10,-7,618,616,610,227
8970,8970000,-114,-107,0,1020,-47,-42,0,-10,-10,-12,615,616,605,227
8972,8972000,-114,-106,0,1020,-47,-42,0,-6,-13,-3,613,617,601,227
8974,8974000,-113,-106,0,1020,-46,-42,0,-10,-5,-3,611,617,598,227
8976,8976000,-112,-106,0,1020,-46,-42,0,-3,-5,-6,609,616,596,227
8978,8978000,-112,-105,0,1020,-46,-41,0,-10,0,1,607,614,596,227
8980,8980000,-111,-105,0,1020,-45,-41,0,-10,-1,-2,606,612,596,227
8982,8982000,-111,-105,0,1020,-45,-41,0,-6,-4,-7,605,610,596,227
8984,8984000,-110,-104,0,1020,-45,-41,0,-5,-9,-7,605,609,595,227
8986,8986000,-110,-104,0,1020,-44,-40,0,-11,-10,-2,606,609,595,227
8988,8988000,-109,-104,0,1020,-44,-40,0,-11,-5,1,606,609,594,227
8990,8990000,-109,-103,0,1020,-44,-40,0,-7,-7,-3,606,608,593,227
8992,8992000,-108,-103,0,1020,-43,-40,0,-13,-1,-3,604,607,592,227
8994,8994000,-108,-102,0,1020,-43,-40,0,-4,-9,-6,603,604,592,227
8996,8996000,-108,-102,0,1020,-43,-39,0,-11,-14,-5,602,602,593,227
8998,8998000,-107,-102,0,1020,-43,-39,0,-6,-7,2,602,600,594,227
9000,9000000,-107,-101,0,1020,-43,-39,0,-11,-6,-0,603,600,594,227
9002,9002000,-107,-101,0,1020,-43,-38,0,-6,-4,-1,604,600,593,227
9004,9004000,-107,-100,0,1020,-42,-38,0,-9,-3,1,604,601,592,227
9006,9006000,-106,-100,0,1020,-42,-38,0,-14,-8,2,602,601,589,227
9008,9008000,-106,-100,0,1020,-42,-38,0,-10,-6,1,599,600,585,227
9010,9010000,-105,-100,0,1020,-41,-38,0,-12,-13,-6,593,598,581,227
9012,9012000,-105,-99,0,1020,-41,-37,0,-16,-6,7,588,595,577,227
9014,9014000,-104,-99,0,1020,-40,-37,0,-17,-10,-1,584,593,574,227
9016,9016000,-103,-98,0,1020,-40,-37,0,-11,-7,-2,583,592,573,227
9018,9018000,-103,-98,0,1020,-40,-37,0,-12,-13,-6,584,591,574,227
9020,9020000,-102,-97,0,1020,-39,-36,0,-10,-3,-0,586,590,575,227
9022,9022000,-102,-97,0,1020,-39,-36,0,-11,-9,1,588,589,578,227
9024,9024000,-102,-97,0,1020,-39,-36,0,-4,-5,-3,591,589,580,227
9026,9026000,-101,-96,0,1020,-39,-36,0,-11,-16,1,592,588,581,227
9028,9028000,-101,-96,0,1020,-39,-35,0,-16,-12,-3,592,588,580,227
9030,9030000,-101,-96,0,1020,-39,-35,0,-11,-8,-5,591,588,579,227
9032,9032000,-101,-95,0,1020,-38,-35,0,-16,-7,1,589,587,576,227
9034,9034000,-100,-95,0,1020,-38,-35,0,-14,-9,4,586,586,573,227
9036,9036000,-100,-94,0,1020,-38,-35,0,-14,-5,4,583,584,570,227
9038,9038000,-99,-94,0,1020,-38,-34,0,-11,-5,3,579,581,568,227
9040,9040000,-99,-94,0,1020,-37,-34,0,-14,-9,-1,577,580,567,227
9042,9042000,-98,-93,0,1020,-37,-34,0,-13,-10,-6,576,578,566,227
9044,9044000,-98,-93,0,1020,-37,-34,0,-7,-7,6,576,578,565,227
9046,9046000,-97,-92,0,1020,-36,-33,0,-8,-5,3,576,578,564,227
9048,9048000,-97,-92,0,1020,-36,-33,0,-18,-6,4,576,578,563,227
9050,9050000,-96,-92,0,1020,-36,-33,0,-16,-15,6,574,577,562,227
9052,9052000,-96,-91,0,1020,-35,-33,0,-13,-7,1,573,575,560,227
9054,9054000,-95,-91,0,1020,-35,-33,0,-11,-11,-3,571,574,559,227
9056,9056000,-95,-90,0,1020,-35,-32,0,-9,-7,4,569,572,558,227
9058,9058000,-94,-90,0,1020,-35,-32,0,-12,-6,1,570,572,558,227
9060,9060000,-94,-90,0,1020,-34,-32,0,-12,-12,4,572,572,559,227
9062,9062000,-94,-89,0,1020,-34,-32,0,-20,-9,4,574,572,560,227
9064,9064000,-93,-89,0,1020,-34,-31,0,-10,-14,-1,575,571,561,227
9066,9066000,-93,-89,0,1020,-34,-31,0,-10,-10,2,574,569,561,227
9068,9068000,-93,-88,0,1020,-34,-31,0,-13,-15,-0,571,567,560,227
9070,9070000,-93,-88,0,1020,-34,-31,0,-12,-12,-0,567,564,558,227
9072,9072000,-92,-87,0,1020,-33,-30,0,-8,-9,1,563,562,554,227
9074,9074000,-92,-87,0,1020,-33,-30,0,-10,-13,3,560,562,551,227
9076,9076000,-91,-86,0,1020,-33,-30,0,-14,-12,3,559,562,547,227
9078,9078000,-90,-86,0,1020,-32,-30,0,-14,-3,10,558,563,545,227
9080,9080000,-90,-86,0,1020,-32,-30,0,-12,-14,4,558,564,543,227
9082,9082000,-89,-85,0,1020,-32,-29,0,-14,-8,2,558,563,543,227
9084,9084000,-89,-85,0,1020,-31,-29,0,-13,-3,4,558,561,544,227
9086,9086000,-88,-85,0,1020,-31,-29,0,-17,-11,6,558,559,545,227
9088,9088000,-88,-84,0,1020,-31,-29,0,-15,-8,5,558,557,546,227
9090,9090000,-88,-84,0,1020,-31,-29,0,-15,-12,5,558,555,547,227
9092,9092000,-87,-83,0,1020,-31,-28,0,-18,-12,7,558,554,546,227
9094,9094000,-87,-83,0,1020,-30,-28,0,-15,-13,0,557,553,545,227
9096,9096000,-87,-82,0,1020,-30,-28,0,-20,-8,4,555,553,543,227
9098,9098000,-86,-82,0,1020,-30,-28,0,-10,-8,2,553,552,541,227
9100,9100000,-86,-82,0,1020,-30,-27,0,-17,-9,5,551,551,539,227
9102,9102000,-85,-81,0,1020,-30,-27,0,-16,-7,11,551,550,538,227
9104,9104000,-85,-81,0,1020,-29,-27,0,-12,-15,3,551,550,537,227
9106,9106000,-85,-80,0,1020,-29,-27,0,-15,-19,-0,551,550,537,227
9108,9108000,-84,-80,0,1020,-29,-27,0,-12,-7,3,550,549,536,227
9110,9110000,-84,-80,0,1020,-29,-26,0,-13,-15,5,549,548,535,227
9112,9112000,-83,-79,0,1020,-28,-26,0,-20,-13,6,546,546,533,227
9114,9114000,-83,-79,0,1020,-28,-26,0,-19,-17,5,544,544,531,227
9116,9116000,-82,-78,0,1020,-28,-26,0,-19,-15,8,541,543,529,227
9118,9118000,-82,-78,0,1020,-27,-26,0,-13,-7,7,540,542,528,227
9120,9120000,-81,-78,0,1020,-27,-25,0,-14,-7,7,539,542,527,227
9122,9122000,-81,-77,0,1020,-27,-25,0,-16,-11,7,539,541,527,227
9124,9124000,-80,-77,0,1020,-27,-25,0,-18,-11,13,540,540,527,227
9126,9126000,-80,-76,0,1020,-26,-25,0,-16,-13,8,541,539,528,227
9128,9128000,-80,-76,0,1020,-26,-24,0,-11,-9,7,541,537,529,227
9130,9130000,-79,-75,0,1020,-26,-24,0,-9,-10,6,541,537,529,227
9132,9132000,-79,-75,0,1020,-26,-24,0,-19,-15,2,541,536,529,227
9134,9134000,-79,-75,0,1020,-26,-24,0,-10,-8,7,541,537,527,227
9136,9136000,-78,-74,0,1020,-26,-24,0,-8,-15,1,540,537,525,227
9138,9138000,-78,-74,0,1020,-26,-24,0,-8,-10,7,537,536,522,227
9140,9140000,-77,-74,0,1020,-25,-23,0,-19,-11,6,533,534,519,227
9142,9142000,-77,-73,0,1020,-25,-23,0,-19,-11,11,529,532,517,227
9144,9144000,-76,-73,0,1020,-25,-23,0,-17,-8,9,526,529,515,227
9146,9146000,-76,-72,0,1020,-24,-23,0,-19,-11,11,525,527,515,227
9148,9148000,-75,-72,0,1020,-24,-22,0,-15,-15,3,525,526,515,227
9150,9150000,-75,-71,0,1020,-24,-22,0,-20,-12,11,527,527,515,227
9152,9152000,-74,-71,0,1020,-24,-22,0,-12,-11,9,529,527,516,227
9154,9154000,-74,-71,0,1020,-23,-22,0,-16,-15,6,530,528,516,227
9156,9156000,-74,-70,0,1020,-23,-22,0,-8,-7,5,530,528,515,227
9158,9158000,-73,-70,0,1020,-23,-21,0,-15,-10,11,529,526,514,227
9160,9160000,-73,-69,0,1020,-23,-21,0,-14,-10,11,526,525,512,227
9162,9162000,-72,-69,0,1020,-23,-21,0,-11,-16,3,524,523,511,227
9164,9164000,-72,-69,0,1020,-22,-21,0,-16,-13,4,522,521,510,227
9166,9166000,-71,-68,0,1020,-22,-21,0,-12,-14,8,522,520,509,227
9168,9168000,-71,-68,0,1020,-22,-20,0,-16,-14,15,521,519,509,227
9170,9170000,-71,-67,0,1020,-22,-20,0,-19,-17,3,521,518,508,227
9172,9172000,-70,-67,0,1020,-22,-20,0,-7,-15,6,520,517,508,227
9174,9174000,-70,-66,0,1020,-22,-20,0,-15,-14,13,519,516,507,227
9176,9176000,-70,-66,0,1020,-21,-20,0,-17,-13,12,517,515,505,227
9178,9178000,-69,-65,0,1020,-21,-19,0,-21,-16,6,516,515,503,227
9180,9180000,-68,-65,0,1020,-21,-19,0,-12,-10,13,514,515,501,227
9182,9182000,-68,-65,0,1020,-21,-19,0,-9,-14,4,513,515,499,227
9184,9184000,-67,-64,0,1020,-20,-19,0,-22,-17,10,512,514,498,227
9186,9186000,-67,-64,0,1020,-20,-19,0,-11,-16,5,512,513,497,227
9188,9188000,-66,-64,0,1020,-20,-19,0,-17,-19,2,511,511,498,227
9190,9190000,-66,-63,0,1020,-20,-18,0,-16,-11,11,512,510,498,227
9192,9192000,-66,-63,0,1020,-19,-18,0,-18,-17,13,512,509,499,227
9194,9194000,-65,-62,0,1020,-19,-18,0,-16,-12,12,512,508,499,227
9196,9196000,-65,-62,0,1020,-19,-18,0,-19,-17,4,511,507,499,227
9198,9198000,-65,-61,0,1020,-19,-18,0,-14,-22,4,510,506,497,227
9200,9200000,-64,-61,0,1020,-19,-17,0,-12,-9,7,507,504,495,227
9202,9202000,-64,-60,0,1020,-19,-17,0,-20,-15,5,505,503,493,227
9204,9204000,-63,-60,0,1020,-18,-17,0,-20,-19,9,503,503,491,227
9206,9206000,-63,-59,0,1020,-18,-17,0,-17,-16,5,502,503,489,227
9208,9208000,-62,-59,0,1020,-18,-17,0,-17,-14,9,502,503,488,227
9210,9210000,-62,-59,0,1020,-18,-16,0,-21,-17,5,503,503,488,227
9212,9212000,-61,-58,0,1020,-18,-16,0,-14,-10,9,503,503,488,227
9214,9214000,-61,-58,0,1020,-17,-16,0,-12,-10,12,503,501,488,227
9216,9216000,-60,-58,0,1020,-17,-16,0,-19,-15,7,501,499,487,227
9218,9218000,-60,-57,0,1020,-17,-16,0,-16,-11,12,499,497,487,227
9220,9220000,-59,-57,0,1020,-17,-16,0,-16,-10,8,496,494,486,227
9222,9222000,-59,-56,0,1020,-17,-15,0,-22,-17,10,495,493,484,227
9224,9224000,-59,-56,0,1020,-16,-15,0,-14,-16,2,494,493,483,227
9226,9226000,-58,-55,0,1020,-16,-15,0,-17,-9,8,494,494,482,227
9228,9228000,-58,-55,0,1020,-16,-15,0,-18,-17,0,495,494,481,227
9230,9230000,-57,-54,0,1020,-16,-15,0,-20,-11,11,495,494,481,227
9232,9232000,-57,-54,0,1020,-16,-15,0,-16,-11,14,495,493,481,227
9234,9234000,-56,-54,0,1020,-15,-14,0,-14,-11,6,494,491,480,227
9236,9236000,-56,-53,0,1020,-15,-14,0,-13,-13,8,493,490,480,227
9238,9238000,-56,-53,0,1020,-15,-14,0,-17,-10,11,492,489,479,227
9240,9240000,-55,-52,0,1020,-15,-14,0,-12,-16,7,491,488,478,227
9242,9242000,-55,-52,0,1020,-15,-14,0,-15,-13,13,489,488,476,227
9244,9244000,-54,-51,0,1020,-15,-14,0,-17,-14,16,487,487,474,227
9246,9246000,-54,-51,0,1020,-14,-13,0,-19,-13,6,485,485,472,227
9248,9248000,-53,-50,0,1020,-14,-13,0,-20,-19,6,483,484,471,227
9250,9250000,-52,-50,0,1020,-14,-13,0,-15,-10,6,482,482,470,227
9252,9252000,-52,-49,0,1020,-14,-13,0,-12,-16,14,482,482,470,227
9254,9254000,-52,-49,0,1020,-14,-13,0,-17,-10,9,483,482,470,227
9256,9256000,-51,-49,0,1020,-13,-12,0,-15,-16,3,484,482,471,227
9258,9258000,-51,-48,0,1020,-13,-12,0,-24,-14,12,484,481,471,227
9260,9260000,-50,-48,0,1020,-13,-12,0,-19,-14,11,484,481,470,227
9262,9262000,-50,-47,0,1020,-13,-12,0,-13,-14,4,483,480,469,227
9264,9264000,-50,-47,0,1020,-13,-12,0,-12,-11,11,481,479,467,227
9266,9266000,-49,-47,0,1020,-13,-12,0,-18,-10,8,479,478,466,227
9268,9268000,-49,-46,0,1020,-12,-12,0,-19,-15,15,477,477,464,226
9270,9270000,-48,-46,0,1020,-12,-11,0,-19,-16,6,475,475,463,226
9272,9272000,-48,-45,0,1020,-12,-11,0,-19,-17,14,474,474,462,226
9274,9274000,-47,-45,0,1020,-12,-11,0,-19,-14,12,473,472,462,226
9276,9276000,-47,-44,0,1020,-12,-11,0,-17,-12,11,472,471,461,226
9278,9278000,-46,-44,0,1020,-12,-11,0,-15,-19,10,472,470,461,226
9280,9280000,-46,-43,0,1020,-11,-10,0,-15,-10,9,472,470,460,226
9282,9282000,-45,-43,0,1020,-11,-10,0,-11,-7,9,472,470,459,226
9284,9284000,-45,-42,0,1020,-11,-10,0,-14,-15,9,472,471,458,226
9286,9286000,-44,-42,0,1020,-11,-10,0,-16,-15,13,472,471,457,226
9288,9288000,-44,-42,0,1020,-11,-10,0,-14,-13,6,470,470,456,226
9290,9290000,-43,-41,0,1020,-11,-10,0,-16,-12,14,468,468,454,226
9292,9292000,-43,-41,0,1020,-10,-10,0,-19,-15,4,466,466,454,226
9294,9294000,-42,-40,0,1020,-10,-10,0,-17,-18,12,464,464,453,226
9296,9296000,-42,-40,0,1020,-10,-9,0,-22,-17,13,464,463,453,226
9298,9298000,-41,-39,0,1020,-10,-9,0,-19,-14,14,464,462,453,226
9300,9300000,-41,-39,0,1020,-10,-9,0,-18,-13,12,464,462,453,226
9302,9302000,-40,-38,0,1020,-10,-9,0,-17,-20,6,464,462,452,226
9304,9304000,-40,-38,0,1020,-9,-9,0,-15,-11,11,464,461,451,226
9306,9306000,-40,-37,0,1020,-9,-9,0,-16,-12,7,462,461,450,226
9308,9308000,-39,-37,0,1020,-9,-8,0,-24,-14,14,460,460,448,226
9310,9310000,-39,-36,0,1020,-9,-8,0,-17,-16,9,459,459,446,226
9312,9312000,-38,-36,0,1020,-9,-8,0,-17,-14,15,458,458,445,226
9314,9314000,-37,-36,0,1020,-9,-8,0,-18,-12,12,457,458,444,226
9316,9316000,-37,-35,0,1020,-8,-8,0,-19,-17,11,457,457,444,226
9318,9318000,-36,-35,0,1020,-8,-8,0,-18,-18,4,457,456,444,226
9320,9320000,-36,-34,0,1020,-8,-8,0,-16,-20,6,456,455,444,226
9322,9322000,-35,-34,0,1020,-8,-7,0,-10,-15,5,455,453,443,226
9324,9324000,-35,-33,0,1020,-8,-7,0,-21,-16,7,453,451,443,226
9326,9326000,-35,-33,0,1020,-8,-7,0,-16,-13,10,452,450,441,226
9328,9328000,-34,-32,0,1020,-8,-7,0,-20,-12,10,451,450,440,226
9330,9330000,-34,-32,0,1020,-7,-7,0,-17,-15,6,450,450,439,226
9332,9332000,-33,-31,0,1020,-7,-7,0,-23,-13,13,450,450,438,226
9334,9334000,-32,-31,0,1020,-7,-7,0,-12,-10,9,449,450,437,226
9336,9336000,-32,-30,0,1020,-7,-6,0,-15,-16,10,449,449,436,226
9338,9338000,-31,-30,0,1020,-7,-6,0,-20,-15,3,449,448,436,226
9340,9340000,-31,-29,0,1020,-7,-6,0,-13,-15,11,449,447,436,226
9342,9342000,-31,-29,0,1020,-7,-6,0,-15,-11,11,448,446,435,226
9344,9344000,-30,-29,0,1020,-6,-6,0,-17,-18,5,447,445,435,226
9346,9346000,-30,-28,0,1020,-6,-6,0,-18,-15,7,445,444,434,226
9348,9348000,-29,-28,0,1020,-6,-6,0,-17,-13,8,443,442,432,226
9350,9350000,-29,-27,0,1020,-6,-6,0,-22,-16,9,441,441,431,226
9352,9352000,-28,-26,0,1020,-6,-5,0,-15,-16,9,439,440,429,226
9354,9354000,-27,-26,0,1020,-6,-5,0,-20,-18,11,438,439,428,226
9356,9356000,-27,-25,0,1020,-5,-5,0,-26,-10,11,438,439,428,226
9358,9358000,-26,-25,0,1020,-5,-5,0,-20,-19,11,439,440,427,226
9360,9360000,-26,-24,0,1020,-5,-5,0,-18,-17,12,440,440,427,226
9362,9362000,-25,-24,0,1020,-5,-5,0,-17,-18,6,440,439,427,226
9364,9364000,-25,-24,0,1020,-5,-5,0,-25,-16,10,439,438,427,226
9366,9366000,-24,-23,0,1020,-5,-5,0,-20,-19,4,438,436,426,226
9368,9368000,-24,-23,0,1020,-5,-4,0,-18,-17,8,436,435,425,226
9370,9370000,-23,-22,0,1020,-5,-4,0,-19,-18,11,434,433,424,226
9372,9372000,-23,-22,0,1020,-4,-4,0,-18,-18,11,432,432,422,226
9374,9374000,-22,-21,0,1020,-4,-4,0,-25,-20,8,431,432,421,226
9376,9376000,-22,-21,0,1020,-4,-4,0,-12,-12,9,431,431,420,226
9378,9378000,-21,-20,0,1020,-4,-4,0,-22,-15,13,430,431,419,226
9380,9380000,-21,-20,0,1020,-4,-4,0,-21,-19,13,429,430,419,226
9382,9382000,-20,-19,0,1020,-4,-4,0,-22,-14,12,429,429,419,226
9384,9384000,-20,-18,0,1020,-4,-3,0,-19,-21,10,428,428,418,226
9386,9386000,-19,-18,0,1020,-4,-3,0,-21,-17,8,428,428,418,226
9388,9388000,-18,-18,0,1020,-3,-3,0,-16,-18,14,428,428,417,226
9390,9390000,-18,-17,0,1020,-3,-3,0,-17,-14,8,427,427,415,226
9392,9392000,-17,-17,0,1020,-3,-3,0,-18,-19,7,426,427,414,226
9394,9394000,-17,-16,0,1020,-3,-3,0,-16,-14,15,424,425,413,226
9396,9396000,-16,-16,0,1020,-3,-3,0,-22,-16,14,423,424,412,226
9398,9398000,-16,-15,0,1020,-3,-3,0,-23,-15,10,421,422,411,226
9400,9400000,-14,-58,0,1029,-2,-16,0,-20,-15,10,563,566,409,226
9402,9402000,-12,-134,0,1045,-2,-62,0,-23,-16,11,955,960,409,230
9404,9404000,-10,-197,0,1058,-2,-121,0,-21,-20,8,1336,1342,416,239
9406,9406000,-8,-249,0,1068,-1,-184,0,-26,-24,13,1618,1624,422,246
9408,9408000,-7,-292,0,1077,-1,-246,0,-17,-39,12,1779,1787,425,250
9410,9410000,-5,-328,0,1085,-1,-304,0,-14,-47,4,1833,1842,426,252
9412,9412000,-4,-357,0,1091,-1,-357,0,-19,-69,9,1799,1811,426,252
9414,9414000,-4,-382,0,1096,-1,-404,0,-16,-92,9,1700,1715,423,251
9416,9416000,-3,-402,0,1100,-0,-445,0,-29,-129,8,1551,1570,418,248
9418,9418000,-3,-419,0,1103,-0,-480,0,-25,-164,10,1369,1391,409,242
9420,9420000,-2,-433,0,1106,-0,-510,0,-23,-196,8,1176,1202,401,236
9422,9422000,-2,-444,0,1109,-0,-536,0,-19,-230,3,993,1021,395,231
9424,9424000,-1,-454,0,1111,-0,-558,0,-25,-276,9,834,863,391,228
9426,9426000,-1,-462,0,1112,-0,-577,0,-22,-310,5,707,737,387,226
9428,9428000,-1,-468,0,1113,-0,-592,0,-24,-342,4,612,644,384,225
9430,9430000,-1,-474,0,1115,-0,-605,0,-32,-375,2,544,578,380,225
9432,9432000,-1,-478,0,1116,-0,-616,0,-22,-396,9,500,537,378,225
9434,9434000,-1,-482,0,1116,-0,-625,0,-30,-419,8,485,525,374,225
9436,9436000,0,-485,0,1117,-0,-633,0,-34,-443,12,483,526,370,225
9438,9438000,0,-488,0,1117,-0,-639,0,-26,-459,4,485,531,366,225
9440,9440000,0,-490,0,1118,-0,-644,0,-31,-479,7,487,535,363,225
9442,9442000,0,-492,0,1118,-0,-649,0,-34,-496,9,489,538,360,225
9444,9444000,0,-493,0,1119,-0,-652,0,-31,-506,7,486,537,358,225
9446,9446000,0,-494,0,1119,-0,-655,0,-34,-520,9,478,531,355,225
9448,9448000,0,-495,0,1119,-0,-658,0,-41,-535,4,467,523,352,225
9450,9450000,0,-496,0,1119,-0,-660,0,-37,-552,5,455,514,348,225
9452,9452000,0,-497,0,1119,-0,-662,0,-38,-558,8,446,509,349,230
9454,9454000,0,-497,0,1119,-0,-663,0,-43,-570,6,439,506,351,238
9456,9456000,0,-498,0,1120,-0,-664,0,-48,-580,8,433,503,353,245
9458,9458000,0,-498,0,1120,-0,-665,0,-47,-590,10,427,502,355,252
9460,9460000,0,-498,0,1120,-0,-666,0,-51,-598,11,422,500,356,258
9462,9462000,0,-499,0,1120,-0,-667,0,-45,-603,12,417,499,357,263
9464,9464000,0,-499,0,1120,-0,-667,0,-52,-611,9,413,497,358,268
9466,9466000,0,-499,0,1120,-0,-668,0,-53,-625,9,410,496,359,272
9468,9468000,0,-499,0,1120,-0,-668,0,-49,-627,8,407,494,361,276
9470,9470000,0,-499,0,1120,-0,-668,0,-58,-633,15,403,492,362,280
9472,9472000,0,-500,0,1120,-0,-669,0,-52,-635,11,400,490,364,285
9474,9474000,0,-500,0,1120,-0,-669,0,-62,-643,8,396,489,365,289
9476,9476000,0,-500,0,1120,-0,-669,0,-57,-644,9,393,488,365,292
9478,9478000,0,-500,0,1120,-0,-669,0,-59,-649,9,390,487,365,296
9480,9480000,0,-500,0,1120,-0,-669,0,-60,-662,9,388,486,365,299
9482,9482000,0,-500,0,1120,-0,-670,0,-60,-659,12,385,486,365,302
9484,9484000,0,-500,0,1120,-0,-670,0,-62,-662,7,383,485,366,304
9486,9486000,0,-500,0,1120,-0,-670,0,-67,-673,12,382,484,366,307
9488,9488000,0,-500,0,1120,-0,-670,0,-69,-670,14,380,483,367,309
9490,9490000,0,-500,0,1120,-0,-670,0,-73,-671,12,378,482,368,311
9492,9492000,0,-500,0,1120,-0,-670,0,-60,-674,16,377,481,368,313
9494,9494000,0,-500,0,1120,-0,-670,0,-69,-678,9,375,479,369,315
9496,9496000,0,-500,0,1120,-0,-670,0,-72,-689,7,373,478,370,318
9498,9498000,0,-500,0,1120,-0,-670,0,-70,-686,9,371,477,370,320
9500,9500000,0,-500,0,1120,-0,-670,0,-71,-684,9,369,476,371,322
9502,9502000,0,-500,0,1120,-0,-670,0,-63,-692,3,368,475,372,324
9504,9504000,0,-500,0,1120,-0,-670,0,-66,-689,8,367,474,372,325
9506,9506000,0,-500,0,1120,-0,-670,0,-70,-697,10,367,473,372,326
9508,9508000,0,-500,0,1120,-0,-670,0,-69,-692,6,367,473,373,327
9510,9510000,0,-500,0,1120,-0,-670,0,-71,-690,13,366,472,373,327
9512,9512000,0,-500,0,1120,-0,-670,0,-69,-688,17,366,471,373,328
9514,9514000,0,-500,0,1120,-0,-670,0,-73,-702,14,365,471,373,329
9516,9516000,0,-500,0,1120,-0,-670,0,-69,-693,11,364,470,374,330
9518,9518000,0,-500,0,1120,-0,-670,0,-67,-695,6,364,470,374,331
9520,9520000,0,-500,0,1120,-0,-670,0,-70,-696,13,363,469,374,332
9522,9522000,0,-500,0,1120,-0,-670,0,-70,-701,10,363,469,374,333
9524,9524000,0,-500,0,1120,-0,-670,0,-63,-704,10,362,468,374,334
9526,9526000,0,-500,0,1120,-0,-670,0,-72,-708,9,362,466,375,335
9528,9528000,0,-500,0,1120,-0,-670,0,-72,-700,6,361,465,377,336
9530,9530000,0,-500,0,1120,-0,-670,0,-67,-699,6,360,463,378,337
9532,9532000,0,-500,0,1120,-0,-670,0,-70,-704,9,360,461,380,338
9534,9534000,0,-500,0,1120,-0,-670,0,-70,-699,10,359,460,381,339
9536,9536000,0,-500,0,1120,-0,-670,0,-69,-704,8,359,459,381,340
9538,9538000,0,-500,0,1120,-0,-670,0,-69,-706,9,358,458,382,341
9540,9540000,0,-500,0,1120,-0,-670,0,-72,-717,5,357,457,383,342
9542,9542000,0,-500,0,1120,-0,-670,0,-74,-706,16,356,455,384,343
9544,9544000,0,-500,0,1120,-0,-670,0,-68,-703,12,355,454,385,345
9546,9546000,0,-500,0,1120,-0,-670,0,-69,-713,13,354,452,386,346
9548,9548000,0,-500,0,1120,-0,-670,0,-60,-715,7,353,451,388,348
9550,9550000,0,-500,0,1120,-0,-670,0,-66,-707,10,352,449,389,349
9552,9552000,0,-500,0,1120,-0,-670,0,-62,-709,13,352,448,390,349
9554,9554000,0,-500,0,1120,-0,-670,0,-73,-721,6,352,447,390,350
9556,9556000,0,-500,0,1120,-0,-670,0,-66,-721,10,352,446,391,350
9558,9558000,0,-500,0,1120,-0,-670,0,-69,-714,12,352,446,391,350
9560,9560000,0,-500,0,1120,-0,-670,0,-70,-713,9,352,445,391,350
9562,9562000,0,-500,0,1120,-0,-670,0,-69,-716,9,352,445,391,350
9564,9564000,0,-500,0,1120,-0,-670,0,-70,-719,6,352,445,391,350
9566,9566000,0,-500,0,1120,-0,-670,0,-65,-713,12,353,445,391,350
9568,9568000,0,-500,0,1120,-0,-670,0,-71,-717,15,353,444,391,350
9570,9570000,0,-500,0,1120,-0,-670,0,-58,-717,7,354,443,392,350
9572,9572000,0,-500,0,1120,-0,-670,0,-63,-712,10,354,443,392,350
9574,9574000,0,-500,0,1120,-0,-670,0,-61,-716,8,354,442,393,350
9576,9576000,0,-500,0,1120,-0,-670,0,-65,-717,10,354,442,393,350
9578,9578000,0,-500,0,1120,-0,-670,0,-64,-718,12,354,442,393,351
9580,9580000,0,-500,0,1120,-0,-670,0,-64,-715,2,354,442,392,351
9582,9582000,0,-500,0,1120,-0,-670,0,-60,-720,9,354,442,392,351
9584,9584000,0,-500,0,1120,-0,-670,0,-62,-713,6,353,442,391,352
9586,9586000,0,-500,0,1120,-0,-670,0,-67,-717,6,353,442,391,352
9588,9588000,0,-500,0,1120,-0,-670,0,-62,-715,8,353,442,391,352
9590,9590000,0,-500,0,1120,-0,-670,0,-60,-713,10,353,442,391,353
9592,9592000,0,-500,0,1120,-0,-670,0,-60,-717,4,353,441,391,353
9594,9594000,0,-500,0,1120,-0,-670,0,-64,-721,7,353,441,392,353
9596,9596000,0,-500,0,1120,-0,-670,0,-56,-714,13,354,440,392,353
9598,9598000,0,-500,0,1120,-0,-670,0,-57,-723,8,353,439,393,353
9600,9600000,0,-500,0,1120,-0,-670,0,-53,-718,5,353,438,394,354
9602,9602000,0,-500,0,1120,-0,-670,0,-61,-723,5,352,437,395,355
9604,9604000,0,-500,0,1120,-0,-670,0,-64,-716,8,351,436,396,356
9606,9606000,0,-500,0,1120,-0,-670,0,-62,-718,10,350,435,396,357
9608,9608000,0,-500,0,1120,-0,-670,0,-61,-722,12,350,435,396,358
9610,9610000,0,-500,0,1120,-0,-670,0,-63,-720,8,349,435,396,358
9612,9612000,0,-500,0,1120,-0,-670,0,-55,-717,14,350,435,395,358
9614,9614000,0,-500,0,1120,-0,-670,0,-60,-716,8,350,435,395,358
9616,9616000,0,-500,0,1120,-0,-670,0,-53,-717,10,350,435,395,359
9618,9618000,0,-500,0,1120,-0,-670,0,-56,-720,5,349,434,396,359
9620,9620000,0,-500,0,1120,-0,-670,0,-61,-718,7,348,433,396,360
9622,9622000,0,-500,0,1120,-0,-670,0,-60,-718,3,348,433,397,362
9624,9624000,0,-500,0,1120,-0,-670,0,-61,-720,13,347,432,397,362
9626,9626000,0,-500,0,1120,-0,-670,0,-62,-722,12,346,433,396,363
9628,9628000,0,-500,0,1120,-0,-670,0,-63,-725,7,346,434,395,364
9630,9630000,0,-500,0,1120,-0,-670,0,-58,-721,6,346,435,394,364
9632,9632000,0,-500,0,1120,-0,-670,0,-62,-715,13,346,435,394,364
9634,9634000,0,-500,0,1120,-0,-670,0,-53,-722,9,347,431,396,364
9636,9636000,0,-500,0,1120,-0,-670,0,-56,-721,3,347,424,404,364
9638,9638000,0,-500,0,1120,-0,-670,0,-57,-721,8,349,411,416,363
9640,9640000,0,-500,0,1120,-0,-670,0,-44,-722,9,351,395,432,361
9642,9642000,0,-500,0,1120,-0,-670,0,-47,-725,10,355,379,447,358
9644,9644000,0,-500,0,1120,-0,-670,0,-39,-733,12,359,367,459,354
9646,9646000,0,-500,0,1120,-0,-670,0,-36,-728,5,363,365,460,350
9648,9648000,0,-500,0,1120,-0,-670,0,-34,-730,7,365,376,449,349
9650,9650000,0,-500,0,1120,-0,-670,0,-43,-731,5,363,397,426,351
9652,9652000,0,-500,0,1120,-0,-670,0,-46,-718,11,358,423,400,357
9654,9654000,0,-500,0,1120,-0,-670,0,-47,-725,12,351,446,376,366
9656,9656000,0,-500,0,1120,-0,-670,0,-56,-725,11,343,460,361,375
9658,9658000,0,-500,0,1120,-0,-670,0,-58,-726,7,336,461,359,382
9660,9660000,0,-500,0,1120,-0,-670,0,-56,-717,12,334,452,367,385
9662,9662000,0,-500,0,1120,-0,-670,0,-54,-724,9,337,438,380,383
9664,9664000,0,-500,0,1120,-0,-670,0,-54,-726,8,347,424,393,374
9666,9666000,0,-500,0,1120,-0,-670,0,-54,-721,8,364,416,401,358
9668,9668000,0,-500,0,1120,-0,-670,0,-46,-718,13,386,417,397,337
9670,9670000,0,-500,0,1120,-0,-670,0,-42,-704,14,408,431,382,317
9672,9672000,0,-500,0,1120,-0,-670,0,-39,-697,6,424,453,359,302
9674,9674000,0,-500,0,1120,-0,-670,0,-55,-694,14,434,477,334,294
9676,9676000,0,-500,0,1120,-0,-670,0,-45,-686,11,437,496,314,291
9678,9678000,0,-500,0,1120,-0,-670,0,-52,-679,15,436,507,301,294
9680,9680000,0,-500,0,1120,-0,-670,0,-49,-677,6,434,511,296,298
9682,9682000,0,-500,0,1120,-0,-670,0,-48,-672,12,430,509,297,303
9684,9684000,0,-500,0,1120,-0,-670,0,-54,-675,5,428,502,302,306
9686,9686000,0,-500,0,1120,-0,-670,0,-53,-666,19,427,493,310,308
9688,9688000,0,-500,0,1120,-0,-670,0,-51,-671,10,427,483,319,310
9690,9690000,0,-500,0,1120,-0,-670,0,-51,-675,14,425,473,328,313
9692,9692000,0,-500,0,1120,-0,-670,0,-49,-670,13,421,463,336,318
9694,9694000,0,-500,0,1120,-0,-670,0,-51,-675,13,414,456,343,326
9696,9696000,0,-500,0,1120,-0,-670,0,-56,-677,13,406,451,347,335
9698,9698000,0,-500,0,1120,-0,-670,0,-49,-678,17,398,447,349,344
9700,9700000,0,-500,0,1120,-0,-670,0,-46,-675,9,393,446,350,350
9702,9702000,0,-500,0,1120,-0,-670,0,-54,-688,16,391,446,349,353
9704,9704000,0,-500,0,1120,-0,-670,0,-46,-682,13,392,446,348,352
9706,9706000,0,-500,0,1120,-0,-670,0,-54,-685,15,395,447,347,350
9708,9708000,0,-500,0,1120,-0,-670,0,-48,-678,15,399,447,346,346
9710,9710000,0,-500,0,1120,-0,-670,0,-53,-684,19,402,446,346,344
9712,9712000,0,-500,0,1120,-0,-670,0,-43,-680,11,403,445,347,343
9714,9714000,0,-500,0,1120,-0,-670,0,-52,-692,18,404,444,348,343
9716,9716000,0,-500,0,1120,-0,-670,0,-55,-687,13,403,442,350,345
9718,9718000,0,-500,0,1120,-0,-670,0,-48,-683,17,401,439,352,346
9720,9720000,0,-500,0,1120,-0,-670,0,-45,-690,10,400,435,355,348
9722,9722000,0,-500,0,1120,-0,-670,0,-45,-683,12,399,432,358,350
9724,9724000,0,-500,0,1120,-0,-670,0,-50,-691,18,398,429,361,351
9726,9726000,0,-500,0,1120,-0,-670,0,-40,-693,19,397,427,363,353
9728,9728000,0,-500,0,1120,-0,-670,0,-44,-697,14,395,425,364,354
9730,9730000,0,-500,0,1120,-0,-670,0,-49,-697,16,394,423,366,356
9732,9732000,0,-500,0,1120,-0,-670,0,-46,-701,13,392,421,367,358
9734,9734000,0,-500,0,1120,-0,-670,0,-47,-698,13,391,420,368,360
9736,9736000,0,-500,0,1120,-0,-670,0,-39,-699,9,390,419,369,361
9738,9738000,0,-500,0,1120,-0,-670,0,-41,-698,13,389,418,370,362
9740,9740000,0,-500,0,1120,-0,-670,0,-40,-698,14,388,417,370,363
9742,9742000,0,-500,0,1120,-0,-670,0,-45,-701,16,388,416,370,364
9744,9744000,0,-500,0,1120,-0,-670,0,-40,-698,15,387,416,370,365
9746,9746000,0,-500,0,1120,-0,-670,0,-35,-706,11,387,416,370,366
9748,9748000,0,-500,0,1120,-0,-670,0,-49,-701,16,386,415,371,367
9750,9750000,0,-500,0,1120,-0,-670,0,-40,-707,10,385,415,371,368
9752,9752000,0,-500,0,1120,-0,-670,0,-45,-709,14,384,414,371,370
9754,9754000,0,-500,0,1120,-0,-670,0,-43,-705,12,383,413,372,371
9756,9756000,0,-500,0,1120,-0,-670,0,-40,-710,11,382,413,372,371
9758,9758000,0,-500,0,1120,-0,-670,0,-39,-699,16,382,413,372,372
9760,9760000,0,-500,0,1120,-0,-670,0,-45,-714,6,383,412,372,371
9762,9762000,0,-500,0,1120,-0,-670,0,-44,-708,10,384,412,372,371
9764,9764000,0,-500,0,1120,-0,-670,0,-42,-712,14,385,412,372,370
9766,9766000,0,-500,0,1120,-0,-670,0,-42,-714,12,385,412,372,370
9768,9768000,0,-500,0,1120,-0,-670,0,-41,-706,12,386,412,372,369
9770,9770000,0,-500,0,1120,-0,-670,0,-38,-700,10,386,412,371,369
9772,9772000,0,-500,0,1120,-0,-670,0,-41,-704,17,386,412,371,369
9774,9774000,0,-500,0,1120,-0,-670,0,-36,-704,13,387,413,370,369
9776,9776000,0,-500,0,1120,-0,-670,0,-47,-707,15,387,413,369,369
9778,9778000,0,-500,0,1120,-0,-670,0,-40,-706,10,387,414,369,369
9780,9780000,0,-500,0,1120,-0,-670,0,-39,-704,8,387,414,368,369
9782,9782000,0,-500,0,1120,-0,-670,0,-39,-710,9,387,414,368,369
9784,9784000,0,-500,0,1120,-0,-670,0,-36,-708,13,388,414,368,369
9786,9786000,0,-500,0,1120,-0,-670,0,-37,-710,11,388,414,367,369
9788,9788000,0,-500,0,1120,-0,-670,0,-44,-707,12,389,415,367,368
9790,9790000,0,-500,0,1120,-0,-670,0,-36,-697,14,390,415,366,367
9792,9792000,0,-500,0,1120,-0,-670,0,-36,-705,8,391,416,365,366
9794,9794000,0,-500,0,1120,-0,-670,0,-36,-704,6,392,416,365,366
9796,9796000,0,-500,0,1120,-0,-670,0,-39,-697,15,393,416,364,365
9798,9798000,0,-500,0,1120,-0,-670,0,-39,-700,11,394,416,364,365
9800,9800000,0,-500,0,1120,-0,-670,0,-32,-700,10,394,416,365,364
9802,9802000,0,-500,0,1120,-0,-670,0,-40,-705,8,394,415,365,364
9804,9804000,0,-500,0,1120,-0,-670,0,-43,-702,7,394,415,365,364
9806,9806000,0,-500,0,1120,-0,-670,0,-35,-697,13,394,414,365,364
9808,9808000,0,-500,0,1120,-0,-670,0,-33,-704,12,394,414,366,365
9810,9810000,0,-500,0,1120,-0,-670,0,-37,-694,11,394,413,366,365
9812,9812000,0,-500,0,1120,-0,-670,0,-32,-697,11,394,413,366,366
9814,9814000,0,-500,0,1120,-0,-670,0,-38,-699,12,394,413,366,366
9816,9816000,0,-500,0,1120,-0,-670,0,-41,-702,13,394,413,365,366
9818,9818000,0,-500,0,1120,-0,-670,0,-44,-698,7,394,414,365,366
9820,9820000,0,-500,0,1120,-0,-670,0,-34,-696,14,394,414,365,366
9822,9822000,0,-500,0,1120,-0,-670,0,-36,-703,11,394,413,365,366
9824,9824000,0,-500,0,1120,-0,-670,0,-38,-704,11,394,413,365,367
9826,9826000,0,-500,0,1120,-0,-670,0,-37,-696,13,394,412,366,367
9828,9828000,0,-500,0,1120,-0,-670,0,-31,-698,10,394,411,367,367
9830,9830000,0,-500,0,1120,-0,-670,0,-33,-698,9,394,410,368,367
9832,9832000,0,-500,0,1120,-0,-670,0,-32,-701,12,394,409,368,367
9834,9834000,0,-500,0,1120,-0,-670,0,-37,-700,6,395,409,368,367
9836,9836000,0,-500,0,1120,-0,-670,0,-32,-699,12,395,409,368,367
9838,9838000,0,-500,0,1120,-0,-670,0,-29,-697,11,395,409,368,367
9840,9840000,0,-500,0,1120,-0,-670,0,-37,-700,8,395,409,368,367
9842,9842000,0,-500,0,1120,-0,-670,0,-35,-706,12,395,409,367,367
9844,9844000,0,-500,0,1120,-0,-670,0,-34,-700,13,395,409,367,367
9846,9846000,0,-500,0,1120,-0,-670,0,-35,-696,10,395,409,367,367
9848,9848000,0,-500,0,1120,-0,-670,0,-31,-703,13,396,410,367,367
9850,9850000,0,-500,0,1120,-0,-670,0,-35,-693,10,396,410,366,366
9852,9852000,0,-500,0,1120,-0,-670,0,-38,-697,4,396,410,366,366
9854,9854000,0,-500,0,1120,-0,-670,0,-32,-701,8,397,410,366,366
9856,9856000,0,-500,0,1120,-0,-670,0,-31,-699,10,397,409,366,366
9858,9858000,0,-500,0,1120,-0,-670,0,-34,-704,8,397,409,367,367
9860,9860000,0,-500,0,1120,-0,-670,0,-36,-702,10,397,409,367,366
9862,9862000,0,-500,0,1120,-0,-670,0,-39,-699,11,397,408,367,366
9864,9864000,0,-500,0,1120,-0,-670,0,-36,-703,5,398,409,366,366
9866,9866000,0,-500,0,1120,-0,-670,0,-33,-693,14,399,409,366,365
9868,9868000,0,-500,0,1120,-0,-670,0,-32,-703,9,400,409,366,364
9870,9870000,0,-500,0,1120,-0,-670,0,-26,-695,10,401,409,366,363
9872,9872000,0,-500,0,1120,-0,-670,0,-30,-699,9,401,409,365,363
9874,9874000,0,-500,0,1120,-0,-670,0,-36,-701,11,401,410,365,363
9876,9876000,0,-500,0,1120,-0,-670,0,-26,-689,11,402,410,365,363
9878,9878000,0,-500,0,1120,-0,-670,0,-29,-687,10,402,410,364,363
9880,9880000,0,-500,0,1120,-0,-670,0,-30,-694,11,402,410,364,363
9882,9882000,0,-500,0,1120,-0,-670,0,-29,-690,8,402,411,363,363
9884,9884000,0,-500,0,1120,-0,-670,0,-27,-695,8,402,411,363,363
9886,9886000,0,-500,0,1120,-0,-670,0,-29,-695,13,402,411,363,363
9888,9888000,0,-500,0,1120,-0,-670,0,-33,-696,8,402,411,363,362
9890,9890000,0,-500,0,1120,-0,-670,0,-34,-695,13,403,411,362,362
9892,9892000,0,-500,0,1120,-0,-670,0,-25,-697,6,404,412,362,361
9894,9894000,0,-500,0,1120,-0,-670,0,-19,-689,9,405,412,361,360
9896,9896000,0,-500,0,1120,-0,-670,0,-32,-698,5,406,412,361,359
9898,9898000,0,-500,0,1120,-0,-670,0,-33,-694,9,407,412,361,358
9900,9900000,0,-500,0,1120,-0,-670,0,-25,-700,5,407,412,361,358
9902,9902000,0,-500,0,1120,-0,-670,0,-28,-689,16,407,412,361,358
9904,9904000,0,-500,0,1120,-0,-670,0,-35,-691,10,407,413,361,358
9906,9906000,0,-500,0,1120,-0,-670,0,-28,-693,1,407,413,360,358
9908,9908000,0,-500,0,1120,-0,-670,0,-34,-693,3,408,413,360,358
9910,9910000,0,-500,0,1120,-0,-670,0,-32,-693,7,408,414,359,358
9912,9912000,0,-500,0,1120,-0,-670,0,-23,-689,3,408,414,359,357
9914,9914000,0,-500,0,1120,-0,-670,0,-28,-695,8,408,415,359,357
9916,9916000,0,-500,0,1120,-0,-670,0,-25,-687,6,408,415,358,357
9918,9918000,0,-500,0,1120,-0,-670,0,-30,-689,7,408,415,358,357
9920,9920000,0,-500,0,1120,-0,-670,0,-29,-689,12,409,416,357,357
9922,9922000,0,-500,0,1120,-0,-670,0,-27,-682,16,409,416,357,356
9924,9924000,-1,-328,0,1103,-0,-304,0,-31,-688,11,254,259,2046,2045
9926,9926000,-2,-186,0,1089,-0,-109,0,-23,-678,6,254,260,2046,2044
9928,9928000,-2,-68,0,1077,-0,-21,0,-31,-678,4,254,260,2045,2044
9930,9930000,-3,30,0,1067,-0,6,0,-25,-654,5,254,261,2045,2045
9932,9932000,-3,110,0,1059,-0,45,0,-31,-637,13,254,262,2044,2045
9934,9934000,-3,177,0,1052,-0,100,0,-23,-611,7,254,264,2043,2044
9936,9936000,-2,233,0,1047,-0,163,0,-33,-585,3,254,266,2041,2044
9938,9938000,-2,279,0,1042,-0,225,0,-26,-549,5,254,268,2039,2044
9940,9940000,-1,317,0,1038,-0,285,0,-28,-503,5,254,271,2035,2044
9942,9942000,0,348,0,1035,-0,340,0,-31,-458,13,254,275,2031,2045
9944,9944000,1,374,0,1033,0,389,0,-31,-409,6,254,282,1923,1942
9946,9946000,3,396,0,1030,0,431,0,-32,-343,9,251,284,1705,1731
9948,9948000,5,413,0,1029,1,467,0,-35,-285,4,243,280,1438,1469
9950,9950000,7,409,0,1027,1,459,0,-34,-218,7,231,273,807,843
9952,9952000,9,385,0,1026,1,410,0,-39,-157,1,450,493,223,261
9954,9954000,11,348,0,1025,2,339,0,-39,-110,10,1147,1189,231,267
9956,9956000,12,303,0,1024,2,262,0,-30,-64,5,1602,1639,243,274
9958,9958000,14,254,0,1023,2,191,0,-40,-39,6,1804,1838,248,274
9960,9960000,15,206,0,1023,3,131,0,-35,-14,5,1797,1826,249,270
9962,9962000,15,162,0,1022,3,85,0,-36,2,4,1637,1662,248,264
9964,9964000,16,122,0,1022,3,53,0,-35,10,11,1380,1402,245,257
9966,9966000,16,89,0,1022,3,32,0,-27,1,1,1074,1093,237,247
9968,9968000,16,64,0,1021,3,19,0,-30,-0,10,769,785,229,236
9970,9970000,16,47,0,1021,3,12,0,-28,-7,6,507,521,225,231
9972,9972000,15,35,0,1021,3,8,0,-35,-22,5,310,323,224,228
9974,9974000,15,29,0,1021,3,6,0,-30,-34,4,224,237,269,272
9976,9976000,15,26,0,1021,3,5,0,-27,-32,6,224,237,344,347
9978,9978000,15,26,0,1021,3,5,0,-26,-40,2,225,238,380,382
9980,9980000,15,26,0,1020,3,5,0,-26,-45,3,225,238,388,390
9982,9982000,14,28,0,1020,3,6,0,-24,-47,6,225,239,381,383
9984,9984000,14,30,0,1020,2,6,0,-21,-47,-1,225,239,364,367
9986,9986000,14,32,0,1020,2,7,0,-28,-48,11,225,239,344,347
9988,9988000,14,33,0,1020,2,7,0,-28,-43,9,225,239,325,327
9990,9990000,14,34,0,1020,2,8,0,-32,-49,10,225,238,306,309
9992,9992000,14,35,0,1020,2,8,0,-26,-39,10,225,237,290,292
9994,9994000,14,36,0,1020,2,8,0,-23,-41,5,225,236,275,276
9996,9996000,14,36,0,1020,2,8,0,-29,-42,5,225,235,262,262
9998,9998000,14,35,0,1020,2,8,0,-23,-38,6,225,234,250,249
10000,10000000,14,34,0,1020,2,8,0,-18,-38,2,225,233,240,239
10002,10002000,13,34,0,1020,2,7,0,-19,-38,2,225,233,233,231
10004,10004000,13,33,0,1020,2,7,0,-27,-34,6,225,233,227,226
10006,10006000,13,32,0,1020,2,7,0,-25,-32,5,228,236,226,225
10008,10008000,13,31,0,1020,2,7,0,-16,-26,6,231,238,226,225
10010,10010000,13,30,0,1020,2,6,0,-21,-29,6,233,241,226,225
10012,10012000,13,29,0,1020,2,6,0,-25,-32,5,235,242,225,225
10014,10014000,13,28,0,1020,2,6,0,-22,-36,5,237,244,225,225
10016,10016000,13,27,0,1020,2,5,0,-21,-25,3,238,245,225,226
10018,10018000,13,26,0,1020,2,5,0,-19,-27,7,239,246,225,226
10020,10020000,13,25,0,1020,2,5,0,-26,-29,5,240,247,225,225
10022,10022000,14,25,0,1020,2,5,0,-21,-30,8,241,247,226,225
10024,10024000,14,24,0,1020,2,5,0,-18,-32,11,241,247,226,225
10026,10026000,14,24,0,1020,2,5,0,-22,-26,7,242,248,226,225
10028,10028000,14,23,0,1020,2,5,0,-24,-26,10,242,248,226,226
10030,10030000,14,23,0,1020,2,4,0,-18,-26,5,243,247,227,226
10032,10032000,14,23,0,1020,2,4,0,-20,-30,10,242,247,227,226
10034,10034000,14,23,0,1020,2,4,0,-14,-26,2,242,247,227,226
10036,10036000,14,23,0,1020,2,4,0,-20,-25,7,242,246,227,226
10038,10038000,14,23,0,1020,2,4,0,-17,-25,4,242,246,227,226
10040,10040000,14,23,0,1020,3,4,0,-15,-30,-2,242,245,227,226
10042,10042000,14,23,0,1020,3,4,0,-20,-29,8,242,245,227,226
10044,10044000,15,23,0,1020,3,4,0,-17,-26,2,241,245,227,226
10046,10046000,15,23,0,1020,3,5,0,-26,-28,4,241,245,227,226
10048,10048000,15,23,0,1020,3,5,0,-16,-26,7,241,245,227,226
10050,10050000,15,24,0,1020,3,5,0,-20,-23,4,240,244,227,226
10052,10052000,15,24,0,1020,3,5,0,-15,-28,4,240,244,226,226
10054,10054000,15,24,0,1020,3,5,0,-19,-24,4,240,244,226,226
10056,10056000,16,24,0,1020,3,5,0,-24,-29,9,240,243,227,226
10058,10058000,16,25,0,1020,3,5,0,-17,-24,6,240,243,227,226
10060,10060000,16,25,0,1020,3,5,0,-19,-23,10,239,243,227,226
10062,10062000,16,26,0,1020,3,5,0,-18,-21,9,239,242,227,226
10064,10064000,16,26,0,1020,3,5,0,-17,-24,1,239,241,227,226
10066,10066000,16,26,0,1020,3,5,0,-14,-23,0,238,241,227,226
10068,10068000,16,27,0,1020,3,5,0,-14,-29,-3,238,241,227,226
10070,10070000,17,27,0,1020,3,6,0,-18,-20,10,238,240,227,226
10072,10072000,17,28,0,1020,3,6,0,-19,-26,7,238,240,227,226
10074,10074000,17,28,0,1020,3,6,0,-13,-25,2,238,240,227,226
10076,10076000,17,28,0,1020,3,6,0,-18,-24,11,238,240,227,226
10078,10078000,17,29,0,1020,3,6,0,-20,-30,2,237,240,227,226
10080,10080000,17,29,0,1020,3,6,0,-18,-25,2,237,240,227,226
10082,10082000,18,30,0,1020,3,6,0,-15,-22,1,236,239,227,226
10084,10084000,18,30,0,1020,3,6,0,-13,-24,2,236,239,227,226
10086,10086000,18,31,0,1020,3,7,0,-18,-22,3,236,238,227,226
10088,10088000,18,31,0,1020,3,7,0,-11,-22,1,236,238,227,226
10090,10090000,18,31,0,1020,3,7,0,-19,-25,2,235,238,227,226
10092,10092000,19,32,0,1020,3,7,0,-13,-25,5,235,238,227,226
10094,10094000,19,32,0,1020,3,7,0,-13,-20,1,235,238,227,226
10096,10096000,19,33,0,1020,4,7,0,-21,-28,-2,235,238,227,226
10098,10098000,19,33,0,1020,4,7,0,-14,-20,9,235,238,227,226
10100,10100000,19,33,0,1020,4,7,0,-13,-24,6,235,238,227,226
10102,10102000,19,34,0,1020,4,7,0,-17,-19,2,235,237,227,226
10104,10104000,20,34,0,1020,4,8,0,-12,-25,-0,235,237,227,226
10106,10106000,20,34,0,1020,4,8,0,-17,-25,3,235,237,227,226
10108,10108000,20,35,0,1020,4,8,0,-12,-18,2,235,237,227,226
10110,10110000,20,35,0,1020,4,8,0,-15,-23,1,235,237,227,226
10112,10112000,20,35,0,1020,4,8,0,-16,-26,8,234,237,227,226
10114,10114000,21,36,0,1020,4,8,0,-15,-15,2,234,237,226,226
10116,10116000,21,36,0,1020,4,8,0,-11,-21,-1,234,237,226,226
10118,10118000,21,36,0,1020,4,8,0,-14,-25,4,234,237,226,226
10120,10120000,21,37,0,1020,4,8,0,-12,-20,4,234,237,226,226
10122,10122000,21,37,0,1020,4,8,0,-15,-19,6,234,237,226,226
10124,10124000,21,37,0,1020,4,8,0,-16,-17,8,234,237,226,226
10126,10126000,22,37,0,1020,4,9,0,-12,-19,3,234,237,226,226
10128,10128000,22,38,0,1020,4,9,0,-15,-23,1,234,237,226,226
10130,10130000,22,38,0,1020,4,9,0,-15,-20,-4,235,237,227,226
10132,10132000,22,38,0,1020,4,9,0,-21,-24,-1,235,237,227,226
10134,10134000,22,38,0,1020,4,9,0,-15,-21,8,235,237,227,226
10136,10136000,22,38,0,1020,4,9,0,-12,-19,7,235,237,227,226
10138,10138000,23,39,0,1020,4,9,0,-17,-20,10,234,237,227,226
10140,10140000,23,39,0,1020,4,9,0,-18,-25,3,234,236,226,226
10142,10142000,23,39,0,1020,4,9,0,-16,-19,2,234,236,226,226
10144,10144000,23,39,0,1020,5,9,0,-12,-14,2,234,236,226,226
10146,10146000,23,40,0,1020,5,9,0,-7,-15,8,234,237,226,226
10148,10148000,23,40,0,1020,5,9,0,-4,-14,-5,234,237,226,226
10150,10150000,24,40,0,1020,5,9,0,-13,-26,-0,234,237,226,226
10152,10152000,24,40,0,1020,5,9,0,-12,-15,8,234,237,226,226
10154,10154000,24,40,0,1020,5,10,0,-13,-20,3,234,237,226,226
10156,10156000,24,40,0,1020,5,10,0,-18,-20,2,234,237,226,226
10158,10158000,24,41,0,1020,5,10,0,-5,-18,3,234,237,226,226
10160,10160000,24,41,0,1020,5,10,0,-19,-17,-1,234,237,226,226
10162,10162000,25,41,0,1020,5,10,0,-17,-16,1,234,237,226,226
10164,10164000,25,41,0,1020,5,10,0,-12,-16,-2,235,237,226,226
10166,10166000,25,41,0,1020,5,10,0,-7,-19,2,235,237,226,226
10168,10168000,25,41,0,1020,5,10,0,-15,-14,9,235,237,226,226
10170,10170000,25,42,0,1020,5,10,0,-11,-13,6,235,237,226,226
10172,10172000,25,42,0,1020,5,10,0,-13,-16,5,235,237,226,226
10174,10174000,25,42,0,1020,5,10,0,-12,-14,5,235,238,226,226
10176,10176000,26,42,0,1020,5,10,0,-17,-18,3,235,238,226,226
10178,10178000,26,42,0,1020,5,10,0,-15,-22,5,235,238,226,226
10180,10180000,26,42,0,1020,5,10,0,-18,-13,4,235,238,226,226
10182,10182000,26,42,0,1020,5,10,0,-13,-20,5,235,238,226,226
10184,10184000,26,42,0,1020,5,10,0,-11,-16,0,235,238,226,226
10186,10186000,26,43,0,1020,5,10,0,-9,-19,1,235,238,226,226
10188,10188000,26,43,0,1020,5,10,0,-8,-17,7,235,238,226,226
10190,10190000,27,43,0,1020,5,10,0,-10,-15,5,235,238,226,226
10192,10192000,27,43,0,1020,5,10,0,-14,-10,10,235,238,226,226
10194,10194000,27,43,0,1020,5,10,0,-12,-10,7,235,238,226,226
10196,10196000,27,43,0,1020,6,11,0,-10,-15,7,235,238,226,226
10198,10198000,27,43,0,1020,6,11,0,-5,-14,4,235,238,226,226
10200,10200000,27,43,0,1020,6,11,0,-9,-13,0,235,238,226,226
10202,10202000,27,43,0,1020,6,11,0,-12,-18,-3,235,238,226,226
10204,10204000,27,44,0,1020,6,11,0,-15,-11,6,235,239,226,226
10206,10206000,28,44,0,1020,6,11,0,-11,-20,-1,236,239,226,226
10208,10208000,28,44,0,1020,6,11,0,-14,-8,3,236,239,226,226
10210,10210000,28,44,0,1020,6,11,0,-5,-14,-1,235,239,226,226
10212,10212000,28,44,0,1020,6,11,0,-9,-14,-5,235,239,226,226
10214,10214000,28,44,0,1020,6,11,0,-5,-15,3,235,239,226,226
10216,10216000,28,44,0,1020,6,11,0,-11,-10,4,235,238,226,226
10218,10218000,28,44,0,1020,6,11,0,-13,-17,1,235,238,226,226
10220,10220000,28,44,0,1020,6,11,0,-8,-20,-5,235,239,226,226
10222,10222000,29,44,0,1020,6,11,0,-9,-16,-3,235,239,226,226
10224,10224000,29,45,0,1020,6,11,0,-10,-18,-2,235,239,226,226
10226,10226000,29,45,0,1020,6,11,0,-13,-16,4,235,239,226,226
10228,10228000,29,45,0,1020,6,11,0,-15,-15,3,235,239,226,226
10230,10230000,29,45,0,1020,6,11,0,-10,-15,-2,235,239,226,226
10232,10232000,29,45,0,1020,6,11,0,-12,-16,-4,235,239,226,226
10234,10234000,29,45,0,1020,6,11,0,-14,-13,2,235,239,226,226
10236,10236000,29,45,0,1020,6,11,0,-10,-11,2,236,239,226,226
10238,10238000,29,45,0,1020,6,11,0,-7,-19,-4,236,239,226,226
10240,10240000,29,45,0,1020,6,11,0,-12,-16,5,235,239,226,226
10242,10242000,30,45,0,1020,6,11,0,-6,-9,4,235,239,226,226
10244,10244000,30,45,0,1020,6,11,0,-9,-10,5,235,239,226,226
10246,10246000,30,45,0,1020,6,11,0,-11,-21,-1,235,239,226,226
10248,10248000,30,46,0,1020,6,11,0,-9,-12,0,235,239,226,226
10250,10250000,30,46,0,1020,6,11,0,-12,-11,2,235,239,226,226
10252,10252000,30,46,0,1020,6,11,0,-11,-13,1,235,239,226,226
10254,10254000,30,46,0,1020,6,11,0,-8,-10,6,235,240,226,226
10256,10256000,30,46,0,1020,6,11,0,-8,-9,-4,235,240,226,226
10258,10258000,30,46,0,1020,6,12,0,-8,-19,-4,235,240,226,226
10260,10260000,30,46,0,1020,6,12,0,-16,-18,1,235,240,226,226
10262,10262000,31,46,0,1020,7,12,0,-14,-10,1,235,240,226,226
10264,10264000,31,46,0,1020,7,12,0,-7,-9,4,235,240,226,226
10266,10266000,31,46,0,1020,7,12,0,-6,-8,3,235,240,226,226
10268,10268000,31,46,0,1020,7,12,0,-3,-12,4,235,240,226,226
10270,10270000,31,46,0,1020,7,12,0,-5,-13,2,235,239,226,226
10272,10272000,31,46,0,1020,7,12,0,-9,-13,-1,235,239,226,226
10274,10274000,31,47,0,1020,7,12,0,-3,-9,-0,235,240,226,226
10276,10276000,31,47,0,1020,7,12,0,-7,-9,3,235,240,226,226
10278,10278000,31,47,0,1020,7,12,0,-8,-10,-2,235,240,226,226
10280,10280000,31,47,0,1020,7,12,0,-4,-11,-4,235,240,226,226
10282,10282000,31,47,0,1020,7,12,0,-8,-11,1,235,240,226,226
10284,10284000,31,47,0,1020,7,12,0,-11,-10,3,235,240,226,226
10286,10286000,32,47,0,1020,7,12,0,-12,-4,4,235,240,226,226
10288,10288000,32,47,0,1020,7,12,0,-11,-13,2,235,240,226,226
10290,10290000,32,47,0,1020,7,12,0,-3,-10,0,235,240,226,226
10292,10292000,32,47,0,1020,7,12,0,-8,-6,4,235,240,226,226
10294,10294000,32,47,0,1020,7,12,0,-2,-8,7,235,240,226,226
10296,10296000,32,47,0,1020,7,12,0,-4,-4,2,235,240,226,226
10298,10298000,32,47,0,1020,7,12,0,-3,-11,-5,235,240,226,226
10300,10300000,71,81,-11,1020,22,27,-2,-12,-9,5,226,279,282,516
10302,10302000,140,140,-31,1020,66,66,-7,-5,-8,-5,230,440,438,1167
10304,10304000,196,188,-47,1020,120,111,-12,-6,-11,-12,237,614,586,1720
10306,10306000,241,227,-60,1020,174,155,-17,-4,-4,-7,387,903,843,2047
10308,10308000,277,257,-71,1020,224,195,-22,4,2,-8,384,915,837,2047
10310,10310000,305,281,-81,1020,266,228,-27,11,7,-7,389,917,827,2047
10312,10312000,324,297,-88,1020,298,254,-31,17,12,-2,402,908,809,2047
10314,10314000,337,308,-95,1020,319,271,-35,33,27,-1,241,625,537,1824
10316,10316000,342,312,-100,1020,328,278,-38,48,39,-20,237,464,398,1435
10318,10318000,340,311,-104,1020,324,276,-41,66,55,-30,231,278,240,970
10320,10320000,331,304,-108,1020,310,265,-43,80,72,-36,378,239,226,629
10322,10322000,319,293,-111,1020,288,248,-45,94,85,-49,532,225,233,335
10324,10324000,302,280,-113,1020,262,227,-47,117,91,-48,774,342,361,226
10326,10326000,284,264,-115,1020,234,205,-48,128,108,-48,1012,505,528,230
10328,10328000,266,249,-117,1020,208,183,-49,136,113,-55,1136,602,622,233
10330,10330000,249,233,-118,1020,184,163,-50,137,115,-51,1153,638,648,235
10332,10332000,234,220,-119,1020,164,147,-51,139,111,-53,1080,622,619,234
10334,10334000,222,208,-120,1020,149,133,-52,134,110,-48,944,569,551,231
10336,10336000,212,199,-121,1020,138,123,-52,130,114,-52,775,494,463,229
10338,10338000,205,192,-122,1020,130,116,-53,119,112,-42,598,411,370,226
10340,10340000,201,188,-122,1020,126,111,-53,111,98,-46,435,333,284,225
10342,10342000,200,185,-123,1020,124,109,-53,111,99,-43,310,277,224,238
10344,10344000,199,185,-123,1020,123,108,-54,108,99,-36,259,278,224,295
10346,10346000,200,185,-124,1020,124,108,-54,104,92,-44,225,279,226,337
10348,10348000,201,185,-124,1020,126,108,-54,97,83,-44,225,299,249,385
10350,10350000,203,186,-124,1020,127,109,-54,95,80,-36,225,306,259,408
10352,10352000,204,187,-124,1020,129,111,-54,93,89,-36,225,303,260,411
10354,10354000,205,188,-124,1020,130,111,-54,95,77,-43,225,293,254,399
10356,10356000,206,189,-124,1020,131,112,-55,96,81,-40,225,278,243,378
10358,10358000,206,189,-125,1020,130,112,-55,90,77,-40,225,260,230,350
10360,10360000,205,189,-125,1020,130,112,-55,96,89,-35,235,251,225,328
10362,10362000,204,188,-125,1020,129,111,-55,96,80,-44,250,246,225,312
10364,10364000,203,187,-125,1020,127,110,-55,97,82,-43,264,243,225,295
10366,10366000,201,186,-125,1020,125,109,-55,99,83,-40,278,240,225,281
10368,10368000,198,184,-125,1020,122,107,-55,101,89,-45,290,239,225,268
10370,10370000,196,182,-125,1020,120,105,-55,105,85,-42,301,238,225,257
10372,10372000,194,181,-125,1020,117,104,-55,97,89,-41,309,238,225,250
10374,10374000,191,179,-125,1020,114,102,-55,103,82,-44,315,239,225,244
10376,10376000,189,177,-125,1020,112,100,-55,97,89,-35,319,239,225,240
10378,10378000,186,175,-125,1020,109,98,-55,102,86,-43,321,240,225,238
10380,10380000,184,173,-125,1020,107,96,-55,98,85,-41,322,241,225,238
10382,10382000,182,171,-125,1020,105,94,-55,101,82,-45,322,242,225,239
10384,10384000,180,170,-125,1020,103,93,-55,100,81,-37,322,244,225,241
10386,10386000,178,168,-125,1020,101,91,-55,94,78,-43,321,245,225,243
10388,10388000,177,167,-125,1020,100,90,-55,97,86,-45,319,246,225,245
10390,10390000,175,165,-125,1020,98,89,-55,92,80,-48,317,247,225,248
10392,10392000,174,164,-125,1020,97,88,-55,95,82,-47,314,247,225,250
10394,10394000,173,163,-125,1020,96,87,-55,91,79,-44,311,248,225,253
10396,10396000,172,162,-125,1020,95,86,-55,92,75,-47,308,248,225,255
10398,10398000,171,161,-125,1020,95,85,-55,83,77,-44,306,248,225,257
10400,10400000,171,161,-125,1020,94,85,-55,87,73,-41,304,249,225,259
10402,10402000,170,160,-125,1020,93,84,-55,86,75,-42,302,249,225,261
10404,10404000,170,159,-125,1020,93,83,-55,87,72,-43,301,249,225,262
10406,10406000,169,159,-125,1020,92,83,-55,89,72,-49,299,250,225,264
10408,10408000,169,158,-125,1020,92,82,-55,85,64,-45,298,250,225,265
10410,10410000,168,158,-125,1020,91,82,-55,82,67,-45,296,250,225,265
10412,10412000,168,157,-125,1020,91,81,-55,86,70,-49,295,250,225,266
10414,10414000,167,157,-125,1020,91,81,-55,83,75,-51,294,250,225,266
10416,10416000,167,156,-125,1020,90,80,-55,78,68,-46,294,249,225,267
10418,10418000,167,156,-125,1020,90,80,-55,80,69,-45,293,249,225,267
10420,10420000,166,155,-125,1020,90,80,-55,83,65,-48,292,249,225,267
10422,10422000,166,155,-125,1020,89,79,-55,79,65,-47,292,249,225,267
10424,10424000,165,154,-125,1020,89,79,-55,74,61,-44,291,249,225,267
10426,10426000,165,154,-125,1020,88,78,-55,81,64,-48,291,249,225,267
10428,10428000,165,153,-125,1020,88,78,-55,81,62,-43,291,249,225,266
10430,10430000,164,153,-125,1020,88,77,-55,81,62,-44,291,249,225,266
10432,10432000,164,152,-125,1020,87,77,-55,78,66,-47,291,249,225,266
10434,10434000,163,152,-125,1020,87,76,-55,75,67,-41,290,249,225,265
10436,10436000,163,151,-125,1020,86,76,-55,68,58,-45,290,248,225,265
10438,10438000,162,151,-125,1020,86,76,-55,81,67,-49,290,248,225,265
10440,10440000,162,150,-125,1020,85,75,-55,69,57,-46,289,248,225,264
10442,10442000,161,149,-125,1020,85,75,-55,76,65,-48,289,248,225,264
10444,10444000,161,149,-125,1020,84,74,-55,73,61,-46,289,248,225,264
10446,10446000,160,148,-125,1020,84,74,-55,80,66,-51,289,248,225,264
10448,10448000,159,148,-125,1020,83,73,-55,71,61,-49,289,248,225,263
10450,10450000,159,147,-125,1020,83,73,-55,75,57,-56,288,248,225,263
10452,10452000,158,147,-125,1020,82,72,-55,77,60,-52,288,248,225,263
10454,10454000,158,146,-125,1020,82,72,-55,78,62,-48,287,248,225,263
10456,10456000,157,145,-125,1020,81,71,-55,74,64,-48,287,248,225,263
10458,10458000,157,145,-125,1020,81,71,-55,72,55,-49,287,248,225,263
10460,10460000,156,144,-125,1020,80,70,-55,74,57,-49,287,248,225,263
10462,10462000,156,144,-125,1020,80,70,-55,72,60,-51,287,249,225,263
10464,10464000,155,143,-125,1020,80,69,-55,63,56,-50,287,249,225,263
10466,10466000,155,142,-125,1020,79,69,-55,68,57,-49,286,248,225,263
10468,10468000,154,142,-125,1020,79,68,-55,69,56,-50,286,248,225,262
10470,10470000,154,141,-125,1020,78,68,-55,66,56,-49,285,248,225,262
10472,10472000,153,141,-125,1020,78,67,-55,70,57,-53,285,248,225,262
10474,10474000,153,140,-125,1020,77,67,-55,70,56,-49,285,248,225,262
10476,10476000,152,139,-125,1020,77,66,-55,67,50,-47,285,248,225,262
10478,10478000,152,139,-125,1020,76,66,-55,66,53,-48,285,248,225,262
10480,10480000,151,138,-125,1020,76,65,-55,64,51,-44,284,248,225,261
10482,10482000,151,138,-125,1020,75,65,-55,66,52,-45,284,248,225,261
10484,10484000,150,137,-125,1020,75,64,-55,61,49,-54,284,248,225,262
10486,10486000,150,136,-125,1020,75,64,-55,61,50,-58,283,248,225,262
10488,10488000,149,136,-125,1020,74,63,-55,66,48,-55,283,248,225,262
10490,10490000,149,135,-125,1020,74,63,-55,65,50,-52,283,248,225,262
10492,10492000,148,135,-125,1020,73,62,-55,67,55,-50,282,248,225,262
10494,10494000,148,134,-125,1020,73,62,-55,57,46,-51,282,248,225,262
10496,10496000,147,133,-125,1020,73,61,-55,56,41,-52,282,248,225,261
10498,10498000,147,133,-125,1020,72,61,-55,56,43,-57,281,248,225,261
10500,10500000,146,132,-125,1020,72,61,-55,61,47,-52,281,248,225,261
10502,10502000,146,132,-125,1020,72,60,-55,60,45,-54,281,248,225,261
10504,10504000,146,131,-125,1020,71,60,-55,57,46,-52,281,248,225,261
10506,10506000,145,131,-125,1020,71,59,-55,63,49,-46,281,248,225,261
10508,10508000,145,130,-125,1020,70,59,-55,62,40,-54,280,248,225,261
10510,10510000,144,129,-125,1020,70,58,-55,57,39,-49,280,248,225,260
10512,10512000,144,129,-125,1020,70,58,-55,62,44,-55,280,248,225,260
10514,10514000,143,128,-125,1020,69,57,-55,57,42,-52,279,248,225,260
10516,10516000,143,128,-125,1020,69,57,-55,58,44,-50,279,248,225,260
10518,10518000,142,127,-125,1020,69,57,-55,60,48,-52,279,248,225,260
10520,10520000,142,127,-125,1020,68,56,-55,55,43,-52,279,248,225,260
10522,10522000,142,126,-125,1020,68,56,-55,63,46,-52,279,248,225,260
10524,10524000,141,126,-125,1020,68,55,-55,57,39,-52,278,248,225,260
10526,10526000,141,125,-125,1020,67,55,-55,53,43,-56,278,248,225,260
10528,10528000,141,124,-125,1020,67,55,-55,56,41,-49,277,248,225,260
10530,10530000,140,124,-125,1020,67,54,-55,60,42,-53,277,248,225,260
10532,10532000,140,123,-125,1020,66,54,-55,54,40,-57,277,249,225,260
10534,10534000,139,123,-125,1020,66,53,-55,54,39,-50,277,249,225,260
10536,10536000,139,122,-125,1020,66,53,-55,56,37,-54,277,249,225,260
10538,10538000,139,122,-125,1020,66,53,-55,53,37,-55,277,249,225,259
10540,10540000,138,121,-125,1020,65,52,-55,54,40,-51,276,248,225,259
10542,10542000,138,121,-125,1020,65,52,-55,59,38,-57,276,248,225,259
10544,10544000,137,120,-125,1020,65,51,-55,50,36,-56,275,248,225,259
10546,10546000,137,120,-125,1020,64,51,-55,52,43,-47,275,248,225,259
10548,10548000,137,119,-125,1020,64,51,-55,52,38,-53,275,248,225,259
10550,10550000,136,119,-125,1020,64,50,-55,47,35,-57,275,248,225,259
10552,10552000,136,118,-125,1020,63,50,-55,48,36,-60,275,248,225,259
10554,10554000,136,117,-125,1020,63,50,-55,53,34,-54,275,248,225,259
10556,10556000,135,117,-125,1020,63,49,-55,59,37,-53,274,249,225,259
10558,10558000,135,116,-125,1020,63,49,-55,53,29,-49,274,249,225,259
10560,10560000,135,116,-125,1020,62,48,-55,50,34,-60,274,249,225,259
10562,10562000,134,115,-125,1020,62,48,-55,52,34,-52,273,248,225,259
10564,10564000,134,115,-125,1020,62,48,-55,55,35,-54,273,248,225,258
10566,10566000,134,114,-125,1020,62,47,-55,50,33,-50,273,248,225,258
10568,10568000,133,114,-125,1020,61,47,-55,48,31,-60,273,248,225,258
10570,10570000,133,113,-125,1020,61,47,-55,50,30,-59,272,248,225,258
10572,10572000,133,113,-125,1020,61,46,-55,46,32,-55,272,248,225,258
10574,10574000,132,112,-125,1020,61,46,-55,44,28,-55,272,248,225,258
10576,10576000,132,112,-125,1020,60,46,-55,54,31,-61,272,248,225,257
10578,10578000,132,111,-125,1020,60,45,-55,57,29,-53,272,248,225,257
10580,10580000,131,111,-125,1020,60,45,-55,53,36,-58,272,248,225,257
10582,10582000,131,110,-125,1020,60,45,-55,52,33,-48,271,248,225,257
10584,10584000,131,110,-125,1020,59,44,-55,50,36,-53,271,248,225,257
10586,10586000,130,109,-125,1020,59,44,-55,46,24,-60,270,248,225,257
10588,10588000,130,109,-125,1020,59,44,-55,48,30,-56,270,248,225,257
10590,10590000,130,108,-125,1020,59,43,-55,43,23,-57,270,248,225,257
10592,10592000,130,108,-125,1020,58,43,-55,47,26,-56,270,249,225,257
10594,10594000,129,107,-125,1020,58,43,-55,44,31,-58,270,249,225,257
10596,10596000,129,107,-125,1020,58,42,-55,42,28,-50,270,249,225,257
10598,10598000,129,106,-125,1020,58,42,-55,44,28,-57,269,249,225,257
10600,10600000,129,106,-125,1020,58,42,-55,52,29,-61,269,248,225,257
10602,10602000,128,105,-125,1020,57,41,-55,50,32,-51,269,248,225,256
10604,10604000,128,105,-125,1020,57,41,-55,40,30,-49,269,248,225,256
10606,10606000,128,104,-125,1020,57,41,-55,45,21,-54,268,248,225,256
10608,10608000,127,104,-125,1020,57,40,-55,44,26,-55,268,248,225,256
10610,10610000,127,103,-125,1020,57,40,-55,44,30,-52,268,248,225,255
10612,10612000,127,103,-125,1020,56,40,-55,51,27,-53,268,248,225,255
10614,10614000,127,102,-125,1020,56,39,-55,51,30,-59,268,248,225,255
10616,10616000,126,102,-125,1020,56,39,-55,44,24,-53,267,248,225,255
10618,10618000,126,101,-125,1020,56,39,-55,41,24,-56,267,248,225,255
10620,10620000,126,101,-125,1020,56,39,-55,44,28,-58,267,248,225,255
10622,10622000,126,100,-125,1020,55,38,-55,51,25,-58,267,248,225,255
10624,10624000,125,100,-125,1020,55,38,-55,50,24,-62,267,248,225,255
10626,10626000,125,99,-125,1020,55,38,-55,45,27,-56,267,249,225,255
10628,10628000,125,99,-125,1020,55,37,-55,40,24,-58,267,249,225,255
10630,10630000,125,98,-125,1020,55,37,-55,41,26,-53,266,249,225,255
10632,10632000,124,98,-125,1020,55,37,-55,42,30,-51,266,248,225,255
10634,10634000,124,97,-125,1020,54,36,-55,43,26,-55,266,248,225,255
10636,10636000,124,97,-125,1020,54,36,-55,39,24,-51,265,248,225,255
10638,10638000,124,97,-125,1020,54,36,-55,43,24,-54,265,248,225,255
10640,10640000,123,96,-125,1020,54,36,-55,42,29,-56,265,248,225,254
10642,10642000,123,96,-125,1020,54,35,-55,48,23,-57,265,248,225,254
10644,10644000,123,95,-125,1020,53,35,-55,48,23,-53,265,247,225,254
10646,10646000,123,95,-125,1020,53,35,-55,48,22,-59,264,247,225,254
10648,10648000,122,94,-125,1020,53,34,-55,48,22,-62,264,247,225,253
10650,10650000,122,94,-125,1020,53,34,-55,41,20,-62,264,247,225,253
10652,10652000,122,93,-125,1020,53,34,-55,43,24,-58,264,248,225,253
10654,10654000,122,93,-125,1020,53,34,-55,36,23,-55,264,248,225,253
10656,10656000,122,92,-125,1020,52,33,-55,46,20,-55,264,248,225,254
10658,10658000,121,92,-125,1020,52,33,-55,43,18,-61,263,248,225,254
10660,10660000,121,91,-125,1020,52,33,-55,38,14,-56,263,248,225,254
10662,10662000,121,91,-125,1020,52,33,-55,35,17,-60,263,248,225,254
10664,10664000,121,90,-125,1020,52,32,-55,38,20,-55,263,248,225,254
10666,10666000,121,90,-125,1020,52,32,-55,42,22,-58,263,248,225,253
10668,10668000,120,90,-125,1020,52,32,-55,39,18,-57,263,248,225,253
10670,10670000,120,89,-125,1020,52,32,-55,39,18,-58,262,248,225,253
10672,10672000,120,89,-125,1020,51,31,-55,41,23,-52,262,247,225,252
10674,10674000,120,88,-125,1020,51,31,-55,41,25,-60,262,247,225,252
10676,10676000,120,88,-125,1020,51,31,-55,43,21,-61,261,247,225,252
10678,10678000,119,87,-125,1020,51,31,-55,43,16,-62,261,247,225,252
10680,10680000,119,87,-125,1020,51,30,-55,37,17,-52,261,247,225,252
10682,10682000,119,86,-125,1020,51,30,-55,36,23,-58,261,248,225,252
10684,10684000,119,86,-125,1020,50,30,-55,40,18,-54,261,248,225,252
10686,10686000,119,85,-125,1020,50,30,-55,38,13,-59,261,248,225,252
10688,10688000,118,85,-125,1020,50,29,-55,41,22,-50,261,248,225,252
10690,10690000,118,85,-125,1020,50,29,-55,39,17,-58,260,248,225,252
10692,10692000,118,84,-125,1020,50,29,-55,40,20,-61,260,248,225,252
10694,10694000,118,84,-125,1020,50,29,-55,40,20,-59,260,248,225,252
10696,10696000,118,83,-125,1020,50,28,-55,40,12,-61,260,248,225,252
10698,10698000,118,83,-125,1020,50,28,-55,35,13,-53,260,248,225,252
10700,10700000,117,82,-125,1020,50,28,-55,42,13,-57,260,248,225,252
10702,10702000,117,82,-125,1020,49,28,-55,37,19,-53,260,248,225,252
10704,10704000,117,82,-125,1020,49,27,-55,36,12,-58,260,248,225,251
10706,10706000,117,81,-125,1020,49,27,-55,41,17,-60,259,247,225,251
10708,10708000,117,81,-125,1020,49,27,-55,35,11,-55,259,247,225,251
10710,10710000,117,80,-125,1020,49,27,-55,35,14,-52,259,247,225,250
10712,10712000,116,80,-125,1020,49,26,-55,42,9,-62,259,247,225,250
10714,10714000,116,79,-125,1020,49,26,-55,40,14,-56,259,247,225,250
10716,10716000,116,79,-125,1020,49,26,-55,40,15,-58,258,247,225,250
10718,10718000,116,79,-125,1020,48,26,-55,32,11,-57,258,247,225,250
10720,10720000,116,78,-125,1020,48,26,-55,43,16,-55,258,247,225,250
10722,10722000,116,78,-125,1020,48,25,-55,42,8,-64,258,247,225,251
10724,10724000,115,77,-125,1020,48,25,-55,33,7,-54,258,248,225,251
10726,10726000,115,77,-125,1020,48,25,-55,39,8,-57,258,248,225,251
10728,10728000,115,76,-125,1020,48,25,-55,36,14,-59,258,248,225,251
10730,10730000,115,76,-125,1020,48,24,-55,38,10,-56,257,248,225,251
10732,10732000,115,76,-125,1020,48,24,-55,43,10,-62,257,248,225,250
10734,10734000,115,75,-125,1020,48,24,-55,37,12,-56,257,247,225,250
10736,10736000,115,75,-125,1020,48,24,-55,33,11,-59,257,247,225,250
10738,10738000,114,74,-125,1020,47,24,-55,38,16,-55,257,247,225,249
10740,10740000,114,74,-125,1020,47,23,-55,32,6,-55,257,247,225,249
10742,10742000,114,73,-125,1020,47,23,-55,38,9,-60,256,247,225,249
10744,10744000,114,73,-125,1020,47,23,-55,37,10,-51,256,247,225,249
10746,10746000,114,73,-125,1020,47,23,-55,37,8,-57,256,247,225,249
10748,10748000,114,72,-125,1020,47,23,-55,38,15,-55,256,247,225,249
10750,10750000,114,72,-125,1020,47,22,-55,36,13,-62,256,246,225,249
10752,10752000,113,71,-125,1020,47,22,-55,31,13,-54,255,247,225,249
10754,10754000,113,71,-125,1020,47,22,-55,40,14,-59,256,247,225,249
10756,10756000,113,71,-125,1020,47,22,-55,36,13,-60,256,247,225,249
10758,10758000,113,70,-125,1020,47,22,-55,35,10,-62,256,248,225,249
10760,10760000,113,70,-125,1020,46,21,-55,40,9,-58,256,248,225,249
10762,10762000,113,69,-125,1020,46,21,-55,39,13,-59,255,248,225,249
10764,10764000,113,69,-125,1020,46,21,-55,39,14,-49,255,248,225,249
10766,10766000,113,68,-125,1020,46,21,-55,40,11,-62,254,247,225,249
10768,10768000,113,68,-125,1020,46,21,-55,32,9,-54,254,247,225,249
10770,10770000,112,68,-125,1020,46,20,-55,32,10,-57,254,247,225,248
10772,10772000,112,67,-125,1020,46,20,-55,32,6,-57,254,247,225,248
10774,10774000,112,67,-125,1020,46,20,-55,36,6,-59,254,246,225,248
10776,10776000,112,66,-125,1020,46,20,-55,35,8,-57,254,246,225,247
10778,10778000,112,66,-125,1020,46,20,-55,38,2,-54,254,246,225,247
10780,10780000,112,66,-125,1020,46,20,-55,39,11,-60,254,246,225,247
10782,10782000,112,65,-125,1020,46,19,-55,38,15,-60,254,246,225,247
10784,10784000,112,65,-125,1020,45,19,-55,31,8,-54,253,247,225,247
10786,10786000,111,64,-125,1020,45,19,-55,35,3,-53,253,247,225,247
10788,10788000,111,64,-125,1020,45,19,-55,37,3,-58,253,247,225,248
10790,10790000,111,64,-125,1020,45,19,-55,39,4,-60,253,247,225,248
10792,10792000,111,63,-125,1020,45,18,-55,38,12,-59,253,247,225,248
10794,10794000,111,63,-125,1020,45,18,-55,30,4,-56,253,247,225,248
10796,10796000,111,62,-125,1020,45,18,-55,38,5,-58,252,247,225,248
10798,10798000,111,62,-125,1020,45,18,-55,34,3,-63,252,247,225,247
10800,10800000,111,62,-125,1020,45,18,-55,37,10,-56,252,247,225,247
10802,10802000,111,61,-125,1020,45,18,-55,33,6,-56,252,247,225,247
10804,10804000,111,61,-125,1020,45,17,-55,35,10,-50,252,247,225,247
10806,10806000,111,60,-125,1020,45,17,-55,35,8,-51,252,246,225,246
10808,10808000,110,60,-125,1020,45,17,-55,34,7,-52,252,246,225,246
10810,10810000,110,60,-125,1020,45,17,-55,33,5,-57,252,246,225,246
10812,10812000,110,59,-125,1020,45,17,-55,35,1,-55,252,246,225,246
10814,10814000,110,59,-125,1020,45,17,-55,36,7,-58,252,246,225,246
10816,10816000,110,58,-125,1020,44,16,-55,34,3,-59,252,246,225,246
10818,10818000,110,58,-125,1020,44,16,-55,32,2,-57,251,246,225,246
10820,10820000,110,58,-125,1020,44,16,-55,36,4,-55,251,246,225,246
10822,10822000,110,57,-125,1020,44,16,-55,36,5,-60,251,246,225,246
10824,10824000,110,57,-125,1020,44,16,-55,35,3,-52,251,246,225,246
10826,10826000,110,57,-125,1020,44,16,-55,35,3,-59,250,247,225,246
10828,10828000,110,56,-125,1020,44,15,-55,34,-1,-56,251,247,225,246
10830,10830000,110,56,-125,1020,44,15,-55,32,-0,-64,251,247,225,246
10832,10832000,109,55,-125,1020,44,15,-55,36,-2,-55,251,247,225,246
10834,10834000,109,55,-125,1020,44,15,-55,37,8,-54,251,247,225,246
10836,10836000,109,55,-125,1020,44,15,-55,33,1,-63,251,247,225,245
10838,10838000,109,54,-125,1020,44,15,-55,35,2,-55,250,246,225,245
10840,10840000,109,54,-125,1020,44,14,-55,35,-2,-61,250,245,225,245
10842,10842000,109,53,-125,1020,44,14,-55,36,7,-57,250,245,225,244
10844,10844000,109,53,-125,1020,44,14,-55,30,6,-53,249,245,225,244
10846,10846000,109,53,-125,1020,44,14,-55,31,5,-54,250,245,225,244
10848,10848000,109,52,-125,1020,44,14,-55,32,6,-60,250,246,225,245
10850,10850000,109,52,-125,1020,44,14,-55,37,6,-55,249,246,225,245
10852,10852000,109,52,-125,1020,43,14,-55,38,3,-58,249,246,225,245
10854,10854000,108,51,-125,1020,43,13,-55,35,3,-58,249,246,225,245
10856,10856000,108,51,-125,1020,43,13,-55,35,2,-57,249,246,225,245
10858,10858000,108,50,-125,1020,43,13,-55,38,1,-54,249,247,225,245
10860,10860000,108,50,-125,1020,43,13,-55,38,1,-62,249,247,225,245
10862,10862000,108,50,-125,1020,43,13,-55,34,2,-60,249,247,225,245
10864,10864000,108,49,-125,1020,43,13,-55,37,8,-55,249,247,225,245
10866,10866000,108,49,-125,1020,43,13,-55,34,5,-60,249,246,225,245
10868,10868000,108,48,-125,1020,43,12,-55,39,4,-57,248,246,225,244
10870,10870000,108,48,-125,1020,43,12,-55,34,4,-56,248,246,225,244
10872,10872000,108,48,-125,1020,43,12,-55,41,8,-61,248,245,225,244
10874,10874000,108,47,-125,1020,43,12,-55,36,4,-55,248,245,225,244
10876,10876000,108,47,-125,1020,43,12,-55,34,3,-56,248,245,225,243
10878,10878000,108,47,-125,1020,43,12,-55,38,5,-57,248,245,225,243
10880,10880000,108,46,-125,1020,43,12,-55,35,-3,-62,248,245,225,243
10882,10882000,108,46,-125,1020,43,11,-55,34,1,-57,248,245,225,243
10884,10884000,108,46,-125,1020,43,11,-55,35,2,-53,248,245,225,243
10886,10886000,107,45,-125,1020,43,11,-55,33,-1,-54,248,246,225,243
10888,10888000,107,45,-125,1020,43,11,-55,30,-4,-56,248,246,225,244
10890,10890000,107,44,-125,1020,43,11,-55,33,5,-62,248,246,225,244
10892,10892000,107,44,-125,1020,43,11,-55,33,2,-62,247,246,225,244
10894,10894000,107,44,-125,1020,43,11,-55,34,-7,-62,247,246,225,244
10896,10896000,107,43,-125,1020,43,11,-55,35,-4,-57,247,246,225,244
10898,10898000,107,43,-125,1020,43,10,-55,36,-3,-55,247,246,225,244
10900,10900000,107,43,-125,1020,43,10,-55,35,-1,-55,246,245,225,243
10902,10902000,107,42,-125,1020,43,10,-55,37,3,-62,247,245,225,243
10904,10904000,107,42,-125,1020,43,10,-55,38,-6,-60,247,245,225,243
10906,10906000,107,41,-125,1020,42,10,-55,33,2,-55,247,245,225,242
10908,10908000,107,41,-125,1020,42,10,-55,31,-3,-57,247,245,225,242
10910,10910000,107,41,-125,1020,42,10,-55,34,2,-55,247,245,225,242
10912,10912000,107,40,-125,1020,42,10,-55,34,1,-52,246,245,225,242
10914,10914000,107,40,-125,1020,42,9,-55,32,6,-53,246,245,225,242
10916,10916000,107,40,-125,1020,42,9,-55,40,4,-55,246,245,225,242
10918,10918000,107,39,-125,1020,42,9,-55,38,-1,-58,246,245,225,242
10920,10920000,107,39,-125,1020,42,9,-55,41,-4,-62,246,245,225,243
10922,10922000,107,39,-125,1020,42,9,-55,31,-5,-60,246,246,225,243
10924,10924000,107,38,-125,1020,42,9,-55,32,1,-58,246,246,225,243
10926,10926000,107,38,-125,1020,42,9,-55,33,5,-52,246,246,225,243
10928,10928000,107,37,-125,1020,42,9,-55,35,-0,-58,245,246,225,243
10930,10930000,106,37,-125,1020,42,9,-55,33,-2,-62,245,246,225,243
10932,10932000,106,37,-125,1020,42,8,-55,29,0,-55,245,246,225,242
10934,10934000,106,36,-125,1020,42,8,-55,37,3,-61,245,246,225,242
10936,10936000,106,36,-125,1020,42,8,-55,36,0,-56,245,246,225,242
10938,10938000,106,36,-125,1020,42,8,-55,35,-3,-61,245,245,225,242
10940,10940000,106,35,-125,1020,42,8,-55,36,-4,-54,245,245,225,241
10942,10942000,106,35,-125,1020,42,8,-55,32,-7,-55,245,245,225,241
10944,10944000,106,35,-125,1020,42,8,-55,35,0,-53,245,244,225,241
10946,10946000,106,34,-125,1020,42,8,-55,39,-3,-56,244,244,225,241
10948,10948000,106,34,-125,1020,42,7,-55,34,2,-53,244,244,225,241
10950,10950000,106,34,-125,1020,42,7,-55,34,1,-58,244,244,225,241
10952,10952000,106,33,-125,1020,42,7,-55,34,-7,-57,244,245,225,241
10954,10954000,106,33,-125,1020,42,7,-55,31,-5,-61,244,245,225,242
10956,10956000,106,32,-125,1020,42,7,-55,39,-2,-63,244,246,225,242
10958,10958000,106,32,-125,1020,42,7,-55,27,-4,-51,244,246,225,242
10960,10960000,106,32,-125,1020,42,7,-55,32,-4,-63,244,246,225,242
10962,10962000,106,31,-125,1020,42,7,-55,33,3,-57,244,246,225,242
10964,10964000,106,31,-125,1020,42,7,-55,30,-8,-56,244,246,225,241
10966,10966000,106,31,-125,1020,42,7,-55,37,-2,-57,244,245,225,241
10968,10968000,106,30,-125,1020,42,6,-55,34,-8,-54,244,245,225,241
10970,10970000,106,30,-125,1020,42,6,-55,38,1,-59,244,244,225,240
10972,10972000,106,30,-125,1020,42,6,-55,37,-1,-58,243,244,225,240
10974,10974000,106,29,-125,1020,42,6,-55,32,-0,-59,243,244,225,240
10976,10976000,106,29,-125,1020,42,6,-55,32,-7,-60,243,244,225,240
10978,10978000,106,29,-125,1020,42,6,-55,34,-2,-52,243,244,225,240
10980,10980000,106,28,-125,1020,42,6,-55,34,-4,-57,243,245,225,240
10982,10982000,106,28,-125,1020,41,6,-55,38,-7,-61,244,245,225,240
10984,10984000,105,28,-125,1020,41,6,-55,35,-3,-54,243,245,225,240
10986,10986000,105,27,-125,1020,41,6,-55,28,-3,-57,243,245,225,240
10988,10988000,105,27,-125,1020,41,5,-55,35,1,-59,243,245,225,240
10990,10990000,105,26,-125,1020,41,5,-55,34,-7,-56,243,245,225,240
10992,10992000,105,26,-125,1020,41,5,-55,42,-0,-56,243,245,225,241
10994,10994000,105,26,-125,1020,41,5,-55,34,-4,-58,243,245,225,241
10996,10996000,105,25,-125,1020,41,5,-55,39,-1,-60,243,245,225,241
10998,10998000,105,25,-125,1020,41,5,-55,26,-3,-58,243,245,225,241
11000,11000000,105,25,-125,1020,41,5,-55,39,-6,-57,242,245,225,240
11002,11002000,105,24,-125,1020,41,5,-55,34,-2,-60,242,244,225,240
11004,11004000,105,24,-125,1020,41,5,-55,31,0,-52,242,244,225,240
11006,11006000,105,24,-125,1020,41,5,-55,38,-2,-60,242,244,225,239
11008,11008000,105,23,-125,1020,41,5,-55,30,-11,-61,242,244,225,239
11010,11010000,105,23,-125,1020,41,4,-55,38,-9,-59,242,244,225,239
11012,11012000,105,23,-125,1020,41,4,-55,34,-2,-62,242,244,225,239
11014,11014000,105,22,-125,1020,41,4,-55,37,-7,-57,242,244,225,239
11016,11016000,105,22,-125,1020,41,4,-55,33,-4,-55,242,244,225,239
11018,11018000,105,22,-125,1020,41,4,-55,33,-8,-56,242,244,225,240
11020,11020000,105,21,-125,1020,41,4,-55,41,2,-56,242,245,225,240
11022,11022000,105,21,-125,1020,41,4,-55,34,-5,-61,242,245,225,240
11024,11024000,105,21,-125,1020,41,4,-55,27,-6,-55,241,245,225,240
11026,11026000,105,20,-125,1020,41,4,-55,36,-5,-56,241,245,225,240
11028,11028000,105,20,-125,1020,41,4,-55,32,-9,-58,241,244,225,240
11030,11030000,105,20,-125,1020,41,4,-55,34,-4,-59,241,244,225,239
11032,11032000,105,19,-125,1020,41,4,-55,34,-5,-57,241,244,225,239
11034,11034000,105,19,-125,1020,41,3,-55,34,-3,-56,241,244,225,239
11036,11036000,105,18,-125,1020,41,3,-55,40,-10,-61,242,244,225,239
11038,11038000,105,18,-125,1020,41,3,-55,36,2,-57,242,244,225,239
11040,11040000,105,18,-125,1020,41,3,-55,36,-2,-60,241,244,225,239
11042,11042000,105,17,-125,1020,41,3,-55,36,-3,-57,241,244,225,238
11044,11044000,105,17,-125,1020,41,3,-55,36,-9,-62,241,244,225,238
11046,11046000,105,17,-125,1020,41,3,-55,31,-2,-54,241,243,225,238
11048,11048000,105,16,-125,1020,41,3,-55,37,-4,-64,241,243,225,238
11050,11050000,105,16,-125,1020,41,3,-55,29,-10,-58,240,243,225,238
11052,11052000,105,16,-125,1020,41,3,-55,41,-6,-61,241,243,225,238
11054,11054000,105,15,-125,1020,41,3,-55,31,-8,-55,241,244,225,239
11056,11056000,105,15,-125,1020,41,3,-55,34,-11,-62,241,244,225,239
11058,11058000,105,15,-125,1020,41,3,-55,33,-3,-58,241,244,225,239
11060,11060000,105,14,-125,1020,41,3,-55,42,-2,-56,241,244,225,239
11062,11062000,105,14,-125,1020,41,2,-55,35,-2,-56,240,244,225,239
11064,11064000,105,14,-125,1020,41,2,-55,33,-8,-58,240,244,225,239
11066,11066000,105,13,-125,1020,41,2,-55,37,-7,-58,240,244,225,239
11068,11068000,105,13,-125,1020,41,2,-55,40,-8,-57,240,244,225,238
11070,11070000,105,13,-125,1020,41,2,-55,36,-5,-59,240,243,225,238
11072,11072000,105,12,-125,1020,41,2,-55,33,1,-53,240,243,225,237
11074,11074000,105,12,-125,1020,41,2,-55,35,-6,-56,240,243,225,237
11076,11076000,105,12,-125,1020,41,2,-55,32,-6,-57,240,242,225,237
11078,11078000,105,11,-125,1020,41,2,-55,36,-6,-61,239,242,225,237
11080,11080000,105,11,-125,1020,41,2,-55,39,-13,-59,239,243,225,237
11082,11082000,105,11,-125,1020,41,2,-55,38,-0,-55,240,243,225,238
11084,11084000,105,10,-125,1020,41,2,-55,31,-5,-56,240,244,225,238
11086,11086000,105,10,-125,1020,41,2,-55,30,-8,-50,240,244,225,238
11088,11088000,105,10,-125,1020,41,2,-55,31,-2,-54,240,244,225,238
11090,11090000,105,9,-125,1020,41,1,-55,37,-4,-55,240,244,225,238
11092,11092000,105,9,-125,1020,41,1,-55,35,-6,-57,240,244,225,238
11094,11094000,105,8,-125,1020,41,1,-55,36,-12,-56,239,244,225,238
11096,11096000,105,8,-125,1020,41,1,-55,37,-8,-55,239,243,225,238
11098,11098000,105,8,-125,1020,41,1,-55,33,-7,-54,239,243,225,237
11100,11100000,105,7,-125,1020,41,1,-55,33,-12,-60,239,243,225,237
11102,11102000,105,7,-125,1020,41,1,-55,31,-6,-56,239,243,225,237
11104,11104000,105,7,-125,1020,41,1,-55,39,-8,-57,239,243,225,237
11106,11106000,105,6,-125,1020,41,1,-55,40,-6,-52,239,243,225,237
11108,11108000,105,6,-125,1020,41,1,-55,31,-6,-51,239,243,225,237
11110,11110000,105,6,-125,1020,41,1,-55,35,-10,-54,239,243,225,237
11112,11112000,105,5,-125,1020,41,1,-55,33,-9,-54,239,243,225,237
11114,11114000,105,5,-125,1020,41,1,-55,29,-8,-51,239,243,225,237
11116,11116000,105,5,-125,1020,41,1,-55,32,-3,-56,239,243,225,237
11118,11118000,105,4,-125,1020,41,1,-55,35,-5,-53,239,243,225,237
11120,11120000,105,4,-125,1020,41,1,-55,36,-12,-60,239,243,225,237
11122,11122000,105,4,-125,1020,41,1,-55,40,-4,-58,238,243,225,237
11124,11124000,105,3,-125,1020,41,0,-55,32,-11,-50,238,243,225,237
11126,11126000,105,3,-125,1020,41,0,-55,40,-5,-58,238,243,225,237
11128,11128000,105,3,-125,1020,41,0,-55,29,-4,-55,238,243,225,237
11130,11130000,105,2,-125,1020,41,0,-55,33,-4,-51,238,243,225,237
11132,11132000,105,2,-125,1020,41,0,-55,35,-8,-60,238,243,225,237
11134,11134000,105,2,-125,1020,41,0,-55,37,-10,-61,238,242,225,236
11136,11136000,105,1,-125,1020,41,0,-55,37,-7,-54,238,242,225,236
11138,11138000,105,1,-125,1020,41,0,-55,34,-6,-56,238,242,225,236
11140,11140000,105,1,-125,1020,41,0,-55,34,-7,-57,238,242,225,236
11142,11142000,105,0,-125,1020,41,0,-55,33,-1,-52,238,242,225,236
11144,11144000,105,0,-125,1020,41,-0,-55,43,-6,-54,238,242,225,236
11146,11146000,105,0,-125,1020,41,-0,-55,39,-8,-58,238,242,225,236
11148,11148000,105,-1,-125,1020,41,-0,-55,34,-5,-51,238,242,225,236
11150,11150000,105,-1,-125,1020,41,-0,-55,28,-12,-58,238,242,225,236
11152,11152000,105,-1,-125,1020,41,-0,-55,38,-7,-60,237,242,225,236
11154,11154000,105,-2,-125,1020,41,-0,-55,33,-9,-54,237,242,225,236
11156,11156000,105,-2,-125,1020,41,-0,-55,37,-9,-59,237,242,225,236
11158,11158000,105,-2,-125,1020,41,-0,-55,38,-12,-56,238,242,225,236
11160,11160000,105,-3,-125,1020,41,-0,-55,35,-9,-63,238,243,225,236
11162,11162000,105,-3,-125,1020,41,-0,-55,35,-12,-55,238,243,225,236
11164,11164000,105,-4,-125,1020,41,-1,-55,40,-4,-52,238,243,225,236
11166,11166000,105,-4,-125,1020,41,-1,-55,40,-13,-59,238,243,225,236
11168,11168000,105,-4,-125,1020,41,-1,-55,36,-13,-58,238,242,225,236
11170,11170000,105,-5,-125,1020,41,-1,-55,36,-11,-63,237,242,225,236
11172,11172000,105,-5,-125,1020,41,-1,-55,29,-10,-58,237,242,225,236
11174,11174000,105,-5,-125,1020,41,-1,-55,33,-11,-60,237,242,225,235
11176,11176000,105,-6,-125,1020,41,-1,-55,35,-12,-60,237,242,225,235
11178,11178000,105,-6,-125,1020,41,-1,-55,36,-13,-59,237,241,225,235
11180,11180000,105,-6,-125,1020,41,-1,-55,34,-10,-58,237,241,225,235
11182,11182000,105,-7,-125,1020,41,-1,-55,33,-8,-58,237,242,225,235
11184,11184000,105,-7,-125,1020,41,-1,-55,31,-11,-57,237,242,225,235
11186,11186000,105,-7,-125,1020,41,-1,-55,37,-12,-58,237,242,225,236
11188,11188000,105,-8,-125,1020,41,-1,-55,41,-6,-55,237,243,225,236
11190,11190000,105,-8,-125,1020,41,-1,-55,36,-11,-66,237,243,225,236
11192,11192000,105,-8,-125,1020,41,-1,-55,33,-3,-53,237,243,225,236
11194,11194000,105,-9,-125,1020,41,-1,-55,43,-9,-59,237,243,225,236
11196,11196000,105,-9,-125,1020,41,-1,-55,40,-10,-59,237,243,225,236
11198,11198000,105,-9,-125,1020,41,-2,-55,32,-8,-56,237,242,225,235
11200,11200000,105,-10,-125,1020,41,-2,-55,30,-10,-54,237,242,225,235
11202,11202000,105,-10,-125,1020,41,-2,-55,32,-5,-53,237,241,225,235
11204,11204000,105,-10,-125,1020,41,-2,-55,35,-8,-54,237,241,225,235
11206,11206000,105,-11,-125,1020,41,-2,-55,32,-9,-53,237,241,225,234
11208,11208000,105,-11,-125,1020,41,-2,-55,37,-10,-56,237,241,225,235
11210,11210000,105,-11,-125,1020,41,-2,-55,30,-6,-51,237,242,225,235
11212,11212000,105,-11,-125,1020,41,-2,-55,39,-7,-51,237,242,225,235
11214,11214000,105,-12,-125,1020,41,-2,-55,41,-3,-57,237,242,225,235
11216,11216000,105,-12,-125,1020,41,-2,-55,30,-10,-56,237,242,225,235
11218,11218000,105,-12,-125,1020,41,-2,-55,40,-4,-64,237,242,225,235
11220,11220000,105,-13,-125,1020,41,-2,-55,33,-8,-54,237,242,225,235
11222,11222000,105,-13,-125,1020,41,-2,-55,38,-15,-61,237,242,225,235
11224,11224000,105,-13,-125,1020,41,-2,-55,31,-13,-61,237,242,225,235
11226,11226000,105,-14,-125,1020,41,-2,-55,32,-12,-61,236,242,225,235
11228,11228000,105,-14,-125,1020,41,-2,-55,37,-10,-52,236,242,225,235
11230,11230000,105,-14,-125,1020,41,-2,-55,34,-6,-53,236,242,225,235
11232,11232000,105,-15,-125,1020,41,-3,-55,40,-10,-51,236,242,225,235
11234,11234000,105,-15,-125,1020,41,-3,-55,38,-7,-57,236,242,225,235
11236,11236000,105,-15,-125,1020,41,-3,-55,37,-12,-60,237,242,225,234
11238,11238000,105,-15,-125,1020,41,-3,-55,36,-12,-49,237,242,225,234
11240,11240000,105,-16,-125,1020,41,-3,-55,39,-4,-58,237,241,225,234
11242,11242000,105,-16,-125,1020,41,-3,-55,35,-12,-56,237,241,225,234
11244,11244000,105,-16,-125,1020,41,-3,-55,39,-7,-53,236,241,225,234
11246,11246000,105,-17,-125,1020,41,-3,-55,41,-7,-60,236,241,225,234
11248,11248000,105,-17,-125,1020,41,-3,-55,36,-12,-55,236,241,225,234
11250,11250000,105,-17,-125,1020,41,-3,-55,35,-10,-54,236,242,225,234
11252,11252000,105,-17,-125,1020,41,-3,-55,32,-13,-52,236,242,225,234
11254,11254000,105,-18,-125,1020,41,-3,-55,33,-11,-56,236,242,225,235
11256,11256000,105,-18,-125,1020,41,-3,-55,30,-11,-60,236,242,225,235
11258,11258000,105,-18,-125,1020,41,-3,-55,41,-15,-59,236,242,225,235
11260,11260000,105,-19,-125,1020,41,-3,-55,36,-13,-55,236,242,225,234
11262,11262000,105,-19,-125,1020,41,-3,-55,32,-11,-52,236,242,225,234
11264,11264000,105,-19,-125,1020,41,-4,-55,43,-7,-59,236,241,225,234
11266,11266000,105,-19,-125,1020,41,-4,-55,32,-9,-53,236,241,225,234
11268,11268000,105,-20,-125,1020,41,-4,-55,46,-12,-55,236,241,225,234
11270,11270000,105,-20,-125,1020,41,-4,-55,30,-15,-60,236,241,225,233
11272,11272000,105,-20,-125,1020,41,-4,-55,39,-10,-52,236,241,225,234
11274,11274000,105,-20,-125,1020,41,-4,-55,41,-6,-58,236,241,225,234
11276,11276000,105,-21,-125,1020,41,-4,-55,35,-9,-60,236,241,225,234
11278,11278000,105,-21,-125,1020,41,-4,-55,42,-10,-59,236,241,225,234
11280,11280000,105,-21,-125,1020,41,-4,-55,44,-9,-57,235,241,225,234
11282,11282000,105,-22,-125,1020,41,-4,-55,40,-9,-54,235,241,225,234
11284,11284000,105,-22,-125,1020,41,-4,-55,37,-10,-56,235,241,225,233
11286,11286000,105,-22,-125,1020,41,-4,-55,42,-7,-49,235,241,225,233
11288,11288000,105,-22,-125,1020,41,-4,-55,41,-11,-57,235,241,225,234
11290,11290000,105,-23,-125,1020,41,-4,-55,37,-11,-59,236,241,225,234
11292,11292000,105,-23,-125,1020,41,-4,-55,38,-12,-60,236,242,225,234
11294,11294000,105,-23,-125,1020,41,-5,-55,40,-6,-56,236,242,225,234
11296,11296000,105,-23,-125,1020,41,-5,-55,36,-18,-60,236,242,225,234
11298,11298000,105,-24,-125,1020,41,-5,-55,36,-6,-53,235,241,225,234
11300,11300000,105,-24,-125,1020,41,-5,-55,41,-6,-49,235,241,225,234
11302,11302000,105,-24,-125,1020,41,-5,-55,39,-11,-54,235,240,225,233
11304,11304000,105,-24,-125,1020,41,-5,-55,38,-15,-59,235,240,225,233
11306,11306000,105,-25,-125,1020,41,-5,-55,35,-15,-56,235,240,225,233
11308,11308000,105,-25,-125,1020,41,-5,-55,39,-12,-53,235,240,225,233
11310,11310000,105,-25,-125,1020,41,-5,-55,35,-11,-52,235,240,225,233
11312,11312000,105,-25,-125,1020,41,-5,-55,39,-12,-58,235,240,225,233
11314,11314000,105,-25,-125,1020,41,-5,-55,38,-16,-57,235,241,225,233
11316,11316000,105,-26,-125,1020,41,-5,-55,32,-14,-53,235,241,225,233
11318,11318000,105,-26,-125,1020,41,-5,-55,43,-10,-59,235,241,225,233
11320,11320000,105,-26,-125,1020,41,-5,-55,36,-15,-57,235,241,225,233
11322,11322000,105,-26,-125,1020,41,-5,-55,40,-6,-55,235,241,225,233
11324,11324000,106,-27,-125,1020,41,-5,-55,36,-12,-61,235,241,225,233
11326,11326000,106,-27,-125,1020,42,-6,-55,33,-15,-53,235,241,225,233
11328,11328000,106,-27,-125,1020,42,-6,-55,37,-11,-53,235,240,225,233
11330,11330000,106,-27,-125,1020,42,-6,-55,39,-10,-54,234,240,225,233
11332,11332000,106,-28,-125,1020,42,-6,-55,38,-8,-49,234,240,225,233
11334,11334000,106,-28,-125,1020,42,-6,-55,39,-13,-57,234,240,225,233
11336,11336000,106,-28,-125,1020,42,-6,-55,36,-10,-55,234,240,225,233
11338,11338000,106,-28,-125,1020,42,-6,-55,38,-9,-51,235,240,225,233
11340,11340000,106,-28,-125,1020,42,-6,-55,39,-11,-61,235,240,225,233
11342,11342000,106,-29,-125,1020,42,-6,-55,35,-12,-52,235,240,225,233
11344,11344000,106,-29,-125,1020,42,-6,-55,40,-10,-65,235,240,225,233
11346,11346000,106,-29,-125,1020,42,-6,-55,38,-14,-50,235,240,225,232
11348,11348000,106,-29,-125,1020,42,-6,-55,36,-15,-63,235,240,225,232
11350,11350000,106,-30,-125,1020,42,-6,-55,36,-12,-53,235,240,225,232
11352,11352000,106,-30,-125,1020,42,-6,-55,37,-8,-60,234,240,225,232
11354,11354000,106,-30,-125,1020,42,-6,-55,37,-13,-59,234,240,225,232
11356,11356000,106,-30,-125,1020,42,-6,-55,43,-8,-55,234,240,225,233
11358,11358000,106,-30,-125,1020,42,-6,-55,41,-8,-55,234,240,225,233
11360,11360000,106,-31,-125,1020,42,-7,-55,39,-7,-56,234,240,225,233
11362,11362000,106,-31,-125,1020,42,-7,-55,41,-11,-54,234,240,225,233
11364,11364000,106,-31,-125,1020,42,-7,-55,38,-10,-54,234,240,225,233
11366,11366000,106,-31,-125,1020,42,-7,-55,38,-12,-57,234,240,225,232
11368,11368000,106,-32,-125,1020,42,-7,-55,41,-18,-62,235,240,225,232
11370,11370000,106,-32,-125,1020,42,-7,-55,37,-12,-58,234,240,225,232
11372,11372000,106,-32,-125,1020,42,-7,-55,38,-10,-52,234,240,225,232
11374,11374000,106,-32,-125,1020,42,-7,-55,43,-7,-58,234,239,225,232
11376,11376000,106,-32,-125,1020,42,-7,-55,41,-13,-65,234,239,225,232
11378,11378000,106,-33,-125,1020,42,-7,-55,39,-19,-54,234,239,225,232
11380,11380000,106,-33,-125,1020,42,-7,-55,39,-21,-59,234,239,225,232
11382,11382000,106,-33,-125,1020,42,-7,-55,40,-15,-55,234,240,225,232
11384,11384000,106,-33,-125,1020,42,-7,-55,35,-14,-51,234,240,225,232
11386,11386000,106,-33,-125,1020,42,-7,-55,37,-10,-53,234,240,225,232
11388,11388000,106,-34,-125,1020,42,-7,-55,44,-12,-55,234,240,225,232
11390,11390000,106,-34,-125,1020,42,-7,-55,37,-13,-58,234,239,225,232
11392,11392000,106,-34,-125,1020,42,-8,-55,36,-13,-58,234,239,225,232
11394,11394000,106,-34,-125,1020,42,-8,-55,42,-7,-58,234,239,225,232
11396,11396000,106,-34,-125,1020,42,-8,-55,36,-12,-48,234,240,225,232
11398,11398000,106,-35,-125,1020,42,-8,-55,36,-11,-57,234,240,225,232
11400,11400000,106,-35,-125,1020,42,-8,-55,40,-10,-58,234,240,225,232
11402,11402000,106,-35,-125,1020,42,-8,-55,37,-15,-56,234,240,225,232
11404,11404000,106,-35,-125,1020,42,-8,-55,39,-7,-52,233,239,225,232
11406,11406000,106,-35,-125,1020,42,-8,-55,40,-10,-52,233,239,225,232
11408,11408000,106,-35,-125,1020,42,-8,-55,35,-13,-54,233,239,225,232
11410,11410000,106,-36,-125,1020,42,-8,-55,38,-16,-53,233,239,225,231
11412,11412000,106,-36,-125,1020,42,-8,-55,34,-13,-53,233,239,225,231
11414,11414000,106,-36,-125,1020,42,-8,-55,38,-11,-57,233,239,225,231
11416,11416000,106,-36,-125,1020,42,-8,-55,38,-16,-63,233,239,225,231
11418,11418000,106,-36,-125,1020,42,-8,-55,38,-16,-57,233,239,225,231
11420,11420000,106,-37,-125,1020,42,-8,-55,35,-20,-51,234,239,225,232
11422,11422000,106,-37,-125,1020,42,-8,-55,39,-15,-55,234,240,225,232
11424,11424000,106,-37,-125,1020,42,-8,-55,42,-10,-54,234,240,225,232
11426,11426000,107,-37,-125,1020,42,-9,-55,37,-11,-54,233,240,225,232
11428,11428000,107,-37,-125,1020,42,-9,-55,43,-13,-56,233,239,225,232
11430,11430000,107,-37,-125,1020,42,-9,-55,42,-16,-59,233,239,225,232
11432,11432000,107,-38,-125,1020,42,-9,-55,40,-21,-60,233,238,225,231
11434,11434000,107,-38,-125,1020,42,-9,-55,40,-13,-60,232,238,225,231
11436,11436000,107,-38,-125,1020,42,-9,-55,38,-12,-52,233,238,225,231
11438,11438000,107,-38,-125,1020,42,-9,-55,43,-12,-58,233,238,225,231
11440,11440000,107,-38,-125,1020,42,-9,-55,37,-18,-53,233,239,225,231
11442,11442000,107,-38,-125,1020,42,-9,-55,45,-17,-64,233,239,225,231
11444,11444000,107,-39,-125,1020,42,-9,-55,38,-15,-60,233,239,225,231
11446,11446000,107,-39,-125,1020,42,-9,-55,37,-7,-55,233,239,225,232
11448,11448000,107,-39,-125,1020,42,-9,-55,39,-20,-61,233,239,225,231
11450,11450000,107,-39,-125,1020,42,-9,-55,42,-9,-51,233,239,225,231
11452,11452000,107,-39,-125,1020,42,-9,-55,42,-18,-59,233,239,225,231
11454,11454000,107,-40,-125,1020,42,-9,-55,32,-16,-57,233,238,225,231
11456,11456000,107,-40,-125,1020,42,-9,-55,38,-10,-52,233,238,225,231
11458,11458000,107,-40,-125,1020,42,-9,-55,46,-14,-57,233,238,225,231
11460,11460000,107,-40,-125,1020,42,-9,-55,41,-15,-58,232,238,225,231
11462,11462000,107,-40,-125,1020,42,-9,-55,38,-19,-56,232,238,225,231
11464,11464000,107,-40,-125,1020,42,-10,-55,39,-13,-59,232,238,225,231
11466,11466000,107,-40,-125,1020,42,-10,-55,43,-14,-49,232,239,225,231
11468,11468000,107,-41,-125,1020,42,-10,-55,43,-18,-57,233,239,225,232
11470,11470000,107,-41,-125,1020,42,-10,-55,42,-6,-55,233,239,225,231
11472,11472000,107,-41,-125,1020,42,-10,-55,36,-11,-51,233,239,225,231
11474,11474000,107,-41,-125,1020,42,-10,-55,39,-17,-54,233,239,225,231
11476,11476000,107,-41,-125,1020,42,-10,-55,38,-15,-62,233,238,225,231
11478,11478000,107,-41,-125,1020,42,-10,-55,43,-10,-57,232,238,225,231
11480,11480000,107,-42,-125,1020,43,-10,-55,38,-20,-57,232,238,225,231
11482,11482000,107,-42,-125,1020,43,-10,-55,47,-16,-60,232,238,225,231
11484,11484000,107,-42,-125,1020,43,-10,-55,37,-16,-59,232,238,225,231
11486,11486000,107,-42,-125,1020,43,-10,-55,41,-18,-58,232,238,225,231
11488,11488000,107,-42,-125,1020,43,-10,-55,33,-17,-58,232,238,225,231
11490,11490000,107,-42,-125,1020,43,-10,-55,44,-9,-55,232,238,225,231
11492,11492000,107,-42,-125,1020,43,-10,-55,34,-16,-62,232,238,225,231
11494,11494000,107,-43,-125,1020,43,-10,-55,43,-7,-57,232,238,225,231
11496,11496000,107,-43,-125,1020,43,-10,-55,40,-17,-51,232,238,225,231
11498,11498000,107,-43,-125,1020,43,-10,-55,36,-16,-52,232,238,225,231
11500,11500000,107,-43,-125,1020,43,-11,-55,36,-24,-59,232,238,225,231
11502,11502000,107,-43,-125,1020,43,-11,-55,40,-16,-54,232,238,225,231
11504,11504000,107,-43,-125,1020,43,-11,-55,38,-18,-54,232,238,225,231
11506,11506000,107,-44,-125,1020,43,-11,-55,40,-13,-54,232,238,225,231
11508,11508000,107,-44,-125,1020,43,-11,-55,44,-14,-51,232,238,225,231
11510,11510000,107,-44,-125,1020,43,-11,-55,44,-16,-52,232,238,225,231
11512,11512000,107,-44,-125,1020,43,-11,-55,41,-12,-56,232,238,225,231
11514,11514000,108,-44,-125,1020,43,-11,-55,37,-22,-56,232,238,225,231
11516,11516000,108,-44,-125,1020,43,-11,-55,41,-16,-54,232,238,225,230
11518,11518000,108,-44,-125,1020,43,-11,-55,39,-16,-56,232,237,225,230
11520,11520000,108,-45,-125,1020,43,-11,-55,43,-18,-56,232,237,225,230
11522,11522000,108,-45,-125,1020,43,-11,-55,43,-15,-52,232,237,225,230
11524,11524000,108,-45,-125,1020,43,-11,-55,37,-16,-55,232,237,225,230
11526,11526000,108,-45,-125,1020,43,-11,-55,44,-16,-63,232,238,225,231
11528,11528000,108,-45,-125,1020,43,-11,-55,39,-16,-52,232,238,225,231
11530,11530000,108,-45,-125,1020,43,-11,-55,42,-16,-55,232,238,225,231
11532,11532000,108,-45,-125,1020,43,-11,-55,42,-12,-57,232,238,225,231
11534,11534000,108,-46,-125,1020,43,-11,-55,39,-18,-59,232,238,225,231
11536,11536000,108,-46,-125,1020,43,-11,-55,38,-21,-57,231,237,225,231
11538,11538000,108,-46,-125,1020,43,-11,-55,40,-16,-55,231,237,225,230
11540,11540000,108,-46,-125,1020,43,-11,-55,41,-15,-51,231,237,225,230
11542,11542000,108,-46,-125,1020,43,-12,-55,47,-15,-53,231,237,225,230
11544,11544000,108,-46,-125,1020,43,-12,-55,44,-20,-57,231,237,225,230
11546,11546000,108,-46,-125,1020,43,-12,-55,46,-23,-58,232,237,225,230
11548,11548000,108,-46,-125,1020,43,-12,-55,43,-23,-55,232,238,225,230
11550,11550000,108,-47,-125,1020,43,-12,-55,39,-19,-60,232,238,225,230
11552,11552000,108,-47,-125,1020,43,-12,-55,42,-18,-55,232,238,225,230
11554,11554000,108,-47,-125,1020,43,-12,-55,39,-19,-52,231,237,225,230
11556,11556000,108,-47,-125,1020,43,-12,-55,48,-21,-62,231,237,225,230
11558,11558000,108,-47,-125,1020,43,-12,-55,42,-19,-59,231,237,225,230
11560,11560000,108,-47,-125,1020,43,-12,-55,32,-18,-52,231,237,225,230
11562,11562000,108,-47,-125,1020,43,-12,-55,38,-13,-53,231,237,225,230
11564,11564000,108,-47,-125,1020,43,-12,-55,42,-17,-58,231,237,225,230
11566,11566000,108,-48,-125,1020,43,-12,-55,38,-23,-60,231,237,225,230
11568,11568000,108,-48,-125,1020,43,-12,-55,41,-16,-52,231,237,225,230
11570,11570000,108,-48,-125,1020,43,-12,-55,32,-14,-57,231,237,225,230
11572,11572000,108,-48,-125,1020,43,-12,-55,46,-19,-56,231,238,225,231
11574,11574000,108,-48,-125,1020,43,-12,-55,44,-11,-57,232,238,225,231
11576,11576000,108,-48,-125,1020,43,-12,-55,42,-14,-54,232,238,225,230
11578,11578000,108,-48,-125,1020,43,-12,-55,44,-13,-52,231,237,225,230
11580,11580000,108,-48,-125,1020,43,-12,-55,36,-15,-53,231,237,225,230
11582,11582000,108,-49,-125,1020,43,-12,-55,41,-15,-55,231,236,225,230
11584,11584000,108,-49,-125,1020,43,-12,-55,42,-20,-57,231,236,225,230
11586,11586000,108,-49,-125,1020,43,-13,-55,42,-25,-57,231,236,225,230
11588,11588000,108,-49,-125,1020,43,-13,-55,37,-23,-51,231,236,225,230
11590,11590000,108,-49,-125,1020,43,-13,-55,44,-13,-52,231,236,225,230
11592,11592000,108,-49,-125,1020,43,-13,-55,38,-22,-55,231,237,225,230
11594,11594000,108,-49,-125,1020,43,-13,-55,43,-14,-59,231,237,225,230
11596,11596000,108,-49,-125,1020,43,-13,-55,41,-18,-56,231,237,225,231
11598,11598000,109,-49,-125,1020,43,-13,-55,40,-19,-58,231,237,225,230
11600,11600000,109,-50,-125,1020,43,-13,-55,46,-14,-50,231,237,225,230
11602,11602000,109,-50,-125,1020,43,-13,-55,46,-16,-54,231,237,225,230
11604,11604000,109,-50,-125,1020,44,-13,-55,45,-17,-51,231,237,225,230
11606,11606000,109,-50,-125,1020,44,-13,-55,41,-17,-51,231,237,225,230
11608,11608000,109,-50,-125,1020,44,-13,-55,41,-24,-55,231,236,225,230
11610,11610000,109,-50,-125,1020,44,-13,-55,37,-13,-51,231,236,225,230
11612,11612000,109,-50,-125,1020,44,-13,-55,40,-14,-54,230,236,225,230
11614,11614000,109,-50,-125,1020,44,-13,-55,43,-14,-60,230,236,225,230
11616,11616000,109,-50,-125,1020,44,-13,-55,45,-13,-52,230,236,225,230
11618,11618000,109,-51,-125,1020,44,-13,-55,41,-19,-61,230,236,225,230
11620,11620000,109,-51,-125,1020,44,-13,-55,46,-15,-53,231,236,225,230
11622,11622000,109,-51,-125,1020,44,-13,-55,47,-16,-55,231,236,225,230
11624,11624000,109,-51,-125,1020,44,-13,-55,44,-16,-57,231,236,225,230
11626,11626000,109,-51,-125,1020,44,-13,-55,46,-15,-59,231,236,225,230
11628,11628000,109,-51,-125,1020,44,-13,-55,42,-19,-58,231,236,225,230
11630,11630000,109,-51,-125,1020,44,-13,-55,42,-22,-51,231,236,225,230
11632,11632000,109,-51,-125,1020,44,-14,-55,42,-16,-51,230,236,225,230
11634,11634000,109,-51,-125,1020,44,-14,-55,42,-25,-56,230,236,225,230
11636,11636000,109,-51,-125,1020,44,-14,-55,42,-19,-53,230,237,225,230
11638,11638000,109,-52,-125,1020,44,-14,-55,49,-18,-57,230,236,225,230
11640,11640000,109,-52,-125,1020,44,-14,-55,35,-22,-55,230,236,225,230
11642,11642000,109,-52,-125,1020,44,-14,-55,43,-13,-53,230,236,225,230
11644,11644000,109,-52,-125,1020,44,-14,-55,41,-19,-60,230,236,225,230
11646,11646000,109,-52,-125,1020,44,-14,-55,44,-15,-58,230,236,225,229
11648,11648000,109,-52,-125,1020,44,-14,-55,45,-14,-54,231,236,225,229
11650,11650000,109,-52,-125,1020,44,-14,-55,45,-15,-53,231,236,225,229
11652,11652000,109,-52,-125,1020,44,-14,-55,37,-15,-52,231,236,225,229
11654,11654000,109,-52,-125,1020,44,-14,-55,38,-23,-52,230,236,225,229
11656,11656000,109,-53,-125,1020,44,-14,-55,48,-17,-58,230,236,225,230
11658,11658000,109,-53,-125,1020,44,-14,-55,40,-17,-53,230,236,225,230
11660,11660000,109,-53,-125,1020,44,-14,-55,45,-18,-57,230,236,225,230
11662,11662000,109,-53,-125,1020,44,-14,-55,43,-20,-60,230,236,225,230
11664,11664000,109,-53,-125,1020,44,-14,-55,43,-17,-51,230,236,225,230
11666,11666000,109,-53,-125,1020,44,-14,-55,41,-22,-55,230,236,225,230
11668,11668000,109,-53,-125,1020,44,-14,-55,46,-17,-50,230,236,225,230
11670,11670000,109,-53,-125,1020,44,-14,-55,45,-20,-56,230,236,225,230
11672,11672000,109,-53,-125,1020,44,-14,-55,42,-20,-51,230,236,225,230
11674,11674000,109,-53,-125,1020,44,-14,-55,43,-23,-59,230,236,225,230
11676,11676000,109,-53,-125,1020,44,-14,-55,40,-20,-54,230,236,225,230
11678,11678000,109,-54,-125,1020,44,-14,-55,41,-23,-54,230,236,225,230
11680,11680000,110,-54,-125,1020,44,-14,-55,38,-21,-57,230,236,225,230
11682,11682000,110,-54,-125,1020,44,-14,-55,41,-19,-55,230,236,225,229
11684,11684000,110,-54,-125,1020,44,-14,-55,47,-14,-52,230,235,225,229
11686,11686000,110,-54,-125,1020,44,-15,-55,42,-21,-60,230,235,225,229
11688,11688000,110,-54,-125,1020,44,-15,-55,40,-20,-54,229,234,225,229
11690,11690000,110,-54,-125,1020,44,-15,-55,39,-17,-51,229,234,225,229
11692,11692000,110,-54,-125,1020,44,-15,-55,46,-15,-53,229,235,225,229
11694,11694000,110,-54,-125,1020,44,-15,-55,38,-20,-59,230,235,225,229
11696,11696000,110,-54,-125,1020,44,-15,-55,46,-24,-60,230,236,225,230
11698,11698000,110,-54,-125,1020,44,-15,-55,41,-19,-57,230,236,225,230
11700,11700000,110,-55,-125,1020,44,-15,-55,46,-22,-53,230,237,225,230
11702,11702000,110,-55,-125,1020,44,-15,-55,47,-16,-56,230,236,225,230
11704,11704000,110,-55,-125,1020,44,-15,-55,45,-18,-48,230,236,225,230
11706,11706000,110,-55,-125,1020,44,-15,-55,41,-24,-54,230,236,225,230
11708,11708000,110,-55,-125,1020,44,-15,-55,46,-18,-59,230,235,225,229
11710,11710000,110,-55,-125,1020,44,-15,-55,44,-19,-53,230,235,225,229
11712,11712000,110,-55,-125,1020,44,-15,-55,41,-22,-59,230,235,225,229
11714,11714000,110,-55,-125,1020,44,-15,-55,42,-17,-49,229,234,225,229
11716,11716000,110,-55,-125,1020,44,-15,-55,50,-24,-57,229,234,225,229
11718,11718000,110,-55,-125,1020,44,-15,-55,41,-24,-56,229,235,225,229
11720,11720000,110,-55,-125,1020,44,-15,-55,42,-14,-54,229,235,225,229
11722,11722000,110,-55,-125,1020,44,-15,-55,41,-23,-57,229,235,225,229
11724,11724000,110,-55,-125,1020,44,-15,-55,50,-22,-60,230,235,225,229
11726,11726000,110,-56,-125,1020,44,-15,-55,42,-20,-58,230,236,225,230
11728,11728000,110,-56,-125,1020,44,-15,-55,43,-17,-62,230,236,225,229
11730,11730000,110,-56,-125,1020,44,-15,-55,46,-20,-58,230,235,225,229
11732,11732000,110,-56,-125,1020,45,-15,-55,46,-17,-49,230,235,225,229
11734,11734000,110,-56,-125,1020,45,-15,-55,38,-23,-56,229,235,225,229
11736,11736000,110,-56,-125,1020,45,-15,-55,46,-22,-58,229,235,225,230
11738,11738000,110,-56,-125,1020,45,-15,-55,40,-20,-50,229,235,225,230
11740,11740000,110,-56,-125,1020,45,-15,-55,43,-19,-61,229,235,225,230
11742,11742000,110,-56,-125,1020,45,-15,-55,42,-21,-51,229,235,225,230
11744,11744000,110,-56,-125,1020,45,-15,-55,44,-19,-58,229,235,225,229
11746,11746000,110,-56,-125,1020,45,-16,-55,46,-22,-58,229,235,225,229
11748,11748000,110,-56,-125,1020,45,-16,-55,45,-15,-52,229,234,225,229
11750,11750000,110,-56,-125,1020,45,-16,-55,40,-23,-56,229,234,225,229
11752,11752000,110,-57,-125,1020,45,-16,-55,38,-22,-56,230,235,225,228
11754,11754000,110,-57,-125,1020,45,-16,-55,40,-20,-48,230,235,225,228
11756,11756000,110,-57,-125,1020,45,-16,-55,44,-11,-55,230,235,225,229
11758,11758000,110,-57,-125,1020,45,-16,-55,47,-20,-57,229,235,225,229
11760,11760000,110,-57,-125,1020,45,-16,-55,45,-20,-52,229,235,225,229
11762,11762000,110,-57,-125,1020,45,-16,-55,40,-19,-52,229,235,225,230
11764,11764000,110,-57,-125,1020,45,-16,-55,42,-18,-58,229,235,225,230
11766,11766000,111,-57,-125,1020,45,-16,-55,47,-17,-57,229,235,225,230
11768,11768000,111,-57,-125,1020,45,-16,-55,40,-23,-53,229,235,225,230
11770,11770000,111,-57,-125,1020,45,-16,-55,44,-21,-58,229,235,225,230
11772,11772000,111,-57,-125,1020,45,-16,-55,46,-15,-59,229,235,225,229
11774,11774000,111,-57,-125,1020,45,-16,-55,44,-14,-54,229,235,225,229
11776,11776000,111,-57,-125,1020,45,-16,-55,45,-20,-51,229,234,225,229
11778,11778000,111,-58,-125,1020,45,-16,-55,37,-24,-53,229,234,225,229
11780,11780000,111,-58,-125,1020,45,-16,-55,43,-23,-62,229,234,225,229
11782,11782000,111,-58,-125,1020,45,-16,-55,47,-19,-54,229,234,225,229
11784,11784000,111,-58,-125,1020,45,-16,-55,48,-16,-56,229,234,225,229
11786,11786000,111,-58,-125,1020,45,-16,-55,41,-23,-57,229,235,225,229
11788,11788000,111,-58,-125,1020,45,-16,-55,45,-22,-55,229,234,225,229
11790,11790000,111,-58,-125,1020,45,-16,-55,45,-19,-51,229,234,225,229
11792,11792000,111,-58,-125,1020,45,-16,-55,47,-23,-53,229,234,225,229
11794,11794000,111,-58,-125,1020,45,-16,-55,40,-23,-58,228,234,225,229
11796,11796000,111,-58,-125,1020,45,-16,-55,44,-21,-54,229,234,225,229
11798,11798000,111,-58,-125,1020,45,-16,-55,44,-23,-53,229,235,225,229
11800,11800000,111,-58,-125,1020,45,-16,-55,43,-22,-59,229,235,225,229
11802,11802000,111,-58,-125,1020,45,-16,-55,47,-25,-60,229,235,225,230
11804,11804000,111,-58,-125,1020,45,-16,-55,47,-25,-60,229,235,225,230
11806,11806000,111,-58,-125,1020,45,-16,-55,50,-18,-58,229,235,225,230
11808,11808000,111,-59,-125,1020,45,-16,-55,43,-21,-58,229,235,225,229
11810,11810000,111,-59,-125,1020,45,-16,-55,45,-17,-53,229,235,225,229
11812,11812000,111,-59,-125,1020,45,-16,-55,44,-26,-58,229,234,225,229
11814,11814000,111,-59,-125,1020,45,-17,-55,43,-19,-55,228,234,225,228
11816,11816000,111,-59,-125,1020,45,-17,-55,46,-24,-57,228,233,225,228
11818,11818000,111,-59,-125,1020,45,-17,-55,42,-25,-53,228,233,225,228
11820,11820000,111,-59,-125,1020,45,-17,-55,46,-20,-53,228,233,225,228
11822,11822000,111,-59,-125,1020,45,-17,-55,41,-24,-61,228,233,225,229
11824,11824000,111,-59,-125,1020,45,-17,-55,47,-16,-55,229,234,225,229
11826,11826000,111,-59,-125,1020,45,-17,-55,47,-17,-52,229,235,225,229
11828,11828000,111,-59,-125,1020,45,-17,-55,47,-17,-51,229,235,225,230
11830,11830000,111,-59,-125,1020,45,-17,-55,44,-24,-57,229,235,225,230
11832,11832000,111,-59,-125,1020,45,-17,-55,48,-24,-61,229,235,225,230
11834,11834000,111,-59,-125,1020,45,-17,-55,46,-16,-53,228,235,225,230
11836,11836000,111,-59,-125,1020,45,-17,-55,36,-22,-56,228,234,225,229
11838,11838000,111,-59,-125,1020,45,-17,-55,50,-23,-53,228,234,225,229
11840,11840000,111,-60,-125,1020,45,-17,-55,46,-21,-61,228,234,225,229
11842,11842000,111,-60,-125,1020,45,-17,-55,44,-21,-50,228,234,225,229
11844,11844000,111,-60,-125,1020,45,-17,-55,42,-25,-59,228,234,225,229
11846,11846000,111,-60,-125,1020,45,-17,-55,48,-16,-55,228,234,225,229
11848,11848000,111,-60,-125,1020,45,-17,-55,44,-18,-50,228,234,225,229
11850,11850000,111,-60,-125,1020,45,-17,-55,44,-28,-59,228,234,225,229
11852,11852000,111,-60,-125,1020,45,-17,-55,47,-19,-58,228,234,225,229
11854,11854000,111,-60,-125,1020,45,-17,-55,45,-17,-51,228,234,225,229
11856,11856000,111,-60,-125,1020,45,-17,-55,41,-22,-54,228,234,225,228
11858,11858000,111,-60,-125,1020,45,-17,-55,45,-28,-58,228,234,225,229
11860,11860000,111,-60,-125,1020,45,-17,-55,43,-27,-56,228,234,225,229
11862,11862000,112,-60,-125,1020,45,-17,-55,50,-28,-62,228,234,225,229
11864,11864000,112,-60,-125,1020,45,-17,-55,50,-20,-56,228,234,225,229
11866,11866000,112,-60,-125,1020,46,-17,-55,45,-27,-54,228,234,225,230
11868,11868000,112,-60,-125,1020,46,-17,-55,45,-20,-55,228,234,225,230
11870,11870000,112,-60,-125,1020,46,-17,-55,49,-22,-55,228,234,225,230
11872,11872000,112,-60,-125,1020,46,-17,-55,38,-22,-50,228,234,225,230
11874,11874000,112,-60,-125,1020,46,-17,-55,46,-23,-62,228,234,225,229
11876,11876000,112,-61,-125,1020,46,-17,-55,51,-16,-57,228,234,225,229
11878,11878000,112,-61,-125,1020,46,-17,-55,46,-22,-54,228,233,225,228
11880,11880000,112,-61,-125,1020,46,-17,-55,43,-22,-52,228,233,225,228
11882,11882000,112,-61,-125,1020,46,-17,-55,42,-20,-58,228,233,225,228
11884,11884000,112,-61,-125,1020,46,-17,-55,46,-20,-54,228,233,225,228
11886,11886000,112,-61,-125,1020,46,-17,-55,46,-24,-60,228,233,225,228
11888,11888000,112,-61,-125,1020,46,-17,-55,47,-21,-56,228,234,225,228
11890,11890000,112,-61,-125,1020,46,-17,-55,47,-18,-48,228,234,225,229
11892,11892000,112,-61,-125,1020,46,-17,-55,52,-18,-59,228,234,225,229
11894,11894000,112,-61,-125,1020,46,-17,-55,38,-25,-56,227,234,225,229
11896,11896000,112,-61,-125,1020,46,-17,-55,43,-22,-54,227,234,225,229
11898,11898000,112,-61,-125,1020,46,-18,-55,48,-25,-58,228,234,225,229
11900,11900000,112,-61,-125,1020,46,-18,-55,50,-21,-54,228,234,225,229
11902,11902000,112,-61,-125,1020,46,-18,-55,49,-20,-51,228,234,225,229
11904,11904000,112,-61,-125,1020,46,-18,-55,48,-18,-57,228,234,225,229
11906,11906000,112,-61,-125,1020,46,-18,-55,51,-15,-55,228,234,225,229
11908,11908000,112,-61,-125,1020,46,-18,-55,44,-22,-53,228,234,225,229
11910,11910000,112,-61,-125,1020,46,-18,-55,45,-22,-61,228,233,225,229
11912,11912000,112,-61,-125,1020,46,-18,-55,48,-18,-52,228,233,225,229
11914,11914000,112,-62,-125,1020,46,-18,-55,43,-22,-53,228,233,225,228
11916,11916000,112,-62,-125,1020,46,-18,-55,49,-24,-58,228,233,225,228
11918,11918000,112,-62,-125,1020,46,-18,-55,42,-18,-52,228,233,225,228
11920,11920000,112,-62,-125,1020,46,-18,-55,44,-25,-54,228,233,225,228
11922,11922000,112,-62,-125,1020,46,-18,-55,49,-24,-56,227,233,225,228
11924,11924000,112,-62,-125,1020,46,-18,-55,44,-19,-54,227,233,225,228
11926,11926000,112,-62,-125,1020,46,-18,-55,46,-14,-54,227,233,225,228
11928,11928000,112,-62,-125,1020,46,-18,-55,40,-23,-51,227,234,225,229
11930,11930000,112,-62,-125,1020,46,-18,-55,49,-27,-63,228,234,225,229
11932,11932000,112,-62,-125,1020,46,-18,-55,49,-19,-57,228,235,225,230
11934,11934000,112,-62,-125,1020,46,-18,-55,42,-22,-57,228,235,225,230
11936,11936000,112,-62,-125,1020,46,-18,-55,43,-25,-61,228,235,225,230
11938,11938000,112,-62,-125,1020,46,-18,-55,44,-22,-62,228,234,225,229
11940,11940000,112,-62,-125,1020,46,-18,-55,45,-20,-53,227,234,225,229
11942,11942000,112,-62,-125,1020,46,-18,-55,49,-25,-59,227,233,225,228
11944,11944000,112,-62,-125,1020,46,-18,-55,43,-27,-56,227,232,225,228
11946,11946000,112,-62,-125,1020,46,-18,-55,47,-24,-52,227,232,225,228
11948,11948000,112,-62,-125,1020,46,-18,-55,43,-23,-56,227,232,225,228
11950,11950000,112,-62,-125,1020,46,-18,-55,48,-21,-58,227,233,225,228
11952,11952000,112,-62,-125,1020,46,-18,-55,45,-21,-48,227,233,225,228
11954,11954000,112,-62,-125,1020,46,-18,-55,44,-21,-51,227,233,225,228
11956,11956000,112,-63,-125,1020,46,-18,-55,40,-21,-54,227,234,225,229
11958,11958000,113,-63,-125,1020,46,-18,-55,48,-23,-53,227,234,225,229
11960,11960000,113,-63,-125,1020,46,-18,-55,47,-22,-58,227,234,225,229
11962,11962000,113,-63,-125,1020,46,-18,-55,50,-24,-54,227,234,225,229
11964,11964000,113,-63,-125,1020,46,-18,-55,47,-19,-52,227,234,225,229
11966,11966000,113,-63,-125,1020,46,-18,-55,45,-28,-55,227,234,225,229
11968,11968000,113,-63,-125,1020,46,-18,-55,46,-18,-53,227,233,225,229
11970,11970000,113,-63,-125,1020,46,-18,-55,43,-23,-54,227,233,225,229
11972,11972000,113,-63,-125,1020,46,-18,-55,45,-18,-52,227,234,225,229
11974,11974000,113,-63,-125,1020,46,-18,-55,46,-24,-54,227,234,225,229
11976,11976000,113,-63,-125,1020,46,-18,-55,43,-23,-53,227,234,225,229
11978,11978000,113,-63,-125,1020,46,-18,-55,48,-23,-57,227,234,225,229
11980,11980000,113,-63,-125,1020,46,-18,-55,42,-23,-57,227,233,225,228
11982,11982000,113,-63,-125,1020,46,-18,-55,47,-21,-56,227,233,225,228
11984,11984000,113,-63,-125,1020,46,-18,-55,44,-26,-59,227,233,225,228
11986,11986000,113,-63,-125,1020,46,-18,-55,48,-15,-56,227,233,225,228
11988,11988000,113,-63,-125,1020,46,-18,-55,47,-18,-49,227,233,225,228
11990,11990000,113,-63,-125,1020,46,-18,-55,42,-19,-49,227,233,225,228
11992,11992000,113,-63,-125,1020,46,-19,-55,44,-20,-51,227,234,225,229
11994,11994000,113,-63,-125,1020,46,-19,-55,41,-23,-50,227,234,225,229
11996,11996000,113,-63,-125,1020,46,-19,-55,40,-24,-58,227,235,225,230
11998,11998000,113,-63,-125,1020,47,-19,-55,52,-18,-54,227,235,225,230
12000,12000000,113,-64,-125,1020,47,-19,-55,44,-18,-52,227,234,225,230
12002,12002000,113,-64,-125,1020,47,-19,-55,45,-23,-59,227,234,225,229
12004,12004000,113,-64,-125,1020,47,-19,-55,47,-22,-54,227,234,225,229
12006,12006000,113,-64,-125,1020,47,-19,-55,51,-21,-59,227,234,225,229
12008,12008000,113,-64,-125,1020,47,-19,-55,45,-23,-53,228,234,225,228
12010,12010000,113,-64,-125,1020,47,-19,-55,42,-20,-48,228,233,225,228
12012,12012000,113,-64,-125,1020,47,-19,-55,48,-16,-55,227,233,225,228
12014,12014000,113,-64,-125,1020,47,-19,-55,48,-19,-51,227,233,225,228
12016,12016000,113,-64,-125,1020,47,-19,-55,38,-22,-53,227,233,225,228
12018,12018000,113,-64,-125,1020,47,-19,-55,49,-20,-57,227,233,225,228
12020,12020000,113,-64,-125,1020,47,-19,-55,42,-21,-54,227,234,225,229
12022,12022000,113,-64,-125,1020,47,-19,-55,46,-24,-54,227,234,225,229
12024,12024000,113,-64,-125,1020,47,-19,-55,41,-22,-55,227,234,225,229
12026,12026000,113,-64,-125,1020,47,-19,-55,40,-19,-50,227,234,225,229
12028,12028000,113,-64,-125,1020,47,-19,-55,42,-22,-53,227,234,225,229
12030,12030000,113,-64,-125,1020,47,-19,-55,43,-20,-47,227,235,225,229
12032,12032000,113,-64,-125,1020,47,-19,-55,46,-19,-54,227,235,225,229
12034,12034000,113,-64,-125,1020,47,-19,-55,46,-19,-56,227,235,225,229
12036,12036000,114,-64,-125,1020,47,-19,-55,48,-19,-58,227,235,225,229
12038,12038000,114,-65,-125,1020,47,-19,-55,47,-22,-58,227,235,225,229
12040,12040000,114,-65,-125,1020,47,-19,-55,46,-22,-57,227,235,225,229
12042,12042000,114,-65,-125,1020,47,-19,-55,47,-21,-57,227,234,225,229
12044,12044000,114,-65,-125,1020,47,-19,-55,44,-20,-54,227,234,225,228
12046,12046000,114,-65,-125,1020,47,-19,-55,44,-20,-55,227,234,225,228
12048,12048000,114,-65,-125,1020,47,-19,-55,39,-23,-51,227,233,225,228
12050,12050000,114,-65,-125,1020,47,-19,-55,46,-27,-53,227,233,225,228
12052,12052000,114,-65,-125,1020,47,-19,-55,48,-22,-56,227,234,225,228
12054,12054000,114,-65,-125,1020,47,-19,-55,43,-17,-52,227,234,225,228
12056,12056000,114,-65,-125,1020,47,-19,-55,45,-21,-48,227,234,225,228
12058,12058000,114,-65,-125,1020,47,-19,-55,47,-28,-52,227,235,225,229
12060,12060000,114,-65,-125,1020,47,-19,-55,43,-23,-57,227,235,225,229
12062,12062000,114,-65,-125,1020,47,-19,-55,44,-21,-52,227,236,225,230
12064,12064000,114,-65,-125,1020,47,-19,-55,42,-23,-53,227,236,225,230
12066,12066000,114,-65,-125,1020,47,-19,-55,39,-24,-51,228,236,225,230
12068,12068000,114,-65,-125,1020,47,-19,-55,54,-15,-55,228,235,225,229
12070,12070000,114,-65,-125,1020,47,-19,-55,48,-15,-54,227,235,225,229
12072,12072000,114,-65,-125,1020,47,-19,-55,49,-19,-49,227,234,225,229
12074,12074000,114,-65,-125,1020,47,-19,-55,47,-27,-61,227,234,225,228
12076,12076000,114,-65,-125,1020,47,-19,-55,48,-18,-52,227,234,225,228
12078,12078000,114,-65,-125,1020,47,-19,-55,44,-26,-49,227,234,225,228
12080,12080000,114,-65,-125,1020,47,-19,-55,45,-25,-51,227,234,225,228
12082,12082000,114,-66,-125,1020,47,-19,-55,41,-21,-53,228,235,225,228
12084,12084000,114,-66,-125,1020,47,-20,-55,47,-21,-55,228,235,225,228
12086,12086000,114,-66,-125,1020,47,-20,-55,46,-26,-57,228,235,225,228
12088,12088000,114,-66,-125,1020,47,-20,-55,46,-27,-64,227,235,225,229
12090,12090000,114,-66,-125,1020,47,-20,-55,49,-18,-53,227,235,225,229
12092,12092000,114,-66,-125,1020,47,-20,-55,45,-19,-51,227,235,225,229
12094,12094000,114,-66,-125,1020,47,-20,-55,44,-25,-51,227,235,225,229
12096,12096000,114,-66,-125,1020,47,-20,-55,42,-24,-57,227,235,225,229
12098,12098000,114,-66,-125,1020,47,-20,-55,47,-23,-57,227,236,225,229
12100,12100000,114,-66,-125,1020,47,-20,-55,47,-29,-60,227,236,225,229
12102,12102000,114,-66,-125,1020,47,-20,-55,51,-22,-59,227,236,225,229
12104,12104000,114,-66,-125,1020,47,-20,-55,48,-19,-61,227,236,225,229
12106,12106000,114,-66,-125,1020,47,-20,-55,51,-20,-59,227,236,225,229
12108,12108000,114,-66,-125,1020,47,-20,-55,52,-16,-55,227,235,225,229
12110,12110000,114,-66,-125,1020,47,-20,-55,52,-15,-58,227,235,225,228
12112,12112000,114,-66,-125,1020,47,-20,-55,46,-23,-58,227,234,225,228
12114,12114000,114,-66,-125,1020,47,-20,-55,48,-18,-61,227,234,225,228
12116,12116000,114,-66,-125,1020,47,-20,-55,47,-21,-52,227,234,225,228
12118,12118000,114,-66,-125,1020,47,-20,-55,49,-16,-50,227,234,225,228
12120,12120000,114,-66,-125,1020,47,-20,-55,40,-18,-55,227,235,225,228
12122,12122000,114,-66,-125,1020,47,-20,-55,44,-25,-56,227,235,225,229
12124,12124000,114,-66,-125,1020,47,-20,-55,43,-26,-56,227,236,225,229
12126,12126000,114,-66,-125,1020,47,-20,-55,42,-22,-59,227,236,225,229
12128,12128000,114,-67,-125,1020,47,-20,-55,48,-18,-60,227,236,225,229
12130,12130000,115,-67,-125,1020,48,-20,-55,51,-22,-54,227,236,225,229
12132,12132000,115,-67,-125,1020,48,-20,-55,49,-18,-53,227,236,225,229
12134,12134000,115,-67,-125,1020,48,-20,-55,49,-26,-53,227,236,225,229
12136,12136000,115,-67,-125,1020,48,-20,-55,38,-22,-54,227,236,225,229
12138,12138000,115,-67,-125,1020,48,-20,-55,44,-26,-52,227,236,225,228
12140,12140000,115,-67,-125,1020,48,-20,-55,45,-16,-58,228,236,225,228
12142,12142000,115,-67,-125,1020,48,-20,-55,52,-19,-56,228,236,225,228
12144,12144000,115,-67,-125,1020,48,-20,-55,47,-23,-59,227,235,225,228
12146,12146000,115,-67,-125,1020,48,-20,-55,47,-22,-48,227,235,225,228
12148,12148000,115,-67,-125,1020,48,-20,-55,49,-19,-58,227,235,225,228
12150,12150000,115,-67,-125,1020,48,-20,-55,45,-17,-49,227,235,225,228
12152,12152000,115,-67,-125,1020,48,-20,-55,42,-24,-56,227,235,225,228
12154,12154000,115,-67,-125,1020,48,-20,-55,46,-21,-56,227,235,225,228
12156,12156000,115,-67,-125,1020,48,-20,-55,44,-27,-54,228,236,225,228
12158,12158000,115,-67,-125,1020,48,-20,-55,44,-25,-53,228,236,225,228
12160,12160000,115,-67,-125,1020,48,-20,-55,53,-18,-51,227,236,225,229
12162,12162000,115,-67,-125,1020,48,-20,-55,44,-23,-54,227,236,225,229
12164,12164000,115,-67,-125,1020,48,-20,-55,44,-26,-51,227,237,225,229
12166,12166000,115,-67,-125,1020,48,-20,-55,43,-28,-56,227,237,225,229
12168,12168000,115,-67,-125,1020,48,-20,-55,49,-19,-52,227,237,225,229
12170,12170000,115,-67,-125,1020,48,-20,-55,45,-23,-50,227,237,225,229
12172,12172000,115,-67,-125,1020,48,-20,-55,43,-18,-50,227,236,225,229
12174,12174000,115,-67,-125,1020,48,-20,-55,44,-19,-56,227,236,225,228
12176,12176000,115,-67,-125,1020,48,-20,-55,40,-23,-56,227,235,225,228
12178,12178000,115,-68,-125,1020,48,-20,-55,41,-24,-54,227,235,225,228
12180,12180000,115,-68,-125,1020,48,-20,-55,46,-29,-58,227,235,225,227
12182,12182000,115,-68,-125,1020,48,-20,-55,51,-24,-53,227,235,225,228
12184,12184000,115,-68,-125,1020,48,-20,-55,54,-20,-56,227,235,225,228
12186,12186000,115,-68,-125,1020,48,-20,-55,51,-23,-58,227,236,225,228
12188,12188000,115,-68,-125,1020,48,-20,-55,46,-18,-55,227,236,225,229
12190,12190000,115,-68,-125,1020,48,-20,-55,48,-23,-52,227,237,225,229
12192,12192000,115,-68,-125,1020,48,-21,-55,46,-25,-59,227,237,225,229
12194,12194000,115,-68,-125,1020,48,-21,-55,48,-21,-55,227,237,225,229
12196,12196000,115,-68,-125,1020,48,-21,-55,50,-20,-61,227,237,225,229
12198,12198000,115,-68,-125,1020,48,-21,-55,48,-20,-56,227,237,225,229
12200,12200000,115,-68,-125,1020,48,-21,-55,43,-22,-55,227,237,225,229
12202,12202000,115,-68,-125,1020,48,-21,-55,47,-20,-49,227,236,225,228
12204,12204000,115,-68,-125,1020,48,-21,-55,43,-22,-56,227,236,225,228
12206,12206000,115,-68,-125,1020,48,-21,-55,48,-24,-59,227,236,225,228
12208,12208000,115,-68,-125,1020,48,-21,-55,51,-24,-61,227,236,225,228
12210,12210000,115,-68,-125,1020,48,-21,-55,49,-21,-51,227,236,225,228
12212,12212000,115,-68,-125,1020,48,-21,-55,51,-18,-52,227,236,225,228
12214,12214000,115,-68,-125,1020,48,-21,-55,44,-19,-47,227,236,225,228
12216,12216000,115,-68,-125,1020,48,-21,-55,45,-17,-52,227,236,225,228
12218,12218000,115,-68,-125,1020,48,-21,-55,50,-20,-50,227,236,225,228
12220,12220000,115,-68,-125,1020,48,-21,-55,48,-23,-55,227,236,225,228
12222,12222000,115,-68,-125,1020,48,-21,-55,52,-16,-60,227,236,225,228
12224,12224000,115,-68,-125,1020,48,-21,-55,43,-25,-61,227,236,225,228
12226,12226000,115,-68,-125,1020,48,-21,-55,47,-25,-57,227,237,225,229
12228,12228000,115,-68,-125,1020,48,-21,-55,48,-19,-55,227,237,225,229
12230,12230000,115,-68,-125,1020,48,-21,-55,48,-25,-57,227,238,225,229
12232,12232000,116,-69,-125,1020,48,-21,-55,51,-21,-56,227,238,225,229
12234,12234000,116,-69,-125,1020,48,-21,-55,47,-26,-55,227,238,225,229
12236,12236000,116,-69,-125,1020,48,-21,-55,44,-25,-59,227,237,225,229
12238,12238000,116,-69,-125,1020,48,-21,-55,45,-18,-55,227,237,225,228
12240,12240000,116,-69,-125,1020,48,-21,-55,46,-29,-56,227,236,225,228
12242,12242000,116,-69,-125,1020,48,-21,-55,45,-23,-49,227,236,225,227
12244,12244000,116,-69,-125,1020,48,-21,-55,48,-23,-54,227,236,225,227
12246,12246000,116,-69,-125,1020,48,-21,-55,40,-22,-52,227,236,225,227
12248,12248000,116,-69,-125,1020,48,-21,-55,42,-24,-57,227,236,225,227
12250,12250000,116,-69,-125,1020,48,-21,-55,49,-27,-57,227,237,225,228
12252,12252000,116,-69,-125,1020,48,-21,-55,51,-22,-57,227,237,225,228
12254,12254000,116,-69,-125,1020,48,-21,-55,55,-26,-53,227,237,225,228
12256,12256000,116,-69,-125,1020,48,-21,-55,47,-17,-56,227,237,225,228
12258,12258000,116,-69,-125,1020,48,-21,-55,44,-30,-56,227,237,225,228
12260,12260000,116,-69,-125,1020,48,-21,-55,53,-28,-58,227,237,225,228
12262,12262000,116,-69,-125,1020,48,-21,-55,49,-25,-58,227,237,225,228
12264,12264000,116,-69,-125,1020,48,-21,-55,48,-19,-55,227,237,225,228
12266,12266000,116,-69,-125,1020,48,-21,-55,50,-28,-51,227,237,225,228
12268,12268000,116,-69,-125,1020,48,-21,-55,45,-23,-54,227,237,225,228
12270,12270000,116,-69,-125,1020,48,-21,-55,46,-19,-54,227,237,225,228
12272,12272000,116,-69,-125,1020,48,-21,-55,47,-20,-51,227,237,225,228
12274,12274000,116,-69,-125,1020,48,-21,-55,49,-20,-51,227,237,225,228
12276,12276000,116,-69,-125,1020,48,-21,-55,45,-28,-56,227,237,225,228
12278,12278000,116,-69,-125,1020,48,-21,-55,46,-19,-55,227,237,225,227
12280,12280000,116,-69,-125,1020,48,-21,-55,46,-22,-53,227,236,225,227
12282,12282000,116,-69,-125,1020,48,-21,-55,51,-24,-56,227,236,225,227
12284,12284000,116,-69,-125,1020,48,-21,-55,47,-18,-52,227,236,225,227
12286,12286000,116,-69,-125,1020,48,-21,-55,45,-27,-54,227,236,225,227
12288,12288000,116,-69,-125,1020,48,-21,-55,48,-21,-59,227,237,225,227
12290,12290000,116,-69,-125,1020,48,-21,-55,50,-20,-53,227,237,225,228
12292,12292000,116,-69,-125,1020,48,-21,-55,44,-25,-54,227,238,225,228
12294,12294000,116,-69,-125,1020,48,-21,-55,45,-17,-54,227,238,225,228
12296,12296000,116,-69,-125,1020,49,-21,-55,54,-22,-57,226,238,225,228
12298,12298000,116,-70,-125,1020,49,-21,-55,51,-28,-54,226,237,225,228
12300,12300000,116,-70,-125,1020,49,-21,-55,49,-25,-55,227,237,225,228
12302,12302000,116,-70,-125,1020,49,-21,-55,48,-19,-54,227,237,225,227
12304,12304000,116,-70,-125,1020,49,-21,-55,43,-22,-50,227,237,225,227
12306,12306000,116,-70,-125,1020,49,-21,-55,49,-27,-62,227,237,225,227
12308,12308000,116,-70,-125,1020,49,-21,-55,49,-28,-58,227,237,225,226
12310,12310000,116,-70,-125,1020,49,-21,-55,46,-25,-57,227,236,225,226
12312,12312000,116,-70,-125,1020,49,-21,-55,46,-16,-55,226,236,225,227
12314,12314000,116,-70,-125,1020,48,-21,-55,51,-19,-53,226,236,225,227
12316,12316000,116,-70,-125,1020,48,-21,-55,53,-20,-60,226,236,225,227
12318,12318000,116,-70,-125,1020,49,-21,-55,43,-25,-52,227,237,225,227
12320,12320000,116,-70,-125,1020,49,-21,-55,53,-20,-61,227,237,225,227
12322,12322000,116,-70,-125,1020,49,-22,-55,44,-28,-55,227,237,225,227
12324,12324000,116,-70,-125,1020,49,-22,-55,48,-17,-59,227,237,225,227
12326,12326000,116,-70,-125,1020,49,-22,-55,43,-26,-58,227,237,225,227
12328,12328000,116,-70,-125,1020,49,-22,-55,47,-22,-48,227,237,225,227
12330,12330000,116,-70,-125,1020,49,-22,-55,56,-18,-56,227,237,225,227
12332,12332000,116,-70,-125,1020,49,-22,-55,51,-30,-52,227,237,225,227
12334,12334000,116,-70,-125,1020,49,-22,-55,43,-22,-50,227,237,225,227
12336,12336000,116,-70,-125,1020,49,-22,-55,54,-26,-61,227,237,225,227
12338,12338000,116,-70,-125,1020,49,-22,-55,47,-24,-56,226,237,225,227
12340,12340000,116,-70,-125,1020,49,-22,-55,46,-19,-51,226,237,225,227
12342,12342000,116,-70,-125,1020,49,-22,-55,45,-14,-55,226,237,225,226
12344,12344000,116,-70,-125,1020,49,-22,-55,51,-21,-55,226,236,225,226
12346,12346000,116,-70,-125,1020,49,-22,-55,49,-22,-52,226,236,225,226
12348,12348000,116,-70,-125,1020,49,-22,-55,48,-20,-59,226,236,225,226
12350,12350000,116,-70,-125,1020,49,-22,-55,45,-22,-54,226,236,225,226
12352,12352000,116,-70,-125,1020,49,-22,-55,48,-29,-60,226,236,225,226
12354,12354000,116,-70,-125,1020,49,-22,-55,48,-28,-58,226,237,225,226
12356,12356000,116,-70,-125,1020,49,-22,-55,50,-24,-58,226,237,225,226
12358,12358000,116,-70,-125,1020,49,-22,-55,50,-28,-54,226,237,225,227
12360,12360000,116,-70,-125,1020,49,-22,-55,50,-27,-57,226,238,225,227
12362,12362000,116,-70,-125,1020,49,-22,-55,43,-25,-50,226,238,225,227
12364,12364000,116,-70,-125,1020,49,-22,-55,50,-19,-53,226,237,225,226
12366,12366000,116,-70,-125,1020,49,-22,-55,49,-20,-51,226,237,225,226
12368,12368000,116,-70,-125,1020,49,-22,-55,43,-26,-57,226,236,225,226
12370,12370000,116,-70,-125,1020,49,-22,-55,49,-18,-55,225,236,225,225
12372,12372000,116,-70,-125,1020,49,-22,-55,43,-25,-57,225,236,225,225
12374,12374000,116,-70,-125,1020,49,-22,-55,49,-14,-53,225,236,225,225
12376,12376000,116,-70,-125,1020,49,-22,-55,49,-17,-55,226,236,225,225
12378,12378000,116,-71,-125,1020,49,-22,-55,51,-18,-55,226,237,225,225
12380,12380000,116,-71,-125,1020,49,-22,-55,48,-25,-60,226,237,225,225
12382,12382000,116,-71,-125,1020,49,-22,-55,49,-26,-61,226,237,225,225
12384,12384000,116,-71,-125,1020,49,-22,-55,44,-26,-58,225,237,225,225
12386,12386000,116,-71,-125,1020,49,-22,-55,48,-24,-58,225,236,225,225
12388,12388000,116,-71,-125,1020,49,-22,-55,48,-26,-56,225,236,225,225
12390,12390000,116,-71,-125,1020,49,-22,-55,47,-18,-50,225,236,225,225
12392,12392000,116,-71,-125,1020,49,-22,-55,51,-28,-59,225,236,225,225
12394,12394000,116,-71,-125,1020,49,-22,-55,50,-20,-54,225,237,225,225
12396,12396000,116,-71,-125,1020,49,-22,-55,49,-18,-56,225,237,225,225
12398,12398000,116,-71,-125,1020,49,-22,-55,44,-28,-56,225,237,225,225
12400,12400000,116,-71,-125,1020,49,-22,-55,51,-21,-60,225,237,225,225
12402,12402000,116,-71,-125,1020,49,-22,-55,52,-24,-55,225,237,225,225
12404,12404000,116,-71,-125,1020,49,-22,-55,46,-26,-54,225,237,225,225
12406,12406000,116,-71,-125,1020,49,-22,-55,50,-26,-58,225,237,225,225
12408,12408000,116,-71,-125,1020,49,-22,-55,49,-22,-59,225,237,225,225
12410,12410000,116,-71,-125,1020,49,-22,-55,52,-20,-51,226,237,225,225
12412,12412000,116,-71,-125,1020,49,-22,-55,44,-26,-60,226,237,226,225
12414,12414000,116,-71,-125,1020,49,-22,-55,51,-25,-57,226,237,226,225
12416,12416000,116,-71,-125,1020,49,-22,-55,48,-22,-58,225,237,226,225
12418,12418000,116,-71,-125,1020,49,-22,-55,45,-24,-57,225,237,225,225
12420,12420000,116,-71,-125,1020,49,-22,-55,55,-21,-55,225,237,225,225
12422,12422000,116,-71,-125,1020,49,-22,-55,50,-18,-49,225,238,225,225
12424,12424000,116,-71,-125,1020,49,-22,-55,41,-23,-57,225,238,225,225
12426,12426000,116,-71,-125,1020,49,-22,-55,51,-23,-61,225,238,225,225
12428,12428000,116,-71,-125,1020,49,-22,-55,51,-25,-58,225,238,225,225
12430,12430000,117,-71,-125,1020,49,-22,-55,57,-26,-54,225,238,225,225
12432,12432000,117,-71,-125,1020,49,-22,-55,50,-23,-57,225,238,226,225
12434,12434000,117,-71,-125,1020,49,-22,-55,47,-17,-48,225,238,226,225
12436,12436000,117,-71,-125,1020,49,-22,-55,50,-24,-57,225,239,226,225
12438,12438000,117,-71,-125,1020,49,-22,-55,47,-20,-54,225,239,226,225
12440,12440000,117,-71,-125,1020,49,-22,-55,55,-24,-60,225,239,226,225
12442,12442000,117,-71,-125,1020,49,-22,-55,49,-25,-54,225,238,226,225
12444,12444000,117,-71,-125,1020,49,-22,-55,47,-20,-58,225,238,226,225
12446,12446000,117,-71,-125,1020,49,-22,-55,52,-18,-60,225,238,226,225
12448,12448000,117,-71,-125,1020,49,-22,-55,55,-22,-58,225,238,226,225
12450,12450000,117,-71,-125,1020,49,-22,-55,51,-29,-55,225,239,227,225
12452,12452000,117,-71,-125,1020,49,-22,-55,50,-23,-57,226,239,227,225
12454,12454000,117,-71,-125,1020,49,-22,-55,47,-27,-57,226,239,227,225
12456,12456000,117,-71,-125,1020,49,-22,-55,44,-24,-62,226,240,227,225
12458,12458000,117,-72,-125,1020,49,-22,-55,50,-23,-49,225,239,227,225
12460,12460000,117,-72,-125,1020,49,-22,-55,54,-23,-57,225,239,227,225
12462,12462000,117,-72,-125,1020,49,-22,-55,50,-20,-53,225,240,227,225
12464,12464000,117,-72,-125,1020,49,-22,-55,49,-23,-54,225,240,227,225
12466,12466000,117,-72,-125,1020,49,-22,-55,51,-22,-54,225,240,227,225
12468,12468000,117,-72,-125,1020,49,-22,-55,50,-18,-52,225,240,227,225
12470,12470000,117,-72,-125,1020,49,-22,-55,49,-23,-53,225,240,227,225
12472,12472000,117,-72,-125,1020,49,-22,-55,47,-23,-62,225,240,227,225
12474,12474000,117,-72,-125,1020,49,-22,-55,50,-19,-54,225,240,228,225
12476,12476000,117,-72,-125,1020,49,-22,-55,45,-25,-55,225,240,228,225
12478,12478000,117,-72,-125,1020,49,-22,-55,49,-27,-62,225,240,228,225
12480,12480000,117,-72,-125,1020,49,-22,-55,49,-21,-48,225,240,228,225
12482,12482000,117,-72,-125,1020,49,-22,-55,51,-23,-54,225,241,228,225
12484,12484000,117,-72,-125,1020,49,-22,-55,48,-24,-55,225,241,228,225
12486,12486000,117,-72,-125,1020,49,-22,-55,42,-21,-56,225,241,228,225
12488,12488000,117,-72,-125,1020,49,-22,-55,53,-20,-55,225,241,228,225
12490,12490000,117,-72,-125,1020,49,-22,-55,49,-22,-56,225,241,228,225
12492,12492000,117,-72,-125,1020,49,-22,-55,51,-24,-61,225,241,228,225
12494,12494000,117,-72,-125,1020,49,-22,-55,47,-29,-58,225,241,228,225
12496,12496000,117,-72,-125,1020,49,-22,-55,43,-24,-53,225,241,228,225
12498,12498000,117,-72,-125,1020,49,-22,-55,56,-25,-59,225,241,229,225
12500,12500000,117,-72,-125,1020,49,-22,-55,53,-19,-61,225,241,229,225
12502,12502000,117,-72,-125,1020,49,-22,-55,52,-19,-53,225,241,229,225
12504,12504000,117,-72,-125,1020,49,-23,-55,50,-23,-51,225,242,229,225
12506,12506000,117,-72,-125,1020,49,-23,-55,53,-22,-61,225,242,229,225
12508,12508000,117,-72,-125,1020,49,-23,-55,47,-25,-60,225,242,229,225
12510,12510000,117,-72,-125,1020,49,-23,-55,50,-21,-57,225,242,229,225
12512,12512000,117,-72,-125,1020,49,-23,-55,49,-21,-59,225,243,229,225
12514,12514000,117,-72,-125,1020,49,-23,-55,46,-22,-52,226,242,229,225
12516,12516000,117,-72,-125,1020,49,-23,-55,46,-24,-59,225,242,230,225
12518,12518000,117,-72,-125,1020,49,-23,-55,54,-26,-54,225,242,230,225
12520,12520000,117,-72,-125,1020,49,-23,-55,42,-26,-62,225,242,230,225
12522,12522000,117,-72,-125,1020,49,-23,-55,44,-20,-55,225,242,230,225
12524,12524000,117,-72,-125,1020,49,-23,-55,52,-17,-57,225,243,230,225
12526,12526000,117,-72,-125,1020,49,-23,-55,49,-23,-58,225,243,230,225
12528,12528000,117,-72,-125,1020,49,-23,-55,40,-27,-58,225,243,230,225
12530,12530000,117,-72,-125,1020,49,-23,-55,51,-25,-54,225,244,230,225
12532,12532000,117,-72,-125,1020,49,-23,-55,56,-20,-59,225,244,230,225
12534,12534000,117,-72,-125,1020,49,-23,-55,44,-27,-57,225,244,230,225
12536,12536000,117,-72,-125,1020,49,-23,-55,45,-20,-50,225,244,231,225
12538,12538000,117,-72,-125,1020,49,-23,-55,51,-26,-61,225,244,231,225
12540,12540000,117,-72,-125,1020,49,-23,-55,55,-22,-54,225,244,231,225
12542,12542000,117,-72,-125,1020,49,-23,-55,43,-17,-52,225,244,231,225
12544,12544000,117,-72,-125,1020,49,-23,-55,47,-23,-60,225,244,231,225
12546,12546000,117,-72,-125,1020,50,-23,-55,50,-24,-60,225,244,231,225
12548,12548000,117,-72,-125,1020,50,-23,-55,54,-20,-56,225,244,231,225
12550,12550000,117,-72,-125,1020,50,-23,-55,55,-20,-55,225,244,231,225
12552,12552000,117,-72,-125,1020,50,-23,-55,46,-20,-56,225,245,232,225
12554,12554000,117,-72,-125,1020,50,-23,-55,54,-20,-58,225,245,232,225
12556,12556000,117,-72,-125,1020,50,-23,-55,50,-20,-56,225,245,232,225
12558,12558000,117,-73,-125,1020,50,-23,-55,43,-25,-54,226,246,232,225
12560,12560000,117,-73,-125,1020,50,-23,-55,57,-24,-64,226,246,232,225
12562,12562000,118,-73,-125,1020,50,-23,-55,48,-27,-60,226,246,233,225
12564,12564000,118,-73,-125,1020,50,-23,-55,52,-23,-54,225,246,233,225
12566,12566000,118,-73,-125,1020,50,-23,-55,49,-28,-60,225,246,232,225
12568,12568000,118,-73,-125,1020,50,-23,-55,53,-25,-62,225,246,232,225
12570,12570000,118,-73,-125,1020,50,-23,-55,54,-25,-58,225,246,233,225
12572,12572000,118,-73,-125,1020,50,-23,-55,51,-19,-54,225,246,233,225
12574,12574000,118,-73,-125,1020,50,-23,-55,55,-27,-53,225,246,233,225
12576,12576000,118,-73,-125,1020,50,-23,-55,54,-18,-59,225,246,233,225
12578,12578000,118,-73,-125,1020,50,-23,-55,49,-22,-61,225,247,233,225
12580,12580000,118,-73,-125,1020,50,-23,-55,53,-19,-58,225,247,234,225
12582,12582000,118,-73,-125,1020,50,-23,-55,47,-21,-57,226,247,234,225
12584,12584000,118,-73,-125,1020,50,-23,-55,50,-25,-61,226,248,234,225
12586,12586000,118,-73,-125,1020,50,-23,-55,50,-23,-62,226,248,234,225
12588,12588000,118,-73,-125,1020,50,-23,-55,53,-28,-63,226,248,234,225
12590,12590000,118,-73,-125,1020,50,-23,-55,48,-21,-53,225,248,234,225
12592,12592000,118,-73,-125,1020,50,-23,-55,47,-19,-54,225,248,234,225
12594,12594000,118,-73,-125,1020,50,-23,-55,48,-26,-51,225,248,235,225
12596,12596000,118,-73,-125,1020,50,-23,-55,44,-23,-52,225,248,235,225
12598,12598000,118,-73,-125,1020,50,-23,-55,44,-26,-56,225,248,235,225
12600,12600000,118,-73,-125,1020,50,-23,-55,46,-22,-52,225,248,235,225
12602,12602000,118,-73,-125,1020,50,-23,-55,56,-26,-63,225,249,235,225
12604,12604000,118,-73,-125,1020,50,-23,-55,48,-21,-55,225,249,235,225
12606,12606000,118,-73,-125,1020,50,-23,-55,45,-26,-63,225,249,236,225
12608,12608000,118,-73,-125,1020,50,-23,-55,46,-27,-61,225,249,236,225
12610,12610000,118,-73,-125,1020,50,-23,-55,51,-26,-56,225,249,236,225
12612,12612000,118,-73,-125,1020,50,-23,-55,51,-19,-51,225,250,236,225
12614,12614000,118,-73,-125,1020,50,-23,-55,50,-19,-57,225,250,236,225
12616,12616000,118,-73,-125,1020,50,-23,-55,49,-24,-58,225,250,236,225
12618,12618000,118,-73,-125,1020,50,-23,-55,49,-26,-58,225,250,237,225
12620,12620000,118,-73,-125,1020,50,-23,-55,50,-28,-61,225,250,237,225
12622,12622000,118,-73,-125,1020,50,-23,-55,44,-23,-57,225,250,237,225
12624,12624000,118,-73,-125,1020,50,-23,-55,53,-23,-59,225,250,238,225
12626,12626000,118,-73,-125,1020,50,-23,-55,52,-25,-66,225,250,238,225
12628,12628000,118,-73,-125,1020,50,-23,-55,45,-20,-53,225,251,238,225
12630,12630000,118,-73,-125,1020,50,-23,-55,49,-22,-55,225,251,238,225
12632,12632000,118,-73,-125,1020,50,-23,-55,53,-27,-62,225,252,238,225
12634,12634000,118,-73,-125,1020,50,-23,-55,48,-25,-57,225,252,238,225
12636,12636000,118,-73,-125,1020,50,-23,-55,50,-20,-57,225,252,238,225
12638,12638000,118,-73,-125,1020,50,-23,-55,56,-22,-60,225,252,238,225
12640,12640000,118,-73,-125,1020,50,-23,-55,52,-30,-62,225,252,238,225
12642,12642000,118,-73,-125,1020,50,-23,-55,47,-27,-62,225,252,239,225
12644,12644000,118,-73,-125,1020,50,-23,-55,46,-22,-51,225,252,239,225
12646,12646000,118,-73,-125,1020,50,-23,-55,53,-22,-61,225,253,239,225
12648,12648000,118,-73,-125,1020,50,-23,-55,51,-28,-64,225,253,240,225
12650,12650000,118,-73,-125,1020,50,-23,-55,41,-24,-56,225,253,240,225
12652,12652000,118,-73,-125,1020,50,-23,-55,51,-21,-58,225,253,240,225
12654,12654000,118,-73,-125,1020,50,-23,-55,57,-27,-55,225,253,240,225
12656,12656000,118,-73,-125,1020,50,-23,-55,51,-22,-58,225,254,240,225
12658,12658000,118,-73,-125,1020,50,-23,-55,51,-20,-59,225,254,240,225
12660,12660000,118,-73,-125,1020,50,-23,-55,48,-19,-60,225,255,241,225
12662,12662000,119,-73,-125,1020,50,-23,-55,46,-22,-55,226,255,241,225
12664,12664000,119,-73,-125,1020,50,-23,-55,46,-27,-57,225,255,241,225
12666,12666000,119,-73,-125,1020,50,-23,-55,55,-18,-57,225,255,241,225
12668,12668000,119,-74,-125,1020,50,-23,-55,51,-30,-58,225,255,242,225
12670,12670000,119,-74,-125,1020,50,-23,-55,49,-25,-58,225,255,242,225
12672,12672000,119,-74,-125,1020,50,-23,-55,46,-28,-66,225,256,242,225
12674,12674000,119,-74,-125,1020,50,-23,-55,50,-30,-61,225,256,242,225
12676,12676000,119,-74,-125,1020,50,-23,-55,44,-30,-61,225,256,242,225
12678,12678000,119,-74,-125,1020,50,-23,-55,42,-25,-63,225,257,243,225
12680,12680000,119,-74,-125,1020,50,-23,-55,46,-23,-54,225,257,243,225
12682,12682000,119,-74,-125,1020,51,-23,-55,49,-25,-56,225,257,243,225
12684,12684000,119,-74,-125,1020,51,-23,-55,53,-19,-57,225,257,244,225
12686,12686000,119,-74,-125,1020,51,-23,-55,45,-26,-56,225,257,244,225
12688,12688000,119,-74,-125,1020,51,-23,-55,53,-24,-64,226,258,244,225
12690,12690000,119,-74,-125,1020,51,-23,-55,46,-28,-63,226,258,245,225
12692,12692000,119,-74,-125,1020,51,-23,-55,47,-22,-57,226,258,245,225
12694,12694000,119,-74,-125,1020,51,-23,-55,46,-22,-59,225,258,245,225
12696,12696000,119,-74,-125,1020,51,-23,-55,45,-25,-59,225,258,245,225
12698,12698000,119,-74,-125,1020,51,-23,-55,49,-21,-57,225,259,245,225
12700,12700000,119,-74,-125,1020,51,-23,-55,51,-27,-60,225,259,246,226
12702,12702000,119,-74,-125,1020,51,-23,-55,45,-26,-60,225,260,246,226
12704,12704000,119,-74,-125,1020,51,-23,-55,48,-29,-59,225,260,246,226
12706,12706000,119,-74,-125,1020,51,-23,-55,52,-23,-57,225,260,246,225
12708,12708000,119,-74,-125,1020,51,-23,-55,47,-24,-52,225,260,246,225
12710,12710000,119,-74,-125,1020,51,-23,-55,51,-18,-61,225,261,246,225
12712,12712000,119,-74,-125,1020,51,-23,-55,51,-26,-61,225,261,247,225
12714,12714000,119,-74,-125,1020,51,-23,-55,49,-25,-59,225,261,247,225
12716,12716000,119,-74,-125,1020,51,-23,-55,56,-18,-61,225,261,247,225
12718,12718000,119,-74,-125,1020,51,-23,-55,53,-27,-67,225,261,248,225
12720,12720000,119,-74,-125,1020,51,-23,-55,49,-30,-61,225,261,248,225
12722,12722000,119,-74,-125,1020,51,-23,-55,50,-23,-57,225,262,249,225
12724,12724000,119,-74,-125,1020,51,-23,-55,48,-25,-58,225,262,249,225
12726,12726000,119,-74,-125,1020,51,-23,-55,50,-23,-58,225,262,249,225
12728,12728000,119,-74,-125,1020,51,-23,-55,54,-25,-61,225,262,250,225
12730,12730000,119,-74,-125,1020,51,-23,-55,52,-24,-67,225,263,250,225
12732,12732000,119,-74,-125,1020,51,-23,-55,48,-30,-57,225,263,250,225
12734,12734000,119,-74,-125,1020,51,-23,-55,49,-22,-57,225,264,250,225
12736,12736000,119,-74,-125,1020,51,-23,-55,54,-24,-58,225,264,250,225
12738,12738000,119,-74,-125,1020,51,-23,-55,51,-27,-66,225,265,250,225
12740,12740000,120,-74,-125,1020,51,-23,-55,52,-27,-58,225,265,251,226
12742,12742000,120,-74,-125,1020,51,-24,-55,49,-21,-58,225,266,251,226
12744,12744000,120,-74,-125,1020,51,-24,-55,53,-21,-63,225,266,252,226
12746,12746000,120,-74,-125,1020,51,-24,-55,56,-30,-63,225,266,252,225
12748,12748000,120,-74,-125,1020,51,-24,-55,50,-26,-52,225,266,252,225
12750,12750000,120,-74,-125,1020,51,-24,-55,52,-25,-59,225,266,253,225
12752,12752000,120,-74,-125,1020,51,-24,-55,54,-23,-61,225,266,253,225
12754,12754000,120,-74,-125,1020,51,-24,-55,49,-26,-57,225,266,254,225
12756,12756000,120,-74,-125,1020,51,-24,-55,53,-22,-62,225,267,254,225
12758,12758000,120,-74,-125,1020,51,-24,-55,48,-21,-67,225,267,254,225
12760,12760000,120,-74,-125,1020,51,-24,-55,44,-29,-56,225,268,254,225
12762,12762000,120,-74,-125,1020,51,-24,-55,56,-21,-57,225,268,254,225
12764,12764000,120,-74,-125,1020,51,-24,-55,49,-26,-61,225,269,254,225
12766,12766000,120,-74,-125,1020,51,-24,-55,45,-21,-59,225,269,255,225
12768,12768000,120,-74,-125,1020,51,-24,-55,53,-22,-61,225,270,255,225
12770,12770000,120,-74,-125,1020,51,-24,-55,47,-25,-58,225,270,256,226
12772,12772000,120,-74,-125,1020,51,-24,-55,48,-19,-53,225,271,257,226
12774,12774000,120,-74,-125,1020,51,-24,-55,54,-24,-60,225,271,258,227
12776,12776000,120,-74,-125,1020,51,-24,-55,48,-28,-65,225,271,258,227
12778,12778000,120,-74,-125,1020,51,-24,-55,51,-20,-59,225,272,258,226
12780,12780000,120,-74,-125,1020,52,-24,-55,50,-22,-61,225,272,258,226
12782,12782000,120,-74,-125,1020,52,-24,-55,50,-29,-61,225,272,258,226
12784,12784000,120,-74,-125,1020,52,-24,-55,50,-19,-61,225,272,259,225
12786,12786000,120,-74,-125,1020,52,-24,-55,51,-26,-67,225,273,259,225
12788,12788000,120,-74,-125,1020,52,-24,-55,46,-21,-56,225,273,259,225
12790,12790000,120,-74,-125,1020,52,-24,-55,55,-22,-60,225,273,260,225
12792,12792000,120,-74,-125,1020,52,-24,-55,47,-25,-60,225,273,260,225
12794,12794000,120,-74,-125,1020,52,-24,-55,46,-21,-55,225,274,261,225
12796,12796000,120,-74,-125,1020,52,-24,-55,50,-25,-63,225,274,261,225
12798,12798000,120,-74,-125,1020,52,-24,-55,47,-25,-60,225,275,262,226
12800,12800000,120,-74,-125,1020,52,-24,-55,52,-18,-63,225,276,262,227
12802,12802000,121,-74,-125,1020,52,-24,-55,52,-31,-64,225,277,263,227
12804,12804000,121,-74,-125,1020,52,-24,-55,51,-25,-57,225,277,263,228
12806,12806000,121,-74,-125,1020,52,-24,-55,52,-17,-66,225,278,263,228
12808,12808000,121,-74,-125,1020,52,-24,-55,46,-25,-61,225,278,264,227
12810,12810000,121,-74,-125,1020,52,-24,-55,53,-20,-61,225,279,264,227
12812,12812000,121,-74,-125,1020,52,-24,-55,52,-23,-62,225,279,264,226
12814,12814000,121,-74,-125,1020,52,-24,-55,49,-25,-58,225,279,264,226
12816,12816000,121,-74,-125,1020,52,-24,-55,54,-26,-67,225,279,265,226
12818,12818000,121,-74,-125,1020,52,-24,-55,50,-26,-62,225,279,265,226
12820,12820000,121,-74,-125,1020,52,-24,-55,50,-17,-60,225,280,266,226
12822,12822000,121,-74,-125,1020,52,-24,-55,57,-24,-68,225,280,266,226
12824,12824000,121,-74,-125,1020,52,-24,-55,49,-25,-57,225,281,267,226
12826,12826000,121,-74,-125,1020,52,-24,-55,56,-24,-60,225,281,267,227
12828,12828000,121,-74,-125,1020,52,-24,-55,49,-26,-58,225,282,268,227
12830,12830000,121,-74,-125,1020,52,-24,-55,53,-26,-58,225,283,269,228
12832,12832000,121,-74,-125,1020,52,-24,-55,52,-29,-66,225,283,269,228
12834,12834000,121,-74,-125,1020,52,-24,-55,47,-27,-60,225,284,269,228
12836,12836000,121,-75,-125,1020,52,-24,-55,54,-25,-67,225,285,269,227
12838,12838000,122,-75,-125,1020,52,-24,-55,46,-27,-66,225,285,269,227
12840,12840000,122,-75,-125,1020,53,-24,-55,52,-22,-64,225,286,269,227
12842,12842000,122,-75,-125,1020,53,-24,-55,48,-25,-66,225,286,270,227
12844,12844000,122,-75,-125,1020,53,-24,-55,47,-27,-59,225,287,270,227
12846,12846000,122,-75,-125,1020,53,-24,-55,55,-24,-65,225,287,271,228
12848,12848000,122,-75,-125,1020,53,-24,-55,43,-31,-63,225,287,272,228
12850,12850000,122,-75,-125,1020,53,-24,-55,49,-18,-57,225,287,273,228
12852,12852000,122,-75,-125,1020,53,-24,-55,57,-28,-67,225,287,273,227
12854,12854000,122,-75,-125,1020,53,-24,-55,49,-19,-60,225,288,274,227
12856,12856000,122,-75,-125,1020,53,-24,-55,56,-24,-63,225,288,274,227
12858,12858000,122,-75,-125,1020,53,-24,-55,47,-27,-64,225,289,274,227
12860,12860000,122,-75,-125,1020,53,-24,-55,57,-17,-61,225,289,274,227
12862,12862000,122,-75,-125,1020,53,-24,-55,50,-21,-67,225,290,275,227
12864,12864000,122,-75,-125,1020,53,-24,-55,51,-23,-61,225,291,275,228
12866,12866000,122,-75,-125,1020,53,-24,-55,54,-22,-64,225,292,275,228
12868,12868000,122,-75,-125,1020,53,-24,-55,54,-27,-57,225,293,276,228
12870,12870000,123,-75,-125,1020,53,-24,-55,54,-25,-62,225,294,276,229
12872,12872000,123,-75,-125,1020,53,-24,-55,47,-25,-66,225,294,277,229
12874,12874000,123,-75,-125,1020,53,-24,-55,49,-24,-63,225,295,278,229
12876,12876000,123,-75,-125,1020,53,-24,-55,54,-26,-66,225,295,278,229
12878,12878000,123,-75,-125,1020,53,-24,-55,43,-28,-60,225,295,279,229
12880,12880000,123,-75,-125,1020,53,-24,-55,50,-21,-68,225,295,280,229
12882,12882000,123,-75,-125,1020,53,-24,-55,52,-30,-64,225,296,280,228
12884,12884000,123,-75,-125,1020,54,-24,-55,53,-27,-58,225,296,280,228
12886,12886000,123,-75,-125,1020,54,-24,-55,56,-25,-67,225,296,281,228
12888,12888000,123,-75,-125,1020,54,-24,-55,51,-26,-60,225,297,281,228
12890,12890000,123,-75,-125,1020,54,-24,-55,52,-24,-64,225,297,281,228
12892,12892000,123,-75,-125,1020,54,-24,-55,52,-27,-63,225,298,282,228
12894,12894000,123,-75,-125,1020,54,-24,-55,54,-24,-62,225,299,282,228
12896,12896000,123,-75,-125,1020,54,-24,-55,58,-31,-68,225,299,283,228
12898,12898000,123,-75,-125,1020,54,-24,-55,45,-29,-60,225,300,283,229
12900,12900000,123,-75,-125,1020,54,-24,-55,53,-21,-64,225,301,284,229
12902,12902000,123,-75,-125,1020,54,-24,-55,51,-30,-60,225,302,285,230
12904,12904000,124,-75,-125,1020,54,-24,-55,51,-23,-58,225,302,286,231
12906,12906000,124,-75,-125,1020,54,-24,-55,53,-28,-65,225,303,287,231
12908,12908000,124,-75,-125,1020,54,-24,-55,50,-22,-63,225,304,287,231
12910,12910000,124,-75,-125,1020,54,-24,-55,53,-26,-67,225,304,287,230
12912,12912000,124,-75,-125,1020,54,-24,-55,43,-28,-65,225,304,287,229
12914,12914000,124,-75,-125,1020,54,-24,-55,59,-22,-63,225,304,287,229
12916,12916000,124,-75,-125,1020,54,-24,-55,56,-29,-65,225,304,287,228
12918,12918000,124,-75,-125,1020,54,-24,-55,53,-27,-58,225,304,288,228
12920,12920000,124,-75,-125,1020,54,-24,-55,57,-24,-69,225,304,289,228
12922,12922000,124,-75,-125,1020,54,-24,-55,52,-27,-65,225,305,290,228
12924,12924000,124,-75,-125,1020,54,-24,-55,59,-20,-60,225,305,291,229
12926,12926000,124,-75,-125,1020,54,-24,-55,52,-33,-71,225,306,291,229
12928,12928000,124,-75,-125,1020,54,-24,-55,54,-26,-59,225,307,292,230
12930,12930000,124,-75,-125,1020,54,-24,-55,54,-24,-68,225,308,292,230
12932,12932000,124,-75,-125,1020,54,-24,-55,51,-28,-63,225,309,293,231
12934,12934000,124,-75,-125,1020,54,-24,-55,55,-20,-67,225,310,293,231
12936,12936000,124,-75,-125,1020,55,-24,-55,53,-27,-66,225,311,294,232
12938,12938000,125,-75,-125,1020,55,-24,-55,49,-22,-61,225,311,294,231
12940,12940000,125,-75,-125,1020,55,-24,-55,52,-22,-69,225,312,294,231
12942,12942000,125,-75,-125,1020,55,-24,-55,45,-26,-58,225,312,294,230
12944,12944000,125,-75,-125,1020,55,-24,-55,59,-25,-68,225,312,295,230
12946,12946000,125,-75,-125,1020,55,-24,-55,47,-32,-67,225,312,295,230
12948,12948000,125,-75,-125,1020,55,-24,-55,54,-20,-64,225,312,296,230
12950,12950000,125,-75,-125,1020,55,-24,-55,56,-25,-68,225,312,297,230
12952,12952000,125,-75,-125,1020,55,-24,-55,47,-27,-63,225,313,298,230
12954,12954000,125,-75,-125,1020,55,-24,-55,53,-23,-69,225,313,299,230
12956,12956000,125,-75,-125,1020,55,-24,-55,50,-24,-61,225,314,299,231
12958,12958000,125,-75,-125,1020,55,-24,-55,56,-23,-63,225,314,300,231
12960,12960000,125,-75,-125,1020,55,-24,-55,53,-27,-65,225,315,300,231
12962,12962000,125,-75,-125,1020,55,-24,-55,49,-19,-64,225,316,300,231
12964,12964000,125,-75,-125,1020,55,-24,-55,52,-29,-70,225,317,300,231
12966,12966000,125,-75,-125,1020,55,-24,-55,51,-26,-65,225,318,300,231
12968,12968000,125,-75,-125,1020,55,-24,-55,55,-22,-66,225,319,300,231
12970,12970000,125,-75,-125,1020,55,-24,-55,53,-27,-65,225,319,301,232
12972,12972000,125,-75,-125,1020,55,-24,-55,52,-21,-61,225,320,301,232
12974,12974000,126,-75,-125,1020,55,-24,-55,56,-25,-67,225,320,302,232
12976,12976000,126,-75,-125,1020,55,-24,-55,49,-29,-65,225,321,303,233
12978,12978000,126,-75,-125,1020,55,-24,-55,52,-25,-68,225,321,304,233
12980,12980000,126,-75,-125,1020,56,-24,-55,47,-29,-68,225,320,305,233
12982,12982000,126,-75,-125,1020,56,-24,-55,53,-22,-65,225,320,306,232
12984,12984000,126,-75,-125,1020,56,-24,-55,59,-27,-69,225,320,306,231
12986,12986000,126,-75,-125,1020,56,-24,-55,48,-25,-60,225,320,306,230
12988,12988000,126,-75,-125,1020,56,-24,-55,55,-25,-67,225,321,306,230
12990,12990000,126,-75,-125,1020,56,-24,-55,50,-29,-64,225,322,306,230
12992,12992000,126,-75,-125,1020,56,-24,-55,56,-22,-65,225,323,306,230
12994,12994000,126,-75,-125,1020,56,-24,-55,49,-30,-69,225,324,307,231
12996,12996000,126,-75,-125,1020,56,-24,-55,53,-21,-66,225,325,308,232
12998,12998000,126,-75,-125,1020,56,-24,-55,59,-23,-67,225,326,308,233
13000,13000000,87,-30,-114,1021,30,-6,-47,48,-31,-61,268,529,934,225
13002,13002000,19,48,-94,1022,3,12,-34,47,-22,-43,300,803,1458,235
13004,13004000,-37,112,-78,1024,-8,46,-26,44,-28,-19,238,819,1657,421
13006,13006000,-81,164,-65,1025,-27,87,-19,46,-17,-5,239,682,1759,606
13008,13008000,-115,205,-54,1026,-48,129,-14,33,-8,5,239,491,1726,709
13010,13010000,-141,235,-44,1026,-68,166,-11,22,-4,10,238,333,1584,734
13012,13012000,-159,256,-37,1027,-83,193,-8,17,15,20,244,236,1366,692
13014,13014000,-171,268,-30,1028,-94,210,-6,13,29,18,295,232,1137,631
13016,13016000,-178,272,-25,1028,-101,216,-5,-4,43,13,303,228,839,484
13018,13018000,-180,269,-21,1028,-103,211,-4,-9,65,16,268,225,496,279
13020,13020000,-177,259,-17,1029,-100,197,-3,-19,85,1,377,408,306,224
13022,13022000,-171,243,-14,1029,-94,176,-2,-38,100,-3,556,689,225,271
13024,13024000,-161,224,-12,1029,-84,152,-2,-55,121,-4,748,982,229,378
13026,13026000,-149,203,-10,1029,-74,127,-2,-57,127,-10,849,1158,233,445
13028,13028000,-136,183,-8,1029,-64,106,-1,-66,135,-14,851,1194,235,461
13030,13030000,-125,166,-7,1029,-55,90,-1,-66,138,-16,759,1094,233,429
13032,13032000,-117,154,-6,1030,-49,78,-1,-64,123,-22,599,892,230,361
13034,13034000,-111,147,-5,1030,-45,72,-1,-53,109,-27,410,643,226,276
13036,13036000,-108,145,-4,1030,-43,71,-1,-54,104,-27,257,428,253,224
13038,13038000,-107,147,-3,1030,-43,73,-0,-47,95,-19,224,342,374,277
13040,13040000,-108,152,-3,1030,-43,77,-0,-41,81,-28,224,305,488,343
13042,13042000,-110,158,-2,1030,-44,82,-0,-43,69,-27,225,286,559,386
13044,13044000,-111,165,-2,1030,-45,88,-0,-40,70,-23,225,282,589,405
13046,13046000,-113,171,-1,1030,-46,94,-0,-32,73,-22,225,291,586,406
13048,13048000,-114,176,-1,1030,-47,99,-0,-37,61,-27,225,307,558,391
13050,13050000,-114,179,-1,1030,-47,101,-0,-41,69,-27,225,327,515,367
13052,13052000,-113,180,-1,1030,-46,103,-0,-35,77,-20,224,347,464,335
13054,13054000,-112,179,-1,1030,-46,102,-0,-40,79,-23,224,363,411,299
13056,13056000,-110,177,-1,1030,-44,100,-0,-44,86,-17,224,376,361,263
13058,13058000,-108,174,0,1030,-43,97,-0,-44,77,-19,224,384,317,228
13060,13060000,-106,171,0,1030,-42,94,-0,-44,90,-15,249,412,308,224
13062,13062000,-104,166,0,1030,-40,90,-0,-47,88,-18,271,433,307,224
13064,13064000,-102,162,0,1030,-39,86,-0,-46,85,-14,286,444,309,224
13066,13066000,-100,158,0,1030,-38,82,-0,-46,87,-16,293,445,313,225
13068,13068000,-99,154,0,1030,-38,79,-0,-36,86,-18,294,439,318,225
13070,13070000,-99,151,0,1030,-37,76,-0,-46,89,-19,290,427,323,225
13072,13072000,-98,149,0,1030,-37,74,-0,-44,87,-11,283,411,329,225
13074,13074000,-98,147,0,1030,-37,72,-0,-42,88,-10,274,395,334,224
13076,13076000,-98,146,0,1030,-37,71,-0,-45,82,-17,264,378,338,224
13078,13078000,-98,145,0,1030,-37,71,-0,-32,80,-15,254,362,342,224
13080,13080000,-99,145,0,1030,-37,70,-0,-37,77,-10,243,348,344,224
13082,13082000,-99,145,0,1030,-37,70,-0,-31,81,-11,234,337,345,224
13084,13084000,-99,145,0,1030,-38,71,-0,-31,78,-16,227,329,344,224
13086,13086000,-100,145,0,1030,-38,71,-0,-34,76,-11,224,326,345,227
13088,13088000,-100,145,0,1030,-38,71,-0,-30,80,-15,224,328,345,230
13090,13090000,-100,145,0,1030,-38,71,-0,-30,75,-16,224,330,342,231
13092,13092000,-100,145,0,1030,-38,71,-0,-37,69,-13,224,333,337,230
13094,13094000,-99,145,0,1030,-38,71,-0,-36,74,-11,224,336,331,229
13096,13096000,-99,145,0,1030,-37,70,-0,-37,75,-7,225,339,326,227
13098,13098000,-98,144,0,1030,-37,70,-0,-35,69,-9,225,342,321,225
13100,13100000,-97,143,0,1030,-36,69,-0,-36,71,-14,226,344,317,225
13102,13102000,-97,142,0,1030,-36,69,-0,-36,74,-12,228,347,315,225
13104,13104000,-96,141,0,1030,-36,68,-0,-37,75,-3,230,350,314,225
13106,13106000,-95,140,0,1030,-35,67,-0,-33,68,-11,233,352,314,225
13108,13108000,-95,139,0,1030,-35,66,-0,-40,72,-7,235,353,315,225
13110,13110000,-94,138,0,1030,-34,65,-0,-33,75,-7,238,354,316,225
13112,13112000,-94,137,0,1030,-34,65,-0,-36,70,-9,240,354,317,225
13114,13114000,-93,137,0,1030,-34,64,-0,-39,67,-8,242,354,318,225
13116,13116000,-93,136,0,1030,-34,63,-0,-29,75,-4,244,354,320,225
13118,13118000,-93,135,0,1030,-34,62,-0,-38,71,-7,245,353,321,225
13120,13120000,-93,134,0,1030,-34,62,-0,-31,71,-4,245,352,322,225
13122,13122000,-93,133,0,1030,-33,61,-0,-41,65,-7,245,350,322,225
13124,13124000,-92,132,0,1030,-33,61,-0,-36,68,-3,243,349,323,225
13126,13126000,-92,132,0,1030,-33,60,-0,-33,62,-8,242,346,323,225
13128,13128000,-92,131,0,1030,-33,60,-0,-31,64,-8,240,344,322,225
13130,13130000,-92,131,0,1030,-33,59,-0,-32,67,-9,238,343,322,225
13132,13132000,-92,130,0,1030,-33,59,-0,-34,64,-5,237,341,321,225
13134,13134000,-92,130,0,1030,-33,59,-0,-36,65,-8,236,341,321,225
13136,13136000,-91,129,0,1030,-33,58,-0,-29,68,-5,235,340,320,225
13138,13138000,-91,129,0,1030,-33,58,-0,-38,57,-8,235,340,320,225
13140,13140000,-91,128,0,1030,-33,57,-0,-33,61,-7,235,340,319,225
13142,13142000,-91,128,0,1030,-32,57,-0,-27,70,-3,235,340,319,225
13144,13144000,-90,127,0,1030,-32,57,-0,-39,64,-5,236,341,319,225
13146,13146000,-90,127,0,1030,-32,56,-0,-30,64,-4,236,341,319,225
13148,13148000,-90,126,0,1030,-32,56,-0,-34,60,-2,237,342,319,225
13150,13150000,-90,125,0,1030,-32,55,-0,-28,63,-8,238,343,319,225
13152,13152000,-89,125,0,1030,-32,55,-0,-32,59,-6,239,343,319,225
13154,13154000,-89,124,0,1030,-31,54,-0,-35,59,-7,238,343,318,225
13156,13156000,-89,124,0,1030,-31,54,-0,-33,56,-8,238,342,318,225
13158,13158000,-88,123,0,1030,-31,54,-0,-29,55,-4,237,341,317,225
13160,13160000,-88,123,0,1030,-31,53,-0,-29,57,-10,236,341,316,225
13162,13162000,-88,122,0,1030,-31,53,-0,-27,60,-3,235,341,316,225
13164,13164000,-87,121,0,1030,-31,52,-0,-27,62,-5,236,341,315,225
13166,13166000,-87,121,0,1030,-30,52,-0,-30,59,-6,236,342,315,225
13168,13168000,-87,120,0,1030,-30,51,-0,-31,61,-3,237,343,315,225
13170,13170000,-86,120,0,1030,-30,51,-0,-31,57,-9,238,343,315,225
13172,13172000,-86,119,0,1030,-30,51,-0,-29,53,-2,238,343,315,225
13174,13174000,-86,118,0,1030,-30,50,-0,-23,56,-6,238,342,315,225
13176,13176000,-86,118,0,1030,-30,50,-0,-27,56,0,238,342,316,225
13178,13178000,-85,117,0,1030,-29,49,-0,-26,49,-5,238,341,316,225
13180,13180000,-85,117,0,1030,-29,49,-0,-32,54,-7,238,341,317,225
13182,13182000,-85,116,0,1030,-29,49,-0,-29,53,-1,239,340,317,225
13184,13184000,-85,116,0,1030,-29,48,-0,-30,48,-5,239,340,317,225
13186,13186000,-85,115,0,1030,-29,48,-0,-27,51,-8,239,339,317,225
13188,13188000,-84,115,0,1030,-29,48,-0,-26,51,-2,239,339,317,225
13190,13190000,-84,114,0,1030,-29,47,-0,-21,59,-4,239,340,316,225
13192,13192000,-84,114,0,1030,-29,47,-0,-23,54,-1,239,340,316,225
13194,13194000,-84,113,0,1030,-29,46,-0,-30,48,-6,239,341,315,225
13196,13196000,-84,112,0,1030,-28,46,-0,-32,51,-3,239,341,315,225
13198,13198000,-83,112,0,1030,-28,46,-0,-23,52,-3,239,341,314,225
13200,13200000,-83,111,0,1030,-28,45,-0,-27,51,0,239,341,314,225
13202,13202000,-83,111,0,1030,-28,45,-0,-29,52,-7,238,340,314,225
13204,13204000,-83,110,0,1030,-28,45,-0,-27,44,-9,238,340,313,225
13206,13206000,-82,110,0,1030,-28,44,-0,-31,43,-4,238,340,313,225
13208,13208000,-82,109,0,1030,-28,44,-0,-28,52,-2,238,339,314,225
13210,13210000,-82,109,0,1030,-28,44,-0,-26,47,3,239,339,314,225
13212,13212000,-82,108,0,1030,-27,43,-0,-30,49,-3,239,339,314,225
13214,13214000,-82,108,0,1030,-27,43,-0,-29,46,-6,240,339,315,225
13216,13216000,-81,107,0,1030,-27,43,-0,-31,43,-7,240,339,315,225
13218,13218000,-81,107,0,1030,-27,42,-0,-30,47,2,240,339,315,225
13220,13220000,-81,106,0,1030,-27,42,-0,-30,47,-5,241,339,315,225
13222,13222000,-81,106,0,1030,-27,42,-0,-31,42,1,241,340,314,225
13224,13224000,-81,105,0,1030,-27,41,-0,-22,54,3,242,340,314,225
13226,13226000,-81,105,0,1030,-27,41,-0,-23,48,-8,242,340,313,225
13228,13228000,-80,104,0,1030,-27,41,-0,-23,50,1,241,340,313,225
13230,13230000,-80,103,0,1030,-27,40,-0,-31,39,-6,240,339,312,225
13232,13232000,-80,103,0,1030,-26,40,-0,-21,45,-2,239,338,312,225
13234,13234000,-80,103,0,1030,-26,40,-0,-20,46,-6,238,337,312,225
13236,13236000,-79,102,0,1030,-26,39,-0,-21,44,-6,238,337,312,225
13238,13238000,-79,102,0,1030,-26,39,-0,-26,50,6,239,337,312,225
13240,13240000,-79,101,0,1030,-26,39,-0,-27,45,-6,240,338,312,225
13242,13242000,-79,101,0,1030,-26,38,-0,-26,45,3,241,338,312,225
13244,13244000,-79,100,0,1030,-26,38,-0,-24,44,-6,241,338,312,225
13246,13246000,-78,100,0,1030,-26,38,-0,-27,39,-3,242,338,312,225
13248,13248000,-78,99,0,1030,-26,37,-0,-27,45,-4,242,338,312,225
13250,13250000,-78,99,0,1030,-26,37,-0,-26,36,-2,243,338,312,225
13252,13252000,-78,98,0,1030,-26,37,-0,-25,45,4,243,338,312,225
13254,13254000,-78,98,0,1030,-25,37,-0,-25,46,-0,242,337,312,225
13256,13256000,-78,97,0,1030,-25,36,-0,-22,42,-5,242,337,312,225
13258,13258000,-78,97,0,1030,-25,36,-0,-21,45,2,242,337,311,225
13260,13260000,-77,96,0,1030,-25,36,-0,-22,45,-0,241,336,311,225
13262,13262000,-77,96,0,1030,-25,36,-0,-23,35,0,240,336,310,225
13264,13264000,-77,95,0,1030,-25,35,-0,-25,38,-2,240,336,310,225
13266,13266000,-77,95,0,1030,-25,35,-0,-15,43,0,240,336,309,225
13268,13268000,-77,95,0,1030,-25,35,-0,-22,36,-4,240,336,309,225
13270,13270000,-76,94,0,1030,-25,34,-0,-23,38,3,241,336,309,225
13272,13272000,-76,94,0,1030,-25,34,-0,-19,40,-1,241,337,309,225
13274,13274000,-76,93,0,1030,-25,34,-0,-24,43,0,242,337,309,225
13276,13276000,-76,93,0,1030,-24,34,-0,-22,45,2,242,336,309,225
13278,13278000,-76,92,0,1030,-24,33,-0,-23,40,-3,242,336,309,225
13280,13280000,-76,92,0,1030,-24,33,-0,-27,35,-0,243,336,310,225
13282,13282000,-75,91,0,1030,-24,33,-0,-22,38,3,243,335,310,225
13284,13284000,-75,91,0,1030,-24,33,-0,-23,32,-7,243,335,310,225
13286,13286000,-75,91,0,1030,-24,32,-0,-25,34,-1,242,335,310,225
13288,13288000,-75,90,0,1030,-24,32,-0,-19,39,1,242,334,309,225
13290,13290000,-75,90,0,1030,-24,32,-0,-23,41,1,242,334,309,225
13292,13292000,-75,89,0,1030,-24,32,-0,-29,33,-1,241,334,308,225
13294,13294000,-75,89,0,1030,-24,31,-0,-22,43,-2,241,334,308,225
13296,13296000,-74,89,0,1030,-24,31,-0,-23,43,8,242,335,307,225
13298,13298000,-74,88,0,1030,-24,31,-0,-24,39,-1,242,335,307,225
13300,13300000,-74,88,0,1030,-24,31,-0,-22,39,3,243,335,306,225
13302,13302000,-74,87,0,1030,-23,30,-0,-27,34,5,243,335,306,225
13304,13304000,-74,87,0,1030,-23,30,-0,-22,38,-0,242,335,306,225
13306,13306000,-74,86,0,1030,-23,30,-0,-19,38,-5,242,334,306,225
13308,13308000,-73,86,0,1030,-23,30,-0,-30,28,3,242,333,307,225
13310,13310000,-73,86,0,1030,-23,30,-0,-17,41,2,242,333,307,225
13312,13312000,-73,85,0,1030,-23,29,-0,-21,32,4,242,333,307,225
13314,13314000,-73,85,0,1030,-23,29,-0,-18,34,-2,243,333,307,225
13316,13316000,-73,84,0,1030,-23,29,-0,-18,36,-1,243,333,307,225
13318,13318000,-73,84,0,1030,-23,29,-0,-21,32,4,244,333,307,225
13320,13320000,-73,84,0,1030,-23,29,-0,-25,36,0,244,333,307,225
13322,13322000,-73,83,0,1030,-23,28,-0,-22,33,-3,244,333,306,225
13324,13324000,-72,83,0,1030,-23,28,-0,-26,30,2,244,333,306,225
13326,13326000,-72,82,0,1030,-23,28,-0,-19,36,-4,243,333,305,225
13328,13328000,-72,82,0,1030,-23,28,-0,-20,36,6,243,333,305,225
13330,13330000,-72,82,0,1030,-23,27,-0,-17,38,2,243,333,305,225
13332,13332000,-72,81,0,1030,-22,27,-0,-23,37,1,243,333,304,225
13334,13334000,-72,81,0,1030,-22,27,-0,-26,28,1,242,332,304,225
13336,13336000,-72,80,0,1030,-22,27,-0,-26,35,0,242,332,304,225
13338,13338000,-71,80,0,1030,-22,27,-0,-26,33,-1,242,331,304,225
13340,13340000,-71,80,0,1030,-22,26,-0,-25,33,1,242,331,304,225
13342,13342000,-71,79,0,1030,-22,26,-0,-23,31,-4,243,331,304,225
13344,13344000,-71,79,0,1030,-22,26,-0,-20,28,4,243,331,304,225
13346,13346000,-71,79,0,1030,-22,26,-0,-24,28,6,244,331,304,225
13348,13348000,-71,78,0,1030,-22,26,-0,-18,37,2,244,331,304,225
13350,13350000,-71,78,0,1030,-22,25,-0,-18,33,7,245,332,304,225
13352,13352000,-71,78,0,1030,-22,25,-0,-25,28,-1,245,332,304,225
13354,13354000,-71,77,0,1030,-22,25,-0,-21,29,-1,245,331,304,225
13356,13356000,-70,77,0,1030,-22,25,-0,-18,32,7,245,331,304,225
13358,13358000,-70,76,0,1030,-22,25,-0,-25,31,3,244,331,303,225
13360,13360000,-70,76,0,1030,-22,25,-0,-18,33,2,244,331,303,225
13362,13362000,-70,76,0,1030,-22,24,-0,-19,25,1,243,330,302,225
13364,13364000,-70,75,0,1030,-22,24,-0,-20,32,-0,243,329,302,225
13366,13366000,-70,75,0,1030,-21,24,-0,-26,32,3,242,329,302,225
13368,13368000,-70,75,0,1030,-21,24,-0,-29,22,-1,242,329,301,225
13370,13370000,-69,74,0,1030,-21,24,-0,-22,29,0,243,330,301,225
13372,13372000,-69,74,0,1030,-21,24,-0,-23,34,7,244,330,301,225
13374,13374000,-69,74,0,1030,-21,23,-0,-21,31,2,245,331,301,225
13376,13376000,-69,73,0,1030,-21,23,-0,-26,26,4,245,331,301,225
13378,13378000,-69,73,0,1030,-21,23,-0,-21,27,-2,245,330,302,225
13380,13380000,-69,73,0,1030,-21,23,-0,-21,33,5,245,330,302,225
13382,13382000,-69,72,0,1030,-21,23,-0,-23,34,6,245,329,302,225
13384,13384000,-69,72,0,1030,-21,22,-0,-22,25,-5,245,329,302,225
13386,13386000,-69,72,0,1030,-21,22,-0,-19,26,-1,244,328,301,225
13388,13388000,-69,71,0,1030,-21,22,-0,-19,27,-1,244,328,301,225
13390,13390000,-69,71,0,1030,-21,22,-0,-22,27,2,245,328,301,225
13392,13392000,-68,71,0,1030,-21,22,-0,-21,34,1,244,328,300,225
13394,13394000,-68,70,0,1030,-21,22,-0,-21,27,9,244,328,300,225
13396,13396000,-68,70,0,1030,-21,22,-0,-26,29,7,244,328,300,225
13398,13398000,-68,70,0,1030,-21,21,-0,-20,19,4,244,328,299,225
13400,13400000,-68,69,0,1030,-21,21,-0,-22,29,1,244,328,299,225
13402,13402000,-68,69,0,1030,-21,21,-0,-21,25,3,245,328,299,225
13404,13404000,-68,69,0,1030,-20,21,-0,-18,34,3,245,329,299,225
13406,13406000,-68,68,0,1030,-20,21,-0,-23,28,9,245,328,299,225
13408,13408000,-67,68,0,1030,-20,21,-0,-18,27,3,245,328,299,225
13410,13410000,-67,68,0,1030,-20,20,-0,-17,30,-1,245,328,299,225
13412,13412000,-67,67,0,1030,-20,20,-0,-18,19,0,245,327,299,225
13414,13414000,-67,67,0,1030,-20,20,-0,-20,24,6,245,327,299,225
13416,13416000,-67,67,0,1030,-20,20,-0,-21,31,2,245,327,299,225
13418,13418000,-67,66,0,1030,-20,20,-0,-19,22,1,245,327,299,225
13420,13420000,-67,66,0,1030,-20,20,-0,-19,31,-2,245,327,299,225
13422,13422000,-67,66,0,1030,-20,20,-0,-15,33,7,246,327,299,225
13424,13424000,-67,65,0,1030,-20,19,-0,-22,28,6,246,327,298,225
13426,13426000,-67,65,0,1030,-20,19,-0,-21,26,0,246,327,298,225
13428,13428000,-67,65,0,1030,-20,19,-0,-20,25,-4,246,327,297,225
13430,13430000,-67,64,0,1030,-20,19,-0,-21,29,5,246,327,297,225
13432,13432000,-66,64,0,1030,-20,19,-0,-14,20,-4,246,327,297,225
13434,13434000,-66,64,0,1030,-20,19,-0,-22,20,2,245,327,297,225
13436,13436000,-66,64,0,1030,-20,19,-0,-17,24,3,245,326,297,225
13438,13438000,-66,63,0,1030,-20,18,-0,-24,20,4,245,326,297,225
13440,13440000,-66,63,0,1030,-20,18,-0,-16,22,3,245,325,297,225
13442,13442000,-66,63,0,1030,-20,18,-0,-23,25,2,245,325,297,225
13444,13444000,-66,62,0,1030,-20,18,-0,-16,22,3,245,325,297,225
13446,13446000,-66,62,0,1030,-20,18,-0,-20,23,3,246,326,297,225
13448,13448000,-66,62,0,1030,-20,18,-0,-21,27,2,247,326,297,225
13450,13450000,-66,62,0,1030,-20,18,-0,-19,17,1,247,326,297,225
13452,13452000,-66,61,0,1030,-19,18,-0,-16,27,6,247,326,296,225
13454,13454000,-65,61,0,1030,-19,17,-0,-16,24,2,247,326,296,225
13456,13456000,-65,61,0,1030,-19,17,-0,-14,26,0,246,325,296,225
13458,13458000,-65,60,0,1030,-19,17,-0,-20,23,-0,246,325,296,225
13460,13460000,-65,60,0,1030,-19,17,-0,-22,23,6,246,325,295,225
13462,13462000,-65,60,0,1030,-19,17,-0,-19,23,3,246,325,295,225
13464,13464000,-65,59,0,1030,-19,17,-0,-20,20,3,246,325,295,225
13466,13466000,-65,59,0,1030,-19,17,-0,-23,20,0,246,325,295,225
13468,13468000,-65,59,0,1030,-19,17,-0,-18,20,3,246,324,295,225
13470,13470000,-65,59,0,1030,-19,16,-0,-19,26,6,246,324,294,225
13472,13472000,-65,58,0,1030,-19,16,-0,-18,21,-1,246,324,294,225
13474,13474000,-65,58,0,1030,-19,16,-0,-19,22,3,246,324,294,225
13476,13476000,-64,58,0,1030,-19,16,-0,-18,25,8,247,324,294,225
13478,13478000,-64,58,0,1030,-19,16,-0,-19,26,1,247,325,294,225
13480,13480000,-64,57,0,1030,-19,16,-0,-19,18,1,248,325,294,225
13482,13482000,-64,57,0,1030,-19,16,-0,-15,25,3,248,325,294,225
13484,13484000,-64,57,0,1030,-19,16,-0,-20,22,7,248,324,294,225
13486,13486000,-64,56,0,1030,-19,16,-0,-24,19,3,247,324,294,225
13488,13488000,-64,56,0,1030,-19,15,-0,-16,23,3,247,323,294,225
13490,13490000,-64,56,0,1030,-19,15,-0,-14,19,4,247,323,294,225
13492,13492000,-64,56,0,1030,-19,15,-0,-16,28,9,246,323,293,225
13494,13494000,-64,55,0,1030,-19,15,-0,-19,18,2,246,323,293,225
13496,13496000,-64,55,0,1030,-19,15,-0,-17,22,-3,246,323,293,225
13498,13498000,-64,55,0,1030,-19,15,-0,-20,21,-2,247,323,293,225
13500,13500000,-64,55,0,1030,-19,15,-0,-22,14,-0,247,323,292,225
13502,13502000,-64,54,0,1030,-19,15,-0,-17,20,6,247,323,292,225
13504,13504000,-63,54,0,1030,-19,15,-0,-16,22,4,248,323,292,225
13506,13506000,-63,54,0,1030,-19,14,-0,-18,19,4,248,323,292,225
13508,13508000,-63,53,0,1030,-18,14,-0,-18,22,1,248,323,292,225
13510,13510000,-63,53,0,1030,-18,14,-0,-22,21,3,248,323,292,225
13512,13512000,-63,53,0,1030,-18,14,-0,-12,25,2,247,322,292,225
13514,13514000,-63,53,0,1030,-18,14,-0,-16,20,4,247,322,292,225
13516,13516000,-63,52,0,1030,-18,14,-0,-12,24,8,247,322,292,225
13518,13518000,-63,52,0,1030,-18,14,-0,-14,19,8,247,322,292,225
13520,13520000,-63,52,0,1030,-18,14,-0,-17,13,-1,248,322,292,225
13522,13522000,-63,52,0,1030,-18,14,-0,-11,18,2,248,322,292,225
13524,13524000,-63,51,0,1030,-18,14,-0,-18,21,-3,248,322,292,225
13526,13526000,-63,51,0,1030,-18,13,-0,-16,19,2,248,322,291,225
13528,13528000,-63,51,0,1030,-18,13,-0,-20,24,2,248,322,291,225
13530,13530000,-63,51,0,1030,-18,13,-0,-23,18,1,248,322,291,225
13532,13532000,-63,50,0,1030,-18,13,-0,-19,19,2,248,322,291,225
13534,13534000,-62,50,0,1030,-18,13,-0,-22,21,5,248,322,291,225
13536,13536000,-62,50,0,1030,-18,13,-0,-14,24,5,248,322,290,225
13538,13538000,-62,50,0,1030,-18,13,-0,-20,15,4,248,322,290,225
13540,13540000,-62,49,0,1030,-18,13,-0,-21,18,4,248,321,290,225
13542,13542000,-62,49,0,1030,-18,13,-0,-17,18,3,248,321,290,225
13544,13544000,-62,49,0,1030,-18,13,-0,-17,17,4,248,321,290,225
13546,13546000,-62,49,0,1030,-18,13,-0,-16,21,2,248,320,290,225
13548,13548000,-62,49,0,1030,-18,12,-0,-14,18,-5,248,320,290,225
13550,13550000,-62,48,0,1030,-18,12,-0,-16,24,4,248,321,290,225
13552,13552000,-62,48,0,1030,-18,12,-0,-22,25,2,249,321,290,225
13554,13554000,-62,48,0,1030,-18,12,-0,-16,15,4,249,321,290,225
13556,13556000,-62,48,0,1030,-18,12,-0,-24,19,6,249,321,290,225
13558,13558000,-62,47,0,1030,-18,12,-0,-19,15,4,249,321,290,225
13560,13560000,-62,47,0,1030,-18,12,-0,-11,14,-3,249,321,289,225
13562,13562000,-62,47,0,1030,-18,12,-0,-15,15,4,248,320,289,225
13564,13564000,-62,47,0,1030,-18,12,-0,-18,16,-2,248,320,289,225
13566,13566000,-61,46,0,1030,-18,12,-0,-13,17,-2,248,320,289,225
13568,13568000,-61,46,0,1030,-18,12,-0,-18,17,1,248,320,289,225
13570,13570000,-61,46,0,1030,-18,12,-0,-12,18,2,248,320,289,225
13572,13572000,-61,46,0,1030,-18,11,-0,-22,15,5,249,320,289,225
13574,13574000,-61,46,0,1030,-18,11,-0,-14,18,2,249,320,289,225
13576,13576000,-61,45,0,1030,-18,11,-0,-18,20,2,249,320,288,225
13578,13578000,-61,45,0,1030,-17,11,-0,-19,17,10,249,320,288,225
13580,13580000,-61,45,0,1030,-17,11,-0,-18,16,8,249,320,288,225
13582,13582000,-61,45,0,1030,-17,11,-0,-14,15,4,249,320,288,225
13584,13584000,-61,44,0,1030,-17,11,-0,-16,16,9,250,320,288,225
13586,13586000,-61,44,0,1030,-17,11,-0,-19,9,6,249,320,288,225
13588,13588000,-61,44,0,1030,-17,11,-0,-16,17,-0,249,319,288,225
13590,13590000,-61,44,0,1030,-17,11,-0,-17,15,6,249,319,288,225
13592,13592000,-61,43,0,1030,-17,11,-0,-15,20,6,249,319,288,225
13594,13594000,-61,43,0,1030,-17,11,-0,-16,16,2,249,319,288,225
13596,13596000,-61,43,0,1030,-17,10,-0,-21,15,4,249,319,288,225
13598,13598000,-61,43,0,1030,-17,10,-0,-15,19,5,249,319,287,225
13600,13600000,-60,-6,0,1031,-17,-1,-0,-15,19,4,367,437,287,225
13602,13602000,-60,-91,0,1032,-17,-33,-0,-17,19,4,636,705,289,226
13604,13604000,-60,-161,0,1034,-17,-85,-0,-20,11,5,1007,1074,296,232
13606,13606000,-61,-219,0,1035,-17,-146,-0,-13,12,6,1325,1388,307,240
13608,13608000,-61,-268,0,1036,-18,-209,-0,-14,-5,-1,1530,1587,317,244
13610,13610000,-62,-308,0,1036,-18,-270,-0,-10,-23,4,1617,1665,327,247
13612,13612000,-63,-341,0,1037,-18,-326,-0,-14,-49,9,1600,1639,335,247
13614,13614000,-65,-368,0,1038,-19,-377,-0,-5,-76,3,1498,1530,340,246
13616,13616000,-66,-391,0,1038,-20,-421,-0,-6,-119,9,1332,1357,342,243
13618,13618000,-68,-407,0,1038,-21,-455,-0,-7,-162,2,1074,1097,337,236
13620,13620000,-69,-407,0,1039,-21,-454,-0,-14,-204,3,530,556,326,227
13622,13622000,-70,-391,0,1039,-22,-421,-0,-9,-245,4,224,256,669,575
13624,13624000,-70,-364,0,1039,-22,-369,-0,-8,-276,-2,233,275,1240,1156
13626,13626000,-70,-332,0,1039,-22,-310,-0,-17,-302,2,242,298,1629,1558
13628,13628000,-69,-297,0,1039,-21,-254,-0,-18,-322,1,247,322,1818,1764
13630,13630000,-67,-264,0,1039,-20,-204,-0,-14,-327,4,249,345,1827,1794
13632,13632000,-64,-235,0,1040,-19,-165,-0,-17,-323,-2,248,366,1690,1680
13634,13634000,-60,-212,0,1040,-17,-138,-0,-30,-311,7,245,385,1442,1456
13636,13636000,-55,-198,0,1040,-15,-122,-0,-36,-299,4,239,397,1113,1150
13638,13638000,-50,-193,0,1040,-13,-116,-0,-39,-276,-1,229,400,744,794
13640,13640000,-45,-196,0,1040,-11,-120,-0,-33,-241,3,224,398,388,439
13642,13642000,-40,-207,0,1040,-9,-131,-0,-38,-222,4,360,526,223,268
13644,13644000,-37,-221,0,1040,-8,-148,-0,-32,-201,6,585,739,225,256
13646,13646000,-34,-237,0,1040,-8,-168,-0,-37,-188,9,730,865,227,241
13648,13648000,-33,-253,0,1040,-7,-189,-0,-35,-178,7,796,912,235,229
13650,13650000,-32,-266,0,1040,-7,-208,-0,-35,-183,6,788,884,254,229
13652,13652000,-33,-276,0,1040,-7,-221,-0,-32,-189,2,706,785,269,228
13654,13654000,-34,-281,0,1040,-8,-228,-0,-22,-189,12,569,632,282,226
13656,13656000,-37,-281,0,1040,-8,-229,-0,-21,-199,9,400,453,290,224
13658,13658000,-39,-277,0,1040,-9,-223,-0,-18,-209,5,230,277,296,223
13660,13660000,-41,-270,0,1040,-10,-213,-0,-18,-216,9,224,267,439,366
13662,13662000,-44,-261,0,1040,-11,-201,-0,-23,-229,-1,225,268,548,476
13664,13664000,-46,-252,0,1040,-11,-188,-0,-10,-227,1,225,272,608,540
13666,13666000,-47,-244,0,1040,-12,-176,-0,-15,-229,4,226,277,620,557
13668,13668000,-49,-236,0,1040,-13,-167,-0,-15,-219,9,226,282,588,532
13670,13670000,-50,-231,0,1040,-13,-161,-0,-17,-217,8,225,288,525,475
13672,13672000,-50,-228,0,1040,-13,-157,-0,-12,-211,2,225,293,444,401
13674,13674000,-50,-228,0,1040,-13,-157,-0,-22,-202,1,224,298,356,319
13676,13676000,-50,-229,0,1040,-13,-158,-0,-24,-191,6,224,304,274,241
13678,13678000,-49,-232,0,1040,-13,-162,-0,-18,-188,5,275,357,253,224
13680,13680000,-49,-236,0,1040,-13,-167,-0,-21,-180,7,327,408,252,224
13682,13682000,-48,-240,0,1040,-12,-172,-0,-22,-175,7,361,441,252,225
13684,13684000,-48,-244,0,1040,-12,-177,-0,-11,-168,1,377,455,253,225
13686,13686000,-48,-247,0,1040,-12,-181,-0,-14,-168,1,375,450,256,225
13688,13688000,-48,-249,0,1040,-12,-184,-0,-20,-167,9,358,429,259,225
13690,13690000,-48,-250,0,1040,-12,-185,-0,-16,-165,12,329,396,262,225
13692,13692000,-48,-250,0,1040,-12,-185,-0,-18,-173,9,293,356,265,224
13694,13694000,-49,-249,0,1040,-13,-183,-0,-14,-165,-0,253,314,269,224
13696,13696000,-49,-247,0,1040,-13,-180,-0,-16,-173,9,224,282,280,233
13698,13698000,-50,-244,0,1040,-13,-177,-0,-18,-174,7,224,280,312,266
13700,13700000,-50,-240,0,1040,-13,-172,-0,-14,-172,2,224,279,336,289
13702,13702000,-51,-237,0,1040,-13,-168,-0,-15,-172,2,225,280,350,304
13704,13704000,-51,-234,0,1040,-13,-164,-0,-16,-171,4,225,280,355,311
13706,13706000,-51,-230,0,1040,-13,-160,-0,-14,-172,3,225,282,353,310
13708,13708000,-51,-228,0,1040,-14,-156,-0,-14,-170,3,225,284,345,304
13710,13710000,-51,-225,0,1040,-14,-154,-0,-17,-167,3,225,285,331,292
13712,13712000,-51,-224,0,1040,-14,-151,-0,-21,-168,10,225,287,315,277
13714,13714000,-51,-223,0,1040,-13,-150,-0,-16,-167,4,225,288,297,261
13716,13716000,-51,-222,0,1040,-13,-149,-0,-17,-162,6,224,289,280,244
13718,13718000,-51,-221,0,1040,-13,-149,-0,-20,-164,3,224,290,263,229
13720,13720000,-51,-221,0,1040,-13,-148,-0,-12,-156,8,233,299,259,224
13722,13722000,-50,-221,0,1040,-13,-149,-0,-17,-159,2,243,308,258,225
13724,13724000,-50,-221,0,1040,-13,-149,-0,-20,-145,9,249,314,258,225
13726,13726000,-50,-221,0,1040,-13,-149,-0,-19,-143,2,253,316,259,225
13728,13728000,-50,-221,0,1040,-13,-149,-0,-16,-150,7,253,316,259,225
13730,13730000,-50,-221,0,1040,-13,-148,-0,-16,-147,1,251,313,260,225
13732,13732000,-49,-221,0,1040,-13,-148,-0,-15,-145,7,248,309,261,225
13734,13734000,-49,-220,0,1040,-13,-147,-0,-18,-144,7,242,302,262,225
13736,13736000,-49,-219,0,1040,-13,-146,-0,-17,-147,1,236,295,263,225
13738,13738000,-49,-218,0,1040,-13,-145,-0,-18,-144,7,229,287,263,225
13740,13740000,-50,-217,0,1040,-13,-143,-0,-12,-138,2,225,283,266,227
13742,13742000,-50,-215,0,1040,-13,-142,-0,-10,-138,3,225,282,272,233
13744,13744000,-50,-214,0,1040,-13,-140,-0,-16,-138,8,225,282,277,238
13746,13746000,-50,-212,0,1040,-13,-138,-0,-16,-145,6,225,282,281,242
13748,13748000,-50,-211,0,1040,-13,-136,-0,-15,-142,6,225,282,283,244
13750,13750000,-50,-209,0,1040,-13,-134,-0,-8,-136,2,225,283,285,246
13752,13752000,-50,-208,0,1040,-13,-133,-0,-11,-135,3,225,283,285,246
13754,13754000,-50,-206,0,1040,-13,-131,-0,-17,-140,2,225,283,283,245
13756,13756000,-50,-205,0,1040,-13,-130,-0,-15,-136,-0,225,283,281,242
13758,13758000,-49,-204,0,1040,-13,-128,-0,-11,-136,2,225,284,278,239
13760,13760000,-49,-203,0,1040,-13,-127,-0,-12,-135,3,225,284,275,236
13762,13762000,-49,-202,0,1040,-13,-126,-0,-11,-128,0,225,285,272,234
13764,13764000,-49,-201,0,1040,-13,-125,-0,-15,-126,4,225,286,270,231
13766,13766000,-49,-200,0,1040,-13,-124,-0,-14,-125,5,225,286,268,230
13768,13768000,-49,-199,0,1040,-13,-123,-0,-21,-126,9,225,287,267,229
13770,13770000,-49,-198,0,1040,-12,-122,-0,-15,-120,0,225,288,266,228
13772,13772000,-48,-198,0,1040,-12,-121,-0,-13,-127,5,225,288,265,227
13774,13774000,-48,-197,0,1040,-12,-121,-0,-18,-133,6,225,288,264,226
13776,13776000,-48,-196,0,1040,-12,-120,-0,-9,-114,2,225,288,263,225
13778,13778000,-48,-195,0,1040,-12,-119,-0,-14,-125,1,225,289,264,225
13780,13780000,-48,-194,0,1040,-12,-118,-0,-12,-120,-1,225,288,264,225
13782,13782000,-47,-194,0,1040,-12,-117,-0,-14,-115,9,225,288,266,225
13784,13784000,-47,-193,0,1040,-12,-116,-0,-17,-123,9,225,288,267,226
13786,13786000,-47,-192,0,1040,-12,-115,-0,-16,-116,5,225,288,269,227
13788,13788000,-47,-191,0,1040,-12,-114,-0,-18,-115,7,225,288,270,228
13790,13790000,-47,-190,0,1040,-12,-113,-0,-11,-114,4,225,289,272,229
13792,13792000,-47,-189,0,1040,-12,-112,-0,-18,-118,4,225,289,273,229
13794,13794000,-47,-188,0,1040,-12,-111,-0,-12,-119,-1,225,289,274,230
13796,13796000,-47,-187,0,1040,-12,-110,-0,-17,-109,3,225,289,275,231
13798,13798000,-47,-186,0,1040,-12,-109,-0,-11,-119,-2,225,289,277,231
13800,13800000,-47,-185,0,1040,-12,-108,-0,-6,-114,0,225,290,277,231
13802,13802000,-47,-184,0,1040,-12,-107,-0,-20,-115,2,225,290,278,232
13804,13804000,-47,-183,0,1040,-12,-106,-0,-15,-104,5,225,291,278,232
13806,13806000,-46,-182,0,1040,-12,-105,-0,-16,-109,4,225,292,278,232
13808,13808000,-46,-181,0,1040,-12,-104,-0,-12,-110,0,225,292,279,231
13810,13810000,-46,-180,0,1040,-12,-103,-0,-15,-101,4,225,293,279,231
13812,13812000,-46,-179,0,1040,-12,-102,-0,-14,-110,-2,225,294,279,231
13814,13814000,-46,-178,0,1040,-11,-101,-0,-19,-104,4,225,294,279,231
13816,13816000,-46,-178,0,1040,-11,-100,-0,-13,-109,-3,225,294,279,230
13818,13818000,-46,-177,0,1040,-11,-100,-0,-16,-108,-2,225,295,279,229
13820,13820000,-46,-176,0,1040,-11,-99,-0,-15,-104,-1,225,295,279,229
13822,13822000,-45,-175,0,1040,-11,-98,-0,-16,-99,1,225,295,280,228
13824,13824000,-45,-174,0,1040,-11,-97,-0,-12,-98,-2,225,295,280,228
13826,13826000,-45,-173,0,1040,-11,-96,-0,-20,-103,4,225,296,281,228
13828,13828000,-45,-173,0,1040,-11,-96,-0,-10,-97,-5,225,297,281,228
13830,13830000,-45,-172,0,1040,-11,-95,-0,-11,-91,1,225,297,282,228
13832,13832000,-45,-171,0,1040,-11,-94,-0,-13,-97,2,225,298,282,228
13834,13834000,-45,-170,0,1040,-11,-93,-0,-15,-92,3,225,299,282,228
13836,13836000,-45,-169,0,1040,-11,-93,-0,-13,-90,4,225,300,282,228
13838,13838000,-44,-169,0,1040,-11,-92,-0,-9,-93,1,225,300,283,228
13840,13840000,-44,-168,0,1040,-11,-91,-0,-10,-94,-4,225,301,284,229
13842,13842000,-44,-167,0,1040,-11,-90,-0,-7,-96,-9,225,301,285,229
13844,13844000,-44,-166,0,1040,-11,-90,-0,-12,-91,-2,225,302,286,230
13846,13846000,-44,-165,0,1040,-11,-89,-0,-6,-91,-4,225,303,287,230
13848,13848000,-43,-165,0,1040,-11,-88,-0,-15,-92,4,225,303,287,229
13850,13850000,-43,-164,0,1040,-11,-87,-0,-7,-84,-8,225,304,288,229
13852,13852000,-43,-163,0,1040,-11,-87,-0,-19,-87,-2,225,304,288,229
13854,13854000,-43,-162,0,1040,-10,-86,-0,-11,-93,-8,225,305,289,229
13856,13856000,-43,-161,0,1040,-10,-85,-0,-6,-85,-3,225,305,290,229
13858,13858000,-43,-161,0,1040,-10,-84,-0,-13,-84,-2,225,306,291,229
13860,13860000,-43,-160,0,1040,-10,-84,-0,-13,-92,1,225,306,291,229
13862,13862000,-42,-159,0,1040,-10,-83,-0,-8,-83,-9,225,307,292,229
13864,13864000,-42,-158,0,1040,-10,-82,-0,-8,-91,-9,225,307,292,229
13866,13866000,-42,-158,0,1040,-10,-82,-0,-10,-85,-5,225,308,293,229
13868,13868000,-42,-157,0,1040,-10,-81,-0,-5,-82,-8,225,309,293,229
13870,13870000,-42,-156,0,1040,-10,-80,-0,-9,-80,-5,225,310,294,229
13872,13872000,-41,-155,0,1040,-10,-80,-0,-11,-79,-2,225,311,295,230
13874,13874000,-41,-155,0,1040,-10,-79,-0,-10,-75,-4,225,312,295,230
13876,13876000,-41,-154,0,1040,-10,-78,-0,-7,-82,-6,225,313,296,231
13878,13878000,-41,-153,0,1040,-10,-78,-0,-7,-78,-5,225,314,297,231
13880,13880000,-41,-152,0,1040,-10,-77,-0,-9,-86,-9,225,314,297,230
13882,13882000,-40,-152,0,1040,-10,-76,-0,-7,-77,-9,225,315,298,230
13884,13884000,-40,-151,0,1040,-9,-76,-0,-15,-78,-5,225,315,299,230
13886,13886000,-40,-150,0,1040,-9,-75,-0,-13,-85,-2,225,315,299,229
13888,13888000,-40,-150,0,1040,-9,-75,-0,-14,-76,-6,225,316,300,229
13890,13890000,-40,-149,0,1040,-9,-74,-0,-7,-76,-1,225,316,301,229
13892,13892000,-40,-148,0,1040,-9,-73,-0,-9,-73,-3,225,317,302,229
13894,13894000,-39,-147,0,1040,-9,-73,-0,-8,-78,-8,225,318,303,229
13896,13896000,-39,-147,0,1040,-9,-72,-0,-13,-73,-3,225,319,303,230
13898,13898000,-39,-146,0,1040,-9,-72,-0,-9,-73,-6,225,320,304,230
13900,13900000,-39,-145,0,1040,-9,-71,-0,-8,-73,-3,225,321,305,231
13902,13902000,-39,-145,0,1040,-9,-70,-0,-7,-73,-12,225,322,306,231
13904,13904000,-38,-144,0,1040,-9,-70,-0,-16,-77,-5,225,323,307,231
13906,13906000,-38,-143,0,1040,-9,-69,-0,-9,-72,-1,225,324,307,231
13908,13908000,-38,-143,0,1040,-9,-69,-0,-9,-69,-6,225,325,308,230
13910,13910000,-38,-142,0,1040,-9,-68,-0,-6,-70,-9,225,326,309,230
13912,13912000,-38,-141,0,1040,-9,-68,-0,-11,-71,-4,225,327,310,231
13914,13914000,-37,-141,0,1040,-9,-67,-0,-11,-72,-6,225,327,311,231
13916,13916000,-37,-140,0,1040,-8,-67,-0,-13,-68,-7,225,328,312,232
13918,13918000,-37,-139,0,1040,-8,-66,-0,-13,-70,-11,225,329,313,232
13920,13920000,-37,-139,0,1040,-8,-65,-0,-9,-67,-7,225,329,314,232
13922,13922000,-37,-138,0,1040,-8,-65,-0,-7,-65,-9,225,330,315,231
13924,13924000,-36,-137,0,1040,-8,-64,-0,-8,-69,-10,225,331,315,230
13926,13926000,-36,-137,0,1040,-8,-64,-0,-7,-62,-8,225,331,316,230
13928,13928000,-36,-136,0,1040,-8,-63,-0,-3,-64,-11,225,332,317,230
13930,13930000,-36,-135,0,1040,-8,-63,-0,-14,-70,-10,225,333,318,230
13932,13932000,-36,-135,0,1040,-8,-62,-0,-12,-64,-1,225,334,319,231
13934,13934000,-36,-134,0,1040,-8,-62,-0,-6,-68,-9,225,336,320,232
13936,13936000,-35,-133,0,1040,-8,-61,-0,-7,-66,-10,225,337,321,232
13938,13938000,-35,-133,0,1040,-8,-61,-0,-9,-62,-7,225,339,321,233
13940,13940000,-35,-132,0,1040,-8,-60,-0,-13,-66,-16,225,340,322,233
13942,13942000,-34,-132,0,1040,-8,-60,-0,-14,-64,-12,225,341,323,233
13944,13944000,-34,-131,0,1040,-8,-59,-0,-5,-60,-13,225,342,324,233
13946,13946000,-34,-130,0,1040,-7,-59,-0,-10,-65,-14,225,343,325,233
13948,13948000,-34,-130,0,1040,-7,-59,-0,-7,-59,-8,225,343,326,233
13950,13950000,-33,-129,0,1040,-7,-58,-0,-9,-63,-15,225,344,327,233
13952,13952000,-33,-129,0,1040,-7,-58,-0,-13,-59,-12,225,345,328,232
13954,13954000,-33,-128,0,1040,-7,-57,-0,-5,-53,-13,225,346,329,232
13956,13956000,-33,-127,0,1040,-7,-57,-0,-8,-64,-18,225,347,330,232
13958,13958000,-33,-127,0,1040,-7,-56,-0,-13,-58,-12,225,348,331,232
13960,13960000,-32,-126,0,1040,-7,-56,-0,-12,-58,-13,225,349,332,232
13962,13962000,-32,-126,0,1040,-7,-55,-0,-9,-59,-12,225,350,333,233
13964,13964000,-32,-125,0,1040,-7,-55,-0,-10,-57,-2,225,352,334,233
13966,13966000,-32,-124,0,1040,-7,-55,-0,-9,-58,-15,225,353,334,233
13968,13968000,-31,-124,0,1040,-7,-54,-0,-10,-60,-7,225,354,335,234
13970,13970000,-31,-123,0,1040,-7,-54,-0,-6,-55,-13,225,356,336,234
13972,13972000,-31,-123,0,1040,-7,-53,-0,-11,-57,-16,225,357,338,234
13974,13974000,-30,-122,0,1040,-6,-53,-0,-11,-52,-13,225,358,339,235
13976,13976000,-30,-122,0,1040,-6,-53,-0,-11,-61,-13,225,360,340,235
13978,13978000,-30,-121,0,1040,-6,-52,-0,-16,-55,-10,225,361,341,236
13980,13980000,-29,-121,0,1040,-6,-52,-0,-4,-54,-11,225,362,341,236
13982,13982000,-29,-120,0,1040,-6,-51,-0,-9,-59,-15,225,363,342,235
13984,13984000,-29,-119,0,1040,-6,-51,-0,-11,-50,-11,225,364,343,235
13986,13986000,-28,-119,0,1040,-6,-51,-0,-7,-54,-14,225,364,345,235
13988,13988000,-28,-118,0,1040,-6,-50,-0,-17,-57,-17,225,365,346,235
13990,13990000,-28,-118,0,1040,-6,-50,-0,-5,-47,-16,225,365,348,235
13992,13992000,-28,-117,0,1040,-6,-49,-0,-5,-57,-16,225,366,350,236
13994,13994000,-28,-117,0,1040,-6,-49,-0,-11,-51,-12,225,367,351,236
13996,13996000,-27,-116,0,1040,-6,-49,-0,-6,-53,-11,225,368,351,236
13998,13998000,-27,-115,0,1040,-6,-48,-0,-9,-49,-15,225,370,352,236
14000,14000000,-27,-115,0,1040,-6,-48,-0,-7,-49,-11,225,372,353,236
14002,14002000,-27,-114,0,1040,-5,-47,-0,-10,-50,-17,225,373,354,237
14004,14004000,-26,-114,0,1040,-5,-47,-0,-6,-47,-12,225,375,355,238
14006,14006000,-26,-113,0,1040,-5,-47,-0,-5,-54,-17,225,376,357,239
14008,14008000,-26,-113,0,1040,-5,-46,-0,-13,-52,-11,225,377,358,239
14010,14010000,-25,-112,0,1040,-5,-46,-0,-8,-44,-16,225,378,359,239
14012,14012000,-25,-112,0,1040,-5,-45,-0,-9,-53,-19,225,379,360,239
14014,14014000,-25,-111,0,1040,-5,-45,-0,-10,-46,-16,225,380,361,238
14016,14016000,-25,-110,0,1040,-5,-45,-0,-11,-50,-21,225,380,362,238
14018,14018000,-24,-110,0,1040,-5,-44,-0,-10,-54,-16,225,381,363,238
14020,14020000,-24,-109,0,1040,-5,-44,-0,-2,-49,-15,225,382,365,238
14022,14022000,-24,-109,0,1040,-5,-44,-0,-9,-48,-18,225,383,366,239
14024,14024000,-24,-108,0,1040,-5,-43,-0,-5,-44,-9,225,385,367,239
14026,14026000,-24,-108,0,1040,-5,-43,-0,-5,-49,-19,225,386,368,239
14028,14028000,-23,-107,0,1040,-5,-43,-0,-9,-53,-13,225,387,368,239
14030,14030000,-23,-107,0,1040,-5,-42,-0,-3,-47,-16,225,388,369,239
14032,14032000,-23,-106,0,1040,-4,-42,-0,-12,-49,-18,225,389,370,239
14034,14034000,-23,-106,0,1040,-4,-42,-0,-7,-44,-14,225,390,371,239
14036,14036000,-22,-105,0,1040,-4,-41,-0,-7,-49,-19,225,391,373,240
14038,14038000,-22,-105,0,1040,-4,-41,-0,-7,-45,-16,225,393,374,241
14040,14040000,-22,-104,0,1040,-4,-41,-0,-2,-42,-17,225,394,375,242
14042,14042000,-21,-104,0,1040,-4,-40,-0,-12,-49,-16,225,396,377,242
14044,14044000,-21,-103,0,1040,-4,-40,-0,-11,-43,-15,225,397,378,243
14046,14046000,-21,-103,0,1040,-4,-40,-0,-9,-44,-24,225,398,379,243
14048,14048000,-21,-102,0,1040,-4,-39,-0,-14,-43,-16,225,398,381,243
14050,14050000,-20,-101,0,1040,-4,-39,-0,-0,-47,-22,225,397,383,243
14052,14052000,-20,-101,0,1040,-4,-38,-0,-9,-46,-21,225,397,385,243
14054,14054000,-20,-100,0,1040,-4,-38,-0,-3,-36,-20,225,396,387,242
14056,14056000,-20,-99,0,1040,-4,-38,-0,-8,-44,-22,225,396,389,242
14058,14058000,-20,-99,0,1040,-4,-37,-0,-6,-41,-13,225,396,390,242
14060,14060000,-20,-98,0,1040,-4,-37,-0,-4,-39,-20,225,398,392,243
14062,14062000,-20,-97,0,1040,-4,-36,-0,-8,-43,-15,225,400,392,244
14064,14064000,-20,-97,0,1040,-4,-36,-0,-7,-40,-15,225,402,392,245
14066,14066000,-20,-96,0,1040,-4,-36,-0,-3,-46,-20,225,405,392,245
14068,14068000,-20,-96,0,1040,-4,-35,-0,-8,-44,-13,225,408,391,246
14070,14070000,-19,-95,0,1040,-4,-35,-0,-7,-41,-16,225,411,390,245
14072,14072000,-19,-95,0,1040,-3,-35,-0,-10,-45,-19,225,413,388,244
14074,14074000,-18,-95,0,1040,-3,-35,-0,-5,-35,-17,225,415,387,243
14076,14076000,-18,-95,0,1040,-3,-35,-0,-14,-43,-15,225,416,387,242
14078,14078000,-17,-95,0,1040,-3,-35,-0,-10,-41,-12,225,417,387,242
14080,14080000,-17,-94,0,1040,-3,-35,-0,-4,-38,-22,225,416,390,242
14082,14082000,-16,-94,0,1040,-3,-34,-0,-15,-37,-21,225,415,393,243
14084,14084000,-16,-93,0,1040,-3,-34,-0,-5,-41,-17,225,413,398,244
14086,14086000,-16,-93,0,1040,-3,-34,-0,-10,-38,-20,225,410,404,245
14088,14088000,-16,-92,0,1040,-3,-33,-0,-11,-35,-14,225,406,410,247
14090,14090000,-17,-91,0,1040,-3,-32,-0,2,-41,-24,225,404,415,248
14092,14092000,-17,-90,0,1040,-3,-32,-0,-5,-33,-17,225,404,418,250
14094,14094000,-18,-89,0,1040,-3,-31,-0,-3,-37,-20,225,407,418,251
14096,14096000,-18,-88,0,1040,-3,-31,-0,-9,-45,-18,225,412,414,250
14098,14098000,-17,-88,0,1040,-3,-31,-0,-4,-36,-19,225,419,407,249
14100,14100000,-17,-87,0,1040,-3,-31,-0,-5,-40,-21,225,427,399,247
14102,14102000,-16,-88,0,1040,-3,-31,-0,-7,-35,-10,225,432,393,245
14104,14104000,-15,-88,0,1040,-3,-31,-0,-6,-36,-20,225,435,390,244
14106,14106000,-14,-88,0,1040,-2,-31,-0,-11,-35,-17,225,434,393,244
14108,14108000,-13,-88,0,1040,-2,-31,-0,-3,-28,-20,225,430,399,245
14110,14110000,-13,-87,0,1040,-2,-31,-0,-12,-36,-22,225,424,408,247
14112,14112000,-13,-87,0,1040,-2,-30,-0,-10,-35,-12,225,419,417,249
14114,14114000,-13,-86,0,1040,-2,-30,-0,-5,-35,-21,225,416,423,251
14116,14116000,-14,-85,0,1040,-2,-29,-0,-6,-41,-19,225,417,423,251
14118,14118000,-14,-84,0,1040,-2,-29,-0,-3,-37,-13,225,422,419,251
14120,14120000,-13,-84,0,1040,-2,-29,-0,-9,-36,-22,225,430,410,249
14122,14122000,-12,-84,0,1040,-2,-29,-0,-6,-31,-16,225,439,400,247
14124,14124000,-11,-84,0,1040,-2,-29,-0,-6,-37,-18,225,446,392,244
14126,14126000,-10,-85,0,1040,-2,-29,-0,-14,-36,-15,225,449,388,242
14128,14128000,-9,-85,0,1040,-1,-29,-0,-4,-30,-13,225,449,389,241
14130,14130000,-8,-86,0,1040,-1,-30,-0,-13,-34,-20,225,444,395,242
14132,14132000,-7,-85,0,1040,-1,-29,-0,-7,-34,-19,225,436,406,245
14134,14134000,-7,-85,0,1040,-1,-29,-0,-3,-35,-17,225,428,419,249
14136,14136000,-8,-83,0,1040,-1,-28,-0,-11,-36,-14,225,421,432,253
14138,14138000,-9,-82,0,1040,-1,-27,-0,3,-37,-15,225,416,442,258
14140,14140000,-10,-80,0,1040,-2,-27,-0,-8,-37,-20,225,414,448,261
14142,14142000,-11,-78,0,1040,-2,-26,-0,-5,-36,-17,225,416,449,263
14144,14144000,-11,-77,0,1040,-2,-25,-0,-4,-40,-21,225,420,445,262
14146,14146000,-12,-76,0,1040,-2,-24,-0,-9,-33,-19,225,426,439,261
14148,14148000,-12,-75,0,1040,-2,-24,-0,-3,-33,-16,225,433,431,259
14150,14150000,-11,-75,0,1040,-2,-24,-0,-12,-35,-17,225,440,422,256
14152,14152000,-10,-75,0,1040,-2,-24,-0,-11,-29,-16,225,446,413,253
14154,14154000,-9,-75,0,1040,-2,-24,-0,-4,-31,-16,225,451,407,250
14156,14156000,-8,-76,0,1040,-1,-24,-0,-10,-29,-16,225,453,402,247
14158,14158000,-7,-76,0,1040,-1,-25,-0,-6,-26,-21,225,451,402,245
14160,14160000,-7,-77,0,1040,-1,-25,-0,-14,-29,-14,225,446,407,244
14162,14162000,-6,-76,0,1040,-1,-25,-0,-7,-30,-20,225,438,417,245
14164,14164000,-7,-76,0,1040,-1,-24,-0,-6,-37,-21,225,428,430,249
14166,14166000,-8,-74,0,1040,-1,-24,-0,-7,-29,-12,225,418,446,254
14168,14168000,-9,-73,0,1040,-1,-23,-0,2,-35,-19,225,411,459,259
14170,14170000,-11,-71,0,1040,-2,-22,-0,-4,-38,-15,225,407,469,264
14172,14172000,-12,-68,0,1040,-2,-21,-0,5,-30,-16,225,408,471,267
14174,14174000,-13,-67,0,1040,-2,-20,-0,-4,-38,-22,225,413,467,267
14176,14176000,-14,-65,0,1040,-2,-19,-0,0,-31,-10,225,421,458,265
14178,14178000,-14,-65,0,1040,-3,-19,-0,1,-33,-21,225,430,446,262
14180,14180000,-14,-64,0,1040,-2,-19,-0,-6,-31,-20,225,438,434,258
14182,14182000,-13,-65,0,1040,-2,-19,-0,-1,-28,-19,225,443,425,254
14184,14184000,-13,-65,0,1040,-2,-19,-0,-6,-29,-20,225,446,420,251
14186,14186000,-12,-65,0,1040,-2,-19,-0,-6,-28,-17,225,446,418,249
14188,14188000,-11,-66,0,1040,-2,-20,-0,-3,-29,-16,225,445,418,248
14190,14190000,-10,-66,0,1040,-2,-20,-0,-11,-31,-10,225,443,420,248
14192,14192000,-10,-66,0,1040,-2,-20,-0,-5,-29,-23,225,443,421,248
14194,14194000,-9,-67,0,1040,-1,-20,-0,-6,-32,-15,225,443,421,249
14196,14196000,-9,-67,0,1040,-1,-20,-0,-6,-23,-11,225,444,421,250
14198,14198000,-8,-67,0,1040,-1,-20,-0,-6,-28,-17,225,444,422,250
14200,14200000,-7,-67,0,1040,-1,-20,-0,-9,-22,-10,225,443,423,251
14202,14202000,-7,-67,0,1040,-1,-20,-0,2,-28,-17,225,442,425,251
14204,14204000,-7,-67,0,1040,-1,-20,-0,-3,-26,-14,225,441,426,251
14206,14206000,-6,-67,0,1040,-1,-20,-0,-6,-25,-12,225,442,425,252
14208,14208000,-6,-67,0,1040,-1,-20,-0,-11,-28,-19,225,444,423,252
14210,14210000,-5,-67,0,1040,-1,-20,-0,-4,-21,-15,225,449,419,252
14212,14212000,-4,-67,0,1040,-1,-20,-0,-3,-24,-22,225,453,414,252
14214,14214000,-3,-67,0,1040,-0,-20,-0,-12,-24,-13,225,456,411,251
14216,14216000,-2,-68,0,1040,-0,-20,-0,-11,-19,-12,225,455,411,250
14218,14218000,-1,-68,0,1040,-0,-20,-0,-8,-28,-16,225,449,416,251
14220,14220000,-1,-67,0,1040,-0,-20,-0,-7,-21,-11,225,439,428,252
14222,14222000,-2,-66,0,1040,-0,-20,-0,-5,-29,-17,225,427,442,254
14224,14224000,-3,-64,0,1040,-0,-19,-0,-2,-31,-10,225,416,457,258
14226,14226000,-5,-62,0,1040,-1,-18,-0,-2,-30,-15,225,410,466,261
14228,14228000,-6,-60,0,1040,-1,-17,-0,-1,-37,-12,225,412,467,263
14230,14230000,-7,-59,0,1040,-1,-17,-0,-0,-27,-4,225,421,458,264
14232,14232000,-8,-58,0,1040,-1,-16,-0,-5,-32,-15,225,436,441,262
14234,14234000,-7,-59,0,1040,-1,-16,-0,-8,-21,-12,225,453,421,259
14236,14236000,-5,-60,0,1040,-1,-17,-0,-4,-20,-16,225,467,402,254
14238,14238000,-3,-61,0,1040,-0,-17,-0,-14,-25,-10,225,474,390,250
14240,14240000,-1,-62,0,1040,-0,-18,-0,-5,-17,-10,225,474,387,247
14242,14242000,1,-63,0,1040,0,-19,-0,-12,-24,-9,225,466,393,246
14244,14244000,2,-64,0,1040,0,-19,-0,-11,-20,-6,225,453,407,247
14246,14246000,2,-63,0,1040,0,-19,-0,-7,-28,-15,225,438,425,250
14248,14248000,1,-62,0,1040,0,-18,-0,-7,-27,-7,225,424,441,253
14250,14250000,0,-61,0,1040,-0,-17,-0,2,-23,-14,225,415,453,257
14252,14252000,-2,-59,0,1040,-0,-17,-0,-5,-30,-8,225,411,459,259
14254,14254000,-3,-57,0,1040,-0,-16,-0,-3,-23,-3,225,413,459,261
14256,14256000,-4,-56,0,1040,-1,-15,-0,-2,-26,-11,225,417,455,261
14258,14258000,-5,-55,0,1040,-1,-15,-0,-6,-31,-9,225,422,449,261
14260,14260000,-6,-54,0,1040,-1,-14,-0,3,-23,-12,225,426,445,260
14262,14262000,-7,-53,0,1040,-1,-14,-0,-0,-32,-11,225,428,442,259
14264,14264000,-7,-52,0,1040,-1,-14,-0,3,-22,-6,225,427,441,259
14266,14266000,-7,-52,0,1040,-1,-14,-0,4,-28,-15,225,426,441,258
14268,14268000,-8,-51,0,1040,-1,-13,-0,-9,-25,-8,225,426,440,257
14270,14270000,-8,-51,0,1040,-1,-13,-0,2,-22,-14,225,428,437,257
14272,14272000,-8,-50,0,1040,-1,-13,-0,-3,-27,-8,225,432,432,256
14274,14274000,-7,-50,0,1040,-1,-13,-0,0,-25,-10,225,438,425,255
14276,14276000,-7,-51,0,1040,-1,-13,-0,-6,-24,-11,225,443,418,254
14278,14278000,-6,-51,0,1040,-1,-14,-0,-8,-18,-8,225,445,413,252
14280,14280000,-5,-52,0,1040,-1,-14,-0,1,-22,-11,225,444,412,250
14282,14282000,-4,-52,0,1040,-1,-14,-0,-4,-17,-9,225,440,414,249
14284,14284000,-4,-52,0,1040,-1,-14,-0,1,-18,-12,225,434,420,248
14286,14286000,-4,-52,0,1040,-1,-14,-0,-5,-22,-11,225,426,427,249
14288,14288000,-5,-52,0,1040,-1,-14,-0,2,-23,-7,225,420,434,250
14290,14290000,-5,-51,0,1040,-1,-13,-0,5,-24,-11,225,415,440,251
14292,14292000,-6,-50,0,1040,-1,-13,-0,1,-23,-10,225,411,445,253
14294,14294000,-7,-49,0,1040,-1,-13,-0,6,-23,-6,225,409,448,255
14296,14296000,-8,-47,0,1040,-1,-12,-0,0,-31,-10,225,408,450,256
14298,14298000,-9,-46,0,1040,-2,-12,-0,1,-21,-10,225,409,451,258
14300,14300000,-10,-45,0,1040,-2,-11,-0,0,-27,-10,225,411,449,259
14302,14302000,-11,-44,0,1040,-2,-11,-0,-3,-28,-6,225,415,445,259
14304,14304000,-11,-44,0,1040,-2,-11,-0,6,-23,-7,225,421,437,258
14306,14306000,-11,-44,0,1040,-2,-11,-0,-4,-27,-8,225,428,428,256
14308,14308000,-10,-44,0,1040,-2,-11,-0,-3,-12,-3,225,434,419,253
14310,14310000,-9,-45,0,1040,-1,-11,-0,-1,-20,-12,225,438,411,250
14312,14312000,-8,-46,0,1040,-1,-11,-0,-6,-15,0,225,439,407,248
14314,14314000,-7,-46,0,1040,-1,-12,-0,2,-18,-9,225,438,407,247
14316,14316000,-6,-47,0,1040,-1,-12,-0,-6,-22,-7,225,434,410,247
14318,14318000,-6,-47,0,1040,-1,-12,-0,1,-16,-5,225,430,415,248
14320,14320000,-5,-47,0,1040,-1,-12,-0,-6,-20,-10,225,427,418,249
14322,14322000,-5,-47,0,1040,-1,-12,-0,-5,-16,2,225,428,417,249
14324,14324000,-4,-48,0,1040,-1,-12,-0,-4,-18,-10,225,433,411,249
14326,14326000,-3,-49,0,1040,-0,-12,-0,-8,-19,-1,225,441,401,247
14328,14328000,-2,-50,0,1040,-0,-13,-0,-6,-12,-3,225,449,389,244
14330,14330000,0,-51,0,1040,0,-13,-0,-14,-17,-3,225,455,380,242
14332,14332000,2,-53,0,1040,0,-14,-0,-7,-12,-2,225,456,377,240
14334,14334000,3,-54,0,1040,1,-14,-0,-8,-14,-10,225,451,382,241
14336,14336000,4,-54,0,1040,1,-15,-0,-8,-11,0,225,440,394,242
14338,14338000,4,-54,0,1040,1,-14,-0,-5,-17,-5,225,427,411,246
14340,14340000,3,-53,0,1040,1,-14,-0,-5,-21,-5,225,414,428,250
14342,14342000,2,-51,0,1040,0,-13,-0,-6,-16,-0,225,404,441,254
14344,14344000,1,-49,0,1040,0,-13,-0,4,-21,-8,225,401,447,258
14346,14346000,-1,-48,0,1040,-0,-12,-0,-0,-24,-5,225,405,444,259
14348,14348000,-1,-47,0,1040,-0,-12,-0,4,-16,-4,225,414,435,259
14350,14350000,-2,-46,0,1040,-0,-12,-0,-4,-19,-5,225,425,421,256
14352,14352000,-1,-46,0,1040,-0,-12,-0,-6,-16,1,225,434,408,253
14354,14354000,-1,-46,0,1040,-0,-12,-0,-6,-14,-8,225,439,400,250
14356,14356000,0,-47,0,1040,0,-12,-0,-12,-13,3,225,439,398,248
14358,14358000,1,-47,0,1040,0,-12,-0,-1,-15,-5,225,433,402,247
14360,14360000,1,-47,0,1040,0,-12,-0,-8,-23,-5,225,425,411,248
14362,14362000,0,-46,0,1040,0,-12,-0,2,-17,2,225,417,420,250
14364,14364000,-1,-45,0,1040,-0,-11,-0,-4,-20,-7,225,410,429,252
14366,14366000,-2,-44,0,1040,-0,-11,-0,-2,-18,-5,225,406,434,254
14368,14368000,-3,-43,0,1040,-0,-10,-0,5,-23,-4,225,404,437,255
14370,14370000,-4,-41,0,1040,-1,-10,-0,-1,-18,-4,225,403,439,256
14372,14372000,-5,-40,0,1040,-1,-9,-0,2,-15,-3,225,401,442,256
14374,14374000,-7,-38,0,1040,-1,-9,-0,7,-23,-3,225,397,446,257
14376,14376000,-8,-37,0,1040,-1,-8,-0,4,-21,-1,225,391,452,258
14378,14378000,-10,-34,0,1040,-2,-8,-0,9,-20,-5,225,384,459,258
14380,14380000,-13,-32,0,1040,-2,-7,-0,7,-29,-0,225,377,465,258
14382,14382000,-15,-30,0,1040,-3,-6,-0,14,-23,-0,225,373,468,257
14384,14384000,-17,-28,0,1040,-3,-6,-0,13,-28,-5,225,374,466,255
14386,14386000,-19,-26,0,1040,-3,-5,-0,4,-23,4,225,379,459,254
14388,14388000,-20,-25,0,1040,-4,-5,-0,5,-26,-7,225,390,447,253
14390,14390000,-20,-25,0,1040,-4,-5,-0,3,-21,-0,225,403,432,252
14392,14392000,-19,-26,0,1040,-4,-5,-0,3,-20,1,225,417,417,252
14394,14394000,-18,-27,0,1040,-3,-5,-0,-4,-22,-4,225,429,405,252
14396,14396000,-16,-28,0,1040,-3,-6,-0,-1,-10,2,225,435,398,251
14398,14398000,-14,-30,0,1040,-2,-6,-0,-3,-20,-5,225,437,394,250
14400,14400000,-12,-31,0,1040,-2,-7,-0,-7,-8,3,225,437,394,250
14402,14402000,-10,-32,0,1040,-2,-7,-0,1,-10,-3,225,436,394,249
14404,14404000,-9,-34,0,1040,-1,-8,-0,-3,-16,-6,225,436,392,249
14406,14406000,-7,-35,0,1040,-1,-8,-0,-6,-8,5,225,439,389,248
14408,14408000,-5,-37,0,1040,-1,-8,-0,-7,-13,-5,225,441,384,247
14410,14410000,-2,-39,0,1040,-0,-9,-0,-14,-8,1,225,443,381,245
14412,14412000,-1,-40,0,1040,-0,-9,-0,-7,-9,-6,225,441,380,244
14414,14414000,1,-41,0,1040,0,-10,-0,-11,-17,2,225,436,382,242
14416,14416000,2,-42,0,1040,0,-10,-0,-4,-4,0,225,430,388,242
14418,14418000,3,-43,0,1040,0,-10,-0,-9,-9,-3,225,423,395,243
14420,14420000,3,-43,0,1040,0,-10,-0,-2,-12,1,225,418,401,244
14422,14422000,3,-42,0,1040,0,-10,-0,-3,-12,-0,225,415,405,246
14424,14424000,3,-42,0,1040,0,-10,-0,-4,-11,2,225,415,406,248
14426,14426000,3,-42,0,1040,0,-10,-0,-6,-11,3,225,416,406,249
14428,14428000,3,-42,0,1040,0,-10,-0,-4,-15,-2,225,418,404,249
14430,14430000,3,-41,0,1040,0,-10,-0,-8,-11,1,225,418,403,249
14432,14432000,3,-41,0,1040,0,-10,-0,-2,-17,2,225,418,404,249
14434,14434000,2,-41,0,1040,0,-10,-0,-7,-13,-1,225,416,404,248
14436,14436000,2,-40,0,1040,0,-10,-0,-2,-7,-5,225,415,405,248
14438,14438000,2,-40,0,1040,0,-9,-0,-8,-18,0,225,415,404,248
14440,14440000,2,-40,0,1040,0,-9,-0,-8,-5,3,225,415,403,247
14442,14442000,2,-40,0,1040,0,-9,-0,-3,-14,1,225,416,402,247
14444,14444000,2,-39,0,1040,0,-9,-0,-2,-12,4,225,415,403,247
14446,14446000,1,-39,0,1040,0,-9,-0,-1,-14,-1,225,411,407,248
14448,14448000,0,-38,0,1040,0,-9,-0,-4,-17,-2,225,404,416,250
14450,14450000,-1,-36,0,1040,-0,-8,-0,-0,-15,6,225,393,428,252
14452,14452000,-3,-34,0,1040,-0,-8,-0,7,-19,-2,225,382,442,253
14454,14454000,-6,-32,0,1040,-1,-7,-0,3,-21,3,225,372,452,254
14456,14456000,-8,-29,0,1040,-1,-6,-0,8,-22,-1,225,366,457,254
14458,14458000,-11,-27,0,1040,-2,-6,-0,3,-26,-2,225,367,455,252
14460,14460000,-13,-25,0,1040,-2,-5,-0,8,-20,2,225,376,444,251
14462,14462000,-14,-25,0,1040,-2,-5,-0,6,-23,-4,225,390,429,250
14464,14464000,-14,-24,0,1040,-2,-5,-0,2,-15,7,225,405,413,249
14466,14466000,-13,-25,0,1040,-2,-5,-0,2,-13,-6,225,417,402,249
14468,14468000,-12,-25,0,1040,-2,-5,-0,-5,-16,2,225,420,398,249
14470,14470000,-12,-26,0,1040,-2,-5,-0,2,-8,1,225,416,403,250
14472,14472000,-11,-26,0,1040,-2,-5,-0,1,-23,1,225,405,413,250
14474,14474000,-12,-25,0,1040,-2,-5,-0,1,-12,3,225,394,424,250
14476,14476000,-13,-24,0,1040,-2,-5,-0,6,-15,-0,225,387,431,250
14478,14478000,-13,-24,0,1040,-2,-5,-0,0,-17,3,225,386,431,249
14480,14480000,-13,-23,0,1040,-2,-5,-0,11,-18,-6,225,395,422,249
14482,14482000,-13,-24,0,1040,-2,-5,-0,3,-15,3,225,412,405,248
14484,14484000,-11,-25,0,1040,-2,-5,-0,-8,-8,4,225,432,383,247
14486,14486000,-8,-28,0,1040,-1,-6,-0,-8,-7,0,225,450,363,245
14488,14488000,-5,-30,0,1040,-1,-6,-0,-12,-4,0,225,460,349,243
14490,14490000,-2,-33,0,1040,-0,-7,-0,-3,-5,-1,225,460,347,240
14492,14492000,1,-35,0,1040,0,-8,-0,-15,-7,3,225,450,355,239
14494,14494000,3,-37,0,1040,0,-8,-0,-9,-5,5,225,434,372,239
14496,14496000,3,-37,0,1040,0,-9,-0,-2,-10,-4,225,416,391,242
14498,14498000,3,-37,0,1040,0,-8,-0,-5,-9,6,225,401,408,244
14500,14500000,2,-36,0,1040,0,-8,-0,-0,-14,2,225,391,421,247
14502,14502000,1,-34,0,1040,0,-8,-0,-5,-13,3,225,387,427,250
14504,14504000,0,-33,0,1040,-0,-7,-0,4,-10,1,225,389,427,251
14506,14506000,-1,-32,0,1040,-0,-7,-0,-2,-11,-3,225,396,421,252
14508,14508000,-2,-31,0,1040,-0,-7,-0,-8,-5,5,225,404,412,252
14510,14510000,-2,-31,0,1040,-0,-7,-0,3,-14,-3,225,413,402,251
14512,14512000,-1,-31,0,1040,-0,-7,-0,-3,-10,2,225,419,394,249
14514,14514000,-1,-32,0,1040,-0,-7,-0,-2,-6,-0,225,424,387,247
14516,14516000,0,-32,0,1040,0,-7,-0,-4,-12,-0,225,425,384,245
14518,14518000,1,-33,0,1040,0,-7,-0,-3,-1,4,225,424,383,244
14520,14520000,1,-33,0,1040,0,-7,-0,-2,-10,2,225,420,386,243
14522,14522000,2,-33,0,1040,0,-7,-0,-7,-11,4,225,415,392,244
14524,14524000,2,-33,0,1040,0,-7,-0,2,-8,-2,225,407,401,245
14526,14526000,1,-32,0,1040,0,-7,-0,1,-14,1,225,398,412,247
14528,14528000,0,-31,0,1040,-0,-7,-0,0,-12,1,225,389,423,249
14530,14530000,-2,-29,0,1040,-0,-6,-0,10,-16,-1,225,382,431,251
14532,14532000,-4,-27,0,1040,-1,-6,-0,4,-18,5,225,379,436,252
14534,14534000,-6,-26,0,1040,-1,-5,-0,10,-11,-4,225,379,435,252
14536,14536000,-7,-24,0,1040,-1,-5,-0,-1,-14,-0,225,384,430,252
14538,14538000,-8,-23,0,1040,-1,-5,-0,6,-10,3,225,392,422,251
14540,14540000,-8,-23,0,1040,-1,-4,-0,-3,-13,0,225,401,412,250
14542,14542000,-8,-23,0,1040,-1,-4,-0,-1,-11,3,225,409,402,249
14544,14544000,-8,-23,0,1040,-1,-4,-0,-2,-11,-0,225,415,395,248
14546,14546000,-7,-24,0,1040,-1,-5,-0,0,-10,-1,225,417,392,247
14548,14548000,-6,-24,0,1040,-1,-5,-0,3,-4,0,225,414,393,246
14550,14550000,-6,-24,0,1040,-1,-5,-0,-1,-8,-2,225,410,398,246
14552,14552000,-6,-24,0,1040,-1,-5,-0,-2,-12,4,225,404,404,247
14554,14554000,-6,-24,0,1040,-1,-5,-0,6,-7,-1,225,401,408,248
14556,14556000,-6,-24,0,1040,-1,-5,-0,-4,-9,-3,225,401,409,248
14558,14558000,-6,-24,0,1040,-1,-5,-0,-1,-6,-4,225,404,406,248
14560,14560000,-5,-24,0,1040,-1,-5,-0,-5,-12,-4,225,410,398,248
14562,14562000,-4,-25,0,1040,-1,-5,-0,-7,-1,4,225,418,389,246
14564,14564000,-3,-26,0,1040,-0,-5,-0,-4,-4,-2,225,425,380,244
14566,14566000,-2,-27,0,1040,-0,-6,-0,-8,-6,1,225,431,372,243
14568,14568000,0,-29,0,1040,0,-6,-0,-8,2,-1,225,434,367,242
14570,14570000,2,-30,0,1040,0,-6,-0,-10,-10,2,225,436,366,241
14572,14572000,4,-32,0,1040,1,-7,-0,-4,2,4,225,435,367,242
14574,14574000,5,-33,0,1040,1,-7,-0,-6,-6,3,225,432,371,243
14576,14576000,6,-33,0,1040,1,-7,-0,-9,-1,1,225,426,378,244
14578,14578000,6,-33,0,1040,1,-7,-0,-1,1,2,225,415,389,245
14580,14580000,6,-33,0,1040,1,-7,-0,-3,-13,0,225,401,405,247
14582,14582000,4,-31,0,1040,1,-7,-0,7,-9,4,225,383,425,249
14584,14584000,2,-28,0,1040,0,-6,-0,3,-13,1,225,365,445,251
14586,14586000,-2,-25,0,1040,-0,-5,-0,3,-17,4,225,351,461,253
14588,14588000,-6,-22,0,1040,-1,-4,-0,14,-17,0,225,343,470,254
14590,14590000,-9,-18,0,1040,-2,-3,-0,9,-19,-0,225,344,469,254
14592,14592000,-12,-15,0,1040,-2,-3,-0,13,-18,3,225,353,459,253
14594,14594000,-14,-13,0,1040,-2,-2,-0,11,-21,-3,225,369,442,252
14596,14596000,-15,-12,0,1040,-3,-2,-0,1,-15,8,225,389,422,252
14598,14598000,-15,-12,0,1040,-3,-2,-0,2,-13,2,225,409,401,252
14600,14600000,-13,-13,0,1099,-2,-2,-0,-5,-14,-1,244,452,412,274
14602,14602000,-11,-15,0,1203,-2,-3,-0,-8,-11,0,439,654,599,469
14604,14604000,-10,-16,0,1288,-2,-3,-0,2,-10,2,601,810,765,631
14606,14606000,-9,-16,0,1359,-1,-3,-0,-3,-15,3,736,922,920,765
14608,14608000,-10,-15,0,1417,-2,-3,-0,9,-18,-4,847,996,1067,876
14610,14610000,-13,-13,0,1466,-2,-2,-0,17,-19,1,940,1046,1200,968
14612,14612000,-17,-9,0,1506,-3,-1,-0,16,-23,7,1013,1087,1310,1047
14614,14614000,-22,-3,0,1539,-4,-0,-0,16,-28,4,1066,1137,1385,1121
14616,14616000,-24,2,0,1567,-5,0,-0,17,-33,-1,1103,1209,1416,1189
14618,14618000,-24,5,0,1590,-5,1,-0,1,-29,2,1134,1303,1408,1245
14620,14620000,-20,4,0,1609,-4,1,-0,-1,-15,1,1174,1409,1372,1277
14622,14622000,-14,-1,0,1624,-2,-0,-0,-12,2,5,1238,1514,1325,1273
14624,14624000,-8,-12,0,1637,-1,-2,-0,-12,16,1,1328,1602,1286,1233
14626,14626000,-4,-28,0,1648,-1,-6,-0,-8,38,5,1437,1664,1263,1167
14628,14628000,-4,-48,0,1657,-1,-12,-0,4,57,-0,1546,1699,1258,1094
14630,14630000,-7,-68,0,1664,-1,-21,-0,12,73,2,1632,1711,1272,1038
14632,14632000,-14,-88,0,1671,-2,-31,-0,18,69,8,1676,1707,1296,1020
14634,14634000,-20,-103,0,1676,-4,-40,-0,18,67,8,1670,1700,1320,1048
14636,14636000,-24,-114,0,1680,-5,-47,-0,13,60,8,1615,1693,1340,1120
14638,14638000,-23,-119,0,1683,-4,-51,-0,4,50,8,1526,1684,1359,1225
14640,14640000,-17,-119,0,1686,-3,-51,-0,-10,38,8,1422,1676,1376,1342
14642,14642000,-7,-115,0,1689,-1,-48,-0,-33,18,9,1328,1668,1390,1448
14644,14644000,7,-108,0,1691,1,-43,-0,-43,14,9,1263,1663,1401,1523
14646,14646000,23,-100,0,1692,5,-38,-0,-59,3,13,1222,1667,1400,1573
14648,14648000,41,-91,0,1693,10,-33,-0,-66,2,12,1192,1680,1390,1610
14650,14650000,59,-82,0,1695,17,-28,-0,-73,-8,9,1161,1695,1377,1648
14652,14652000,78,-72,0,1696,25,-23,-0,-86,-12,13,1121,1700,1372,1694
14654,14654000,95,-60,0,1696,35,-17,-0,-88,-28,16,1077,1686,1386,1744
14656,14656000,109,-45,0,1697,44,-11,-0,-79,-38,11,1051,1639,1433,1775
14658,14658000,117,-28,0,1697,49,-6,-0,-72,-52,11,1071,1554,1517,1760
14660,14660000,115,-9,0,1698,48,-1,-0,-41,-66,10,1163,1432,1639,1671
14662,14662000,100,10,0,1698,38,2,-0,0,-70,13,1327,1289,1781,1511
14664,14664000,72,25,0,1699,23,5,-0,44,-67,16,1516,1152,1917,1326
14666,14666000,33,34,0,1699,7,8,-0,88,-58,13,1685,1072,1995,1160
14668,14668000,-12,37,0,1699,-2,8,-0,126,-35,18,1797,1088,1979,1050
14670,14670000,-59,32,0,1699,-17,7,-0,155,-14,13,1893,1139,1928,955
14672,14672000,-100,21,0,1699,-38,4,-0,150,-6,14,1943,1208,1858,907
14674,14674000,-129,8,0,1699,-58,1,-0,125,6,13,1890,1306,1760,961
14676,14676000,-141,-4,0,1700,-67,-1,-0,84,12,11,1715,1436,1629,1137
14678,14678000,-135,-13,0,1700,-63,-2,-0,41,3,13,1472,1585,1480,1381
14680,14680000,-116,-16,0,1700,-48,-3,-0,-6,-9,10,1251,1704,1360,1605
14682,14682000,-88,-14,0,1700,-31,-2,-0,-26,-21,10,1119,1751,1310,1739
14684,14684000,-61,-10,0,1700,-17,-2,-0,-43,-22,21,1101,1731,1328,1758
14686,14686000,-38,-6,0,1700,-9,-1,-0,-38,-20,16,1180,1674,1384,1683
14688,14688000,-23,-5,0,1700,-4,-1,-0,-32,-21,16,1301,1619,1437,1564
14690,14690000,-15,-8,0,1700,-3,-1,-0,-10,0,12,1419,1587,1467,1447
14692,14692000,-13,-15,0,1700,-2,-3,-0,3,9,14,1513,1578,1474,1356
14694,14694000,-14,-25,0,1700,-2,-5,-0,9,19,15,1562,1581,1469,1308
14696,14696000,-16,-34,0,1700,-3,-8,-0,11,21,15,1558,1582,1467,1314
14698,14698000,-18,-40,0,1700,-3,-10,-0,3,12,14,1510,1568,1479,1363
14700,14700000,-17,-42,0,1700,-3,-10,-0,6,5,13,1443,1541,1506,1432
14702,14702000,-14,-38,0,1700,-2,-9,-0,-5,-5,18,1377,1510,1535,1499
14704,14704000,-10,-32,0,1700,-2,-7,-0,-5,-22,15,1333,1496,1548,1544
14706,14706000,-3,-25,0,1700,-0,-5,-0,-25,-22,18,1322,1514,1529,1555
14708,14708000,6,-22,0,1700,1,-4,-0,-32,-11,16,1337,1565,1477,1542
14710,14710000,17,-22,0,1700,3,-4,-0,-44,1,14,1355,1639,1401,1525
14712,14712000,32,-28,0,1700,7,-6,-0,-55,17,21,1362,1725,1314,1520
14714,14714000,51,-36,0,1700,13,-8,-0,-78,22,23,1344,1801,1236,1540
14716,14716000,73,-44,0,1700,23,-11,-0,-95,23,19,1298,1848,1187,1588
14718,14718000,94,-49,0,1700,35,-13,-0,-103,17,13,1239,1853,1181,1648
14720,14720000,114,-50,0,1700,47,-13,-0,-103,4,17,1192,1817,1216,1696
14722,14722000,128,-47,0,1700,57,-12,-0,-92,-5,13,1181,1747,1285,1708
14724,14724000,135,-43,0,1700,62,-10,-0,-74,-10,20,1229,1658,1373,1661
14726,14726000,132,-39,0,1700,60,-9,-0,-55,-8,19,1342,1566,1463,1550
14728,14728000,120,-38,0,1700,51,-9,-0,-25,2,17,1493,1490,1537,1401
14730,14730000,101,-43,0,1700,39,-10,-0,2,15,20,1645,1448,1578,1251
14732,14732000,77,-53,0,1700,25,-14,-0,27,39,15,1764,1448,1576,1132
14734,14734000,52,-66,0,1700,14,-20,-0,37,49,18,1826,1481,1543,1071
14736,14736000,29,-79,0,1700,6,-26,-0,43,50,16,1817,1524,1500,1080
14738,14738000,9,-90,0,1700,1,-32,-0,50,53,15,1751,1549,1474,1147
14740,14740000,-7,-96,0,1700,-1,-35,-0,40,36,24,1650,1543,1480,1248
14742,14742000,-17,-94,0,1700,-3,-35,-0,34,18,18,1538,1503,1520,1360
14744,14744000,-23,-87,0,1700,-5,-30,-0,33,2,19,1430,1450,1572,1470
14746,14746000,-26,-74,0,1700,-5,-24,-0,17,-20,12,1346,1412,1610,1554
14748,14748000,-25,-60,0,1700,-5,-17,-0,9,-29,12,1302,1404,1617,1598
14750,14750000,-22,-47,0,1700,-4,-12,-0,8,-30,12,1299,1426,1594,1602
14752,14752000,-18,-35,0,1700,-3,-8,-0,1,-24,20,1320,1465,1555,1581
14754,14754000,-12,-27,0,1700,-2,-6,-0,-8,-20,19,1349,1504,1515,1553
14756,14756000,-6,-23,0,1700,-1,-4,-0,-18,-20,20,1375,1535,1484,1527
14758,14758000,0,-20,0,1700,-0,-4,-0,-19,-16,19,1393,1553,1465,1510
14760,14760000,6,-19,0,1700,1,-3,-0,-22,-16,24,1402,1561,1456,1502
14762,14762000,12,-19,0,1700,2,-3,-0,-19,-12,14,1408,1563,1453,1497
14764,14764000,17,-19,0,1700,3,-4,-0,-16,-3,20,1416,1565,1451,1490
14766,14766000,21,-21,0,1700,4,-4,-0,-15,-3,24,1430,1568,1447,1476
14768,14768000,23,-24,0,1700,5,-5,-0,-19,3,22,1452,1573,1442,1454
14770,14770000,24,-29,0,1700,5,-6,-0,-8,4,19,1478,1578,1436,1429
14772,14772000,24,-34,0,1700,5,-8,-0,-0,11,17,1501,1580,1434,1406
14774,14774000,22,-40,0,1700,4,-10,-0,-10,19,22,1515,1577,1436,1393
14776,14776000,20,-46,0,1700,4,-11,-0,6,16,15,1516,1570,1442,1393
14778,14778000,17,-50,0,1700,3,-13,-0,-2,14,16,1507,1561,1451,1403
14780,14780000,16,-52,0,1700,3,-14,-0,-2,13,17,1490,1552,1459,1420
14782,14782000,15,-53,0,1700,3,-14,-0,1,8,21,1472,1547,1464,1438
14784,14784000,14,-53,0,1700,3,-14,-0,-10,4,15,1457,1545,1466,1453
14786,14786000,15,-52,0,1700,3,-14,-0,-4,-1,13,1448,1546,1465,1463
14788,14788000,16,-51,0,1700,3,-14,-0,-7,4,23,1444,1547,1464,1467
14790,14790000,17,-51,0,1700,3,-13,-0,-10,6,17,1445,1546,1464,1466
14792,14792000,18,-50,0,1700,3,-13,-0,-11,3,22,1449,1544,1465,1463
14794,14794000,18,-49,0,1700,3,-13,-0,-10,6,14,1453,1540,1468,1459
14796,14796000,18,-48,0,1700,3,-12,-0,-10,7,16,1458,1537,1471,1456
14798,14798000,17,-48,0,1700,3,-12,-0,-1,2,11,1460,1535,1473,1453
14800,14800000,17,-47,0,1700,3,-12,-0,-2,4,17,1461,1534,1473,1453
14802,14802000,16,-47,0,1700,3,-12,-0,-3,2,10,1459,1536,1472,1455
14804,14804000,16,-46,0,1700,3,-12,-0,1,-1,17,1455,1537,1470,1459
14806,14806000,17,-46,0,1700,3,-11,-0,-9,-1,16,1450,1540,1467,1465
14808,14808000,18,-45,0,1700,3,-11,-0,-3,-2,12,1447,1542,1463,1468
14810,14810000,19,-45,0,1700,4,-11,-0,-1,2,12,1447,1546,1460,1469
14812,14812000,20,-45,0,1700,4,-11,-0,-12,-1,16,1450,1548,1457,1466
14814,14814000,21,-45,0,1700,4,-11,-0,-4,1,12,1455,1551,1455,1460
14816,14816000,21,-46,0,1700,4,-11,-0,-4,1,11,1462,1551,1455,1453
14818,14818000,21,-46,0,1700,4,-12,-0,-8,9,18,1468,1550,1456,1447
14820,14820000,21,-47,0,1700,4,-12,-0,-6,9,19,1472,1547,1458,1445
14822,14822000,20,-48,0,1700,4,-12,-0,-6,7,17,1473,1544,1460,1445
14824,14824000,19,-48,0,1700,4,-12,-0,1,11,17,1471,1542,1461,1447
14826,14826000,19,-49,0,1700,3,-12,-0,-9,0,14,1468,1541,1462,1450
14828,14828000,18,-49,0,1700,3,-13,-0,-2,8,20,1464,1541,1462,1454
14830,14830000,18,-49,0,1700,3,-12,-0,-4,1,14,1460,1541,1462,1458
14832,14832000,19,-48,0,1700,3,-12,-0,-8,-0,20,1456,1539,1464,1461
14834,14834000,19,-47,0,1700,3,-12,-0,-8,-3,18,1453,1536,1468,1464
14836,14836000,19,-46,0,1700,3,-12,-0,1,3,18,1453,1533,1470,1465
14838,14838000,19,-46,0,1700,3,-11,-0,-1,-6,13,1455,1532,1471,1464
14840,14840000,18,-45,0,1700,3,-11,-0,-12,1,13,1460,1534,1467,1460
14842,14842000,18,-45,0,1700,3,-11,-0,-1,7,14,1465,1540,1461,1454
14844,14844000,18,-46,0,1700,3,-12,-0,-1,7,15,1470,1548,1454,1450
14846,14846000,18,-47,0,1700,3,-12,-0,-7,9,13,1471,1554,1448,1448
14848,14848000,19,-48,0,1700,4,-12,-0,-13,6,18,1468,1556,1445,1451
14850,14850000,20,-49,0,1700,4,-13,-0,-4,5,13,1463,1554,1447,1457
14852,14852000,21,-49,0,1700,4,-13,-0,-6,-1,11,1456,1548,1453,1464
14854,14854000,21,-48,0,1700,4,-12,-0,-7,2,17,1453,1541,1460,1468
14856,14856000,22,-48,0,1700,4,-12,-0,-3,3,16,1453,1534,1466,1468
14858,14858000,21,-47,0,1700,4,-12,-0,-4,3,21,1457,1530,1470,1464
14860,14860000,21,-46,0,1700,4,-12,-0,-5,3,15,1463,1529,1472,1457
14862,14862000,19,-46,0,1700,4,-11,-0,1,-2,14,1469,1530,1471,1451
14864,14864000,18,-46,0,1700,3,-11,-0,6,2,16,1472,1532,1469,1448
14866,14866000,17,-46,0,1700,3,-12,-0,-2,5,13,1473,1535,1465,1448
14868,14868000,17,-47,0,1700,3,-12,-0,-5,6,12,1471,1539,1460,1451
14870,14870000,17,-47,0,1700,3,-12,-0,-10,3,19,1468,1544,1455,1454
14872,14872000,17,-47,0,1700,3,-12,-0,-4,-1,14,1465,1549,1450,1458
14874,14874000,18,-48,0,1700,3,-12,-0,-8,4,13,1463,1552,1447,1459
14876,14876000,19,-48,0,1700,4,-12,-0,-3,8,13,1461,1552,1447,1460
14878,14878000,20,-49,0,1700,4,-12,-0,-14,-1,15,1460,1549,1451,1461
14880,14880000,21,-48,0,1700,4,-12,-0,-5,-6,14,1459,1543,1457,1462
14882,14882000,21,-48,0,1700,4,-12,-0,-5,9,14,1458,1537,1463,1463
14884,14884000,21,-47,0,1700,4,-12,-0,-3,-2,14,1459,1532,1467,1463
14886,14886000,20,-47,0,1700,4,-12,-0,-7,-5,13,1460,1530,1468,1463
14888,14888000,20,-46,0,1700,4,-12,-0,4,1,10,1462,1532,1466,1461
14890,14890000,20,-46,0,1700,4,-11,-0,-8,1,12,1465,1536,1462,1459
14892,14892000,20,-46,0,1700,4,-12,-0,-4,-2,14,1466,1540,1458,1456
14894,14894000,20,-46,0,1700,4,-12,-0,-3,1,16,1468,1543,1456,1454
14896,14896000,20,-47,0,1700,4,-12,-0,-9,6,13,1470,1544,1455,1452
14898,14898000,19,-47,0,1700,4,-12,-0,-6,5,13,1472,1544,1455,1451
14900,14900000,19,-48,0,1700,3,-12,-0,-2,5,10,1474,1542,1456,1449
14902,14902000,18,-49,0,1700,3,-12,-0,0,4,10,1475,1540,1458,1449
14904,14904000,18,-49,0,1700,3,-13,-0,-2,2,16,1473,1538,1460,1450
14906,14906000,17,-49,0,1700,3,-12,-0,-5,-2,7,1469,1536,1462,1455
14908,14908000,17,-48,0,1700,3,-12,-0,-7,5,9,1462,1534,1464,1461
14910,14910000,18,-47,0,1700,3,-12,-0,-6,-5,8,1454,1534,1464,1468
14912,14912000,19,-46,0,1700,3,-12,-0,-8,-8,11,1450,1536,1462,1474
14914,14914000,20,-45,0,1700,4,-11,-0,-5,0,18,1449,1540,1458,1474
14916,14916000,21,-45,0,1700,4,-11,-0,-8,4,6,1454,1545,1452,1470
14918,14918000,22,-46,0,1700,4,-11,-0,-9,2,13,1462,1550,1447,1462
14920,14920000,22,-47,0,1700,4,-12,-0,-8,-2,11,1470,1551,1446,1454
14922,14922000,22,-48,0,1700,4,-12,-0,-4,5,10,1477,1549,1449,1447
14924,14924000,21,-48,0,1700,4,-12,-0,-7,3,12,1479,1543,1456,1444
14926,14926000,20,-49,0,1700,4,-13,-0,-3,-1,6,1478,1535,1463,1445
14928,14928000,19,-49,0,1700,4,-12,-0,2,-4,8,1475,1529,1469,1449
14930,14930000,18,-48,0,1700,3,-12,-0,-5,1,14,1470,1526,1471,1453
14932,14932000,17,-47,0,1700,3,-12,-0,7,1,6,1467,1528,1469,1458
14934,14934000,17,-47,0,1700,3,-12,-0,-6,-6,12,1464,1532,1464,1461
14936,14936000,17,-47,0,1700,3,-12,-0,-5,-2,7,1462,1537,1459,1463
14938,14938000,17,-46,0,1700,3,-12,-0,0,4,8,1460,1541,1456,1465
14940,14940000,18,-46,0,1700,3,-12,-0,-4,2,4,1459,1543,1454,1465
14942,14942000,19,-46,0,1700,4,-12,-0,-1,-1,12,1459,1543,1455,1464
14944,14944000,20,-46,0,1700,4,-12,-0,-4,-3,5,1462,1543,1455,1462
14946,14946000,20,-46,0,1700,4,-12,-0,-7,-2,8,1466,1543,1454,1458
14948,14948000,20,-47,0,1700,4,-12,-0,-3,8,11,1470,1545,1452,1454
14950,14950000,20,-47,0,1700,4,-12,-0,-1,-1,7,1473,1546,1451,1452
14952,14952000,20,-48,0,1700,4,-12,-0,1,-2,6,1473,1546,1451,1452
14954,14954000,20,-48,0,1700,4,-12,-0,-5,1,13,1469,1544,1453,1455
14956,14956000,20,-48,0,1700,4,-12,-0,-1,-0,6,1465,1540,1457,1459
14958,14958000,20,-48,0,1700,4,-12,-0,-4,5,8,1462,1535,1461,1462
14960,14960000,20,-47,0,1700,4,-12,-0,-4,-4,6,1461,1531,1465,1463
14962,14962000,20,-46,0,1700,4,-12,-0,-3,-1,8,1463,1528,1468,1462
14964,14964000,19,-46,0,1700,4,-11,-0,2,7,11,1467,1527,1469,1458
14966,14966000,18,-45,0,1700,3,-11,-0,-1,-7,7,1471,1528,1468,1454
14968,14968000,17,-45,0,1700,3,-11,-0,-0,4,10,1474,1531,1466,1451
14970,14970000,16,-46,0,1700,3,-11,-0,2,-1,11,1475,1535,1462,1449
14972,14972000,16,-46,0,1700,3,-12,-0,-4,-0,13,1474,1540,1457,1450
14974,14974000,16,-47,0,1700,3,-12,-0,-3,3,9,1471,1547,1451,1453
14976,14976000,17,-47,0,1700,3,-12,-0,-5,3,12,1468,1552,1445,1456
14978,14978000,18,-48,0,1700,3,-12,-0,-6,5,5,1464,1554,1442,1461
14980,14980000,20,-48,0,1700,4,-12,-0,-6,5,9,1460,1552,1444,1465
14982,14982000,21,-48,0,1700,4,-12,-0,-6,3,12,1457,1546,1449,1468
14984,14984000,22,-47,0,1700,4,-12,-0,-5,-1,0,1455,1538,1458,1470
14986,14986000,22,-46,0,1700,4,-12,-0,-3,-7,7,1457,1531,1466,1468
14988,14988000,21,-46,0,1700,4,-11,-0,4,5,7,1461,1526,1471,1463
14990,14990000,20,-45,0,1700,4,-11,-0,3,1,2,1468,1525,1472,1456
14992,14992000,19,-45,0,1700,4,-11,-0,3,2,12,1475,1528,1468,1449
14994,14994000,18,-45,0,1700,3,-11,-0,0,6,11,1480,1534,1463,1445
14996,14996000,17,-46,0,1700,3,-12,-0,-1,-1,9,1481,1538,1458,1444
14998,14998000,16,-47,0,1700,3,-12,-0,-0,-2,2,1479,1541,1455,1447
15000,15000000,16,-47,0,1700,3,-12,-0,-4,-5,7,1473,1542,1454,1452
15002,15002000,16,-47,0,1700,3,-12,-0,4,1,7,1468,1541,1455,1457
15004,15004000,17,-47,0,1700,3,-12,-0,3,-1,6,1464,1540,1456,1460
15006,15006000,17,-47,0,1700,3,-12,-0,-2,-2,1,1463,1540,1457,1462
15008,15008000,18,-47,0,1700,3,-12,-0,-3,1,5,1464,1539,1457,1461
15010,15010000,18,-47,0,1700,3,-12,-0,-1,-4,3,1464,1539,1458,1461
15012,15012000,18,-46,0,1700,3,-12,-0,-6,-3,3,1463,1538,1459,1462
15014,15014000,19,-46,0,1700,3,-11,-0,-3,1,6,1461,1537,1460,1464
15016,15016000,19,-45,0,1700,4,-11,-0,-5,-4,9,1459,1536,1460,1465
15018,15018000,20,-45,0,1700,4,-11,-0,-5,1,5,1459,1538,1459,1466
15020,15020000,20,-45,0,1700,4,-11,-0,-1,4,11,1461,1540,1456,1463
15022,15022000,20,-45,0,1700,4,-11,-0,-3,-3,4,1467,1543,1453,1458
15024,15024000,20,-46,0,1700,4,-11,-0,1,8,6,1473,1544,1452,1452
15026,15026000,20,-46,0,1700,4,-12,-0,4,0,4,1479,1542,1453,1447
15028,15028000,19,-47,0,1700,3,-12,-0,6,6,4,1482,1538,1458,1444
15030,15030000,18,-47,0,1700,3,-12,-0,-1,2,9,1482,1532,1464,1444
15032,15032000,16,-47,0,1700,3,-12,-0,1,-2,9,1478,1527,1469,1447
15034,15034000,15,-47,0,1700,3,-12,-0,0,-1,2,1473,1525,1471,1452
15036,15036000,14,-46,0,1700,3,-12,-0,0,0,12,1467,1527,1470,1458
15038,15038000,14,-45,0,1700,3,-11,-0,-5,-4,10,1462,1531,1466,1463
15040,15040000,15,-45,0,1700,3,-11,-0,-9,-3,8,1458,1537,1459,1467
15042,15042000,16,-44,0,1700,3,-11,-0,-5,-6,2,1456,1542,1453,1469
15044,15044000,18,-44,0,1700,3,-11,-0,-3,2,5,1456,1547,1449,1469
15046,15046000,19,-44,0,1700,4,-11,-0,-3,-0,1,1459,1549,1447,1466
15048,15048000,20,-45,0,1700,4,-11,-0,-5,-4,3,1464,1549,1447,1461
15050,15050000,21,-45,0,1700,4,-11,-0,-5,-0,11,1471,1547,1448,1455
15052,15052000,20,-46,0,1700,4,-12,-0,4,5,2,1476,1544,1452,1449
15054,15054000,20,-47,0,1700,4,-12,-0,4,5,8,1479,1539,1457,1446
15056,15056000,19,-47,0,1700,4,-12,-0,-0,-6,9,1478,1533,1463,1447
15058,15058000,18,-47,0,1700,3,-12,-0,-1,-3,10,1474,1528,1468,1451
15060,15060000,17,-46,0,1700,3,-11,-0,-3,-1,6,1469,1525,1471,1456
15062,15062000,16,-45,0,1700,3,-11,-0,5,-1,2,1465,1525,1472,1460
15064,15064000,16,-44,0,1700,3,-11,-0,-3,-1,12,1464,1527,1469,1461
15066,15066000,15,-44,0,1700,3,-11,-0,5,4,9,1466,1532,1464,1459
15068,15068000,15,-44,0,1700,3,-11,-0,2,-2,2,1469,1537,1459,1456
15070,15070000,15,-44,0,1700,3,-11,-0,-5,-2,8,1472,1539,1456,1454
15072,15072000,15,-44,0,1700,3,-11,-0,1,-2,5,1473,1540,1455,1453
15074,15074000,16,-45,0,1700,3,-11,-0,4,5,4,1471,1540,1455,1454
15076,15076000,16,-45,0,1700,3,-11,-0,2,4,5,1469,1540,1455,1456
15078,15078000,16,-45,0,1700,3,-11,-0,4,-1,-1,1466,1542,1454,1459
15080,15080000,17,-45,0,1700,3,-11,-0,-8,-0,4,1465,1544,1452,1460
15082,15082000,18,-45,0,1700,3,-11,-0,-4,4,4,1464,1546,1450,1461
15084,15084000,19,-46,0,1700,4,-11,-0,-3,1,9,1463,1546,1450,1462
15086,15086000,20,-45,0,1700,4,-11,-0,-7,4,8,1463,1543,1453,1462
15088,15088000,20,-45,0,1700,4,-11,-0,-4,-9,-2,1463,1536,1459,1462
15090,15090000,19,-44,0,1700,4,-11,-0,-4,-2,6,1465,1528,1467,1461
15092,15092000,19,-44,0,1700,3,-11,-0,7,-4,-1,1468,1522,1473,1458
15094,15094000,17,-43,0,1700,3,-10,-0,4,-4,5,1473,1520,1475,1453
15096,15096000,16,-43,0,1700,3,-10,-0,2,-3,-0,1479,1523,1473,1447
15098,15098000,14,-43,0,1700,2,-10,-0,2,-4,3,1482,1529,1467,1443
15100,15100000,13,-44,0,1700,2,-11,-0,3,-0,3,1483,1536,1460,1442
15102,15102000,13,-44,0,1700,2,-11,-0,0,8,5,1480,1542,1454,1446
15104,15104000,13,-45,0,1700,2,-11,-0,-8,4,3,1473,1545,1451,1452
15106,15106000,14,-45,0,1700,2,-11,-0,-8,2,9,1465,1546,1450,1460
15108,15108000,15,-45,0,1700,3,-11,-0,-3,6,9,1459,1545,1451,1466
15110,15110000,17,-45,0,1700,3,-11,-0,-3,-4,-0,1456,1543,1453,1470
15112,15112000,18,-44,0,1700,3,-11,-0,-10,-0,9,1456,1539,1456,1470
15114,15114000,18,-44,0,1700,3,-11,-0,0,5,4,1459,1536,1459,1467
15116,15116000,19,-43,0,1700,3,-10,-0,3,-1,8,1463,1533,1462,1464
15118,15118000,18,-43,0,1700,3,-10,-0,3,2,8,1467,1531,1465,1459
15120,15120000,18,-42,0,1700,3,-10,-0,2,-2,-2,1471,1530,1465,1455
15122,15122000,17,-42,0,1700,3,-10,-0,4,1,5,1474,1532,1464,1451
15124,15124000,16,-43,0,1700,3,-10,-0,3,-3,3,1477,1535,1461,1448
15126,15126000,16,-43,0,1700,3,-11,-0,3,7,4,1479,1538,1458,1446
15128,15128000,15,-44,0,1700,3,-11,-0,3,3,7,1479,1539,1457,1446
15130,15130000,15,-44,0,1700,3,-11,-0,0,0,2,1477,1537,1458,1448
15132,15132000,14,-44,0,1700,2,-11,-0,-0,1,5,1475,1534,1462,1451
15134,15134000,14,-44,0,1700,2,-11,-0,5,4,3,1471,1530,1465,1455
15136,15136000,13,-44,0,1700,2,-11,-0,-1,-6,3,1468,1527,1468,1458
15138,15138000,13,-43,0,1700,2,-10,-0,-3,-4,3,1466,1528,1467,1459
15140,15140000,13,-43,0,1700,2,-10,-0,1,-5,1,1466,1532,1464,1460
15142,15142000,14,-42,0,1700,2,-10,-0,-0,-7,-0,1465,1537,1459,1461
15144,15144000,14,-42,0,1700,3,-10,-0,-1,4,7,1463,1542,1454,1463
15146,15146000,16,-42,0,1700,3,-10,-0,-6,3,3,1461,1544,1451,1465
15148,15148000,17,-42,0,1700,3,-10,-0,0,1,0,1460,1545,1450,1466
15150,15150000,18,-42,0,1700,3,-10,-0,-8,2,7,1461,1544,1452,1465
15152,15152000,18,-42,0,1700,3,-10,-0,-4,0,12,1465,1541,1454,1461
15154,15154000,18,-43,0,1700,3,-10,-0,8,1,8,1472,1539,1457,1454
15156,15156000,18,-43,0,1700,3,-10,-0,2,-4,4,1479,1535,1460,1447
15158,15158000,16,-43,0,1700,3,-11,-0,1,1,4,1484,1531,1464,1442
15160,15160000,15,-44,0,1700,3,-11,-0,6,-3,5,1485,1527,1468,1442
15162,15162000,13,-43,0,1700,2,-11,-0,8,-2,6,1481,1523,1472,1445
15164,15164000,12,-43,0,1700,2,-10,-0,-1,-4,3,1474,1521,1474,1452
15166,15166000,11,-42,0,1700,2,-10,-0,8,-5,-3,1467,1522,1474,1459
15168,15168000,11,-41,0,1700,2,-10,-0,8,-4,7,1462,1527,1469,1464
15170,15170000,12,-41,0,1700,2,-10,-0,-4,-8,-3,1460,1534,1462,1465
15172,15172000,13,-41,0,1700,2,-10,-0,-2,-4,-1,1462,1542,1454,1463
15174,15174000,14,-41,0,1700,2,-10,-0,1,3,4,1466,1547,1448,1460
15176,15176000,15,-42,0,1700,3,-10,-0,-3,4,7,1469,1549,1446,1457
15178,15178000,16,-42,0,1700,3,-10,-0,-4,-2,7,1471,1546,1448,1456
15180,15180000,16,-43,0,1700,3,-10,-0,-5,-1,-2,1471,1542,1452,1456
15182,15182000,16,-43,0,1700,3,-10,-0,-1,-2,9,1470,1537,1457,1456
15184,15184000,16,-43,0,1700,3,-10,-0,-4,3,1,1469,1533,1461,1457
15186,15186000,16,-42,0,1700,3,-10,-0,-1,-1,7,1469,1531,1464,1457
15188,15188000,16,-42,0,1700,3,-10,-0,4,-3,-2,1468,1530,1466,1458
15190,15190000,15,-41,0,1700,3,-10,-0,-6,-6,2,1468,1529,1467,1458
15192,15192000,15,-41,0,1700,3,-10,-0,-1,-7,2,1469,1527,1468,1457
15194,15194000,14,-40,0,1700,2,-10,-0,4,2,6,1470,1527,1468,1456
15196,15196000,13,-40,0,1700,2,-9,-0,5,2,0,1473,1527,1468,1453
15198,15198000,12,-40,0,1700,2,-9,-0,5,-4,5,1476,1528,1467,1450
15200,15200000,11,-40,0,1700,2,-10,-0,-3,-3,6,1479,1530,1465,1447
15202,15202000,11,-41,0,1700,2,-10,-0,6,1,1,1480,1533,1462,1446
15204,15204000,10,-41,0,1700,2,-10,-0,3,2,2,1478,1536,1458,1449
15206,15206000,11,-42,0,1700,2,-10,-0,3,-2,-0,1473,1538,1456,1454
15208,15208000,11,-42,0,1700,2,-10,-0,-2,-3,1,1466,1540,1454,1461
15210,15210000,13,-41,0,1700,2,-10,-0,-4,1,7,1460,1541,1453,1466
15212,15212000,14,-41,0,1700,2,-10,-0,-2,0,-0,1457,1542,1453,1469
15214,15214000,15,-41,0,1700,3,-10,-0,2,3,4,1457,1542,1453,1468
15216,15216000,16,-40,0,1700,3,-10,-0,3,3,5,1461,1540,1456,1465
15218,15218000,17,-40,0,1700,3,-10,-0,-3,-4,2,1465,1536,1460,1460
15220,15220000,16,-40,0,1700,3,-9,-0,4,-5,-2,1470,1530,1465,1456
15222,15222000,15,-40,0,1700,3,-9,-0,2,-5,4,1475,1524,1470,1452
15224,15224000,14,-39,0,1700,2,-9,-0,5,-6,0,1478,1520,1474,1450
15226,15226000,12,-39,0,1700,2,-9,-0,8,-2,-2,1480,1521,1473,1447
15228,15228000,11,-39,0,1700,2,-9,-0,-3,1,5,1482,1525,1469,1445
15230,15230000,10,-40,0,1700,2,-9,-0,5,-0,3,1482,1532,1463,1445
15232,15232000,10,-40,0,1700,2,-10,-0,3,1,1,1480,1538,1457,1446
15234,15234000,10,-41,0,1700,2,-10,-0,1,-2,6,1475,1541,1455,1451
15236,15236000,10,-41,0,1700,2,-10,-0,-0,1,2,1469,1540,1455,1457
15238,15238000,11,-41,0,1700,2,-10,-0,-3,-7,1,1463,1536,1459,1464
15240,15240000,12,-40,0,1700,2,-9,-0,3,-1,2,1459,1532,1463,1468
15242,15242000,12,-39,0,1700,2,-9,-0,4,-7,-4,1458,1529,1465,1469
15244,15244000,13,-38,0,1700,2,-9,-0,-1,-3,4,1461,1530,1464,1466
15246,15246000,13,-38,0,1700,2,-9,-0,-3,-7,5,1465,1533,1461,1462
15248,15248000,14,-38,0,1700,2,-9,-0,4,4,-0,1470,1537,1458,1457
15250,15250000,14,-39,0,1700,2,-9,-0,2,0,-0,1473,1539,1455,1454
15252,15252000,14,-39,0,1700,2,-9,-0,-2,-3,2,1474,1539,1455,1454
15254,15254000,14,-39,0,1700,2,-9,-0,-4,-6,3,1474,1537,1457,1454
15256,15256000,14,-40,0,1700,2,-9,-0,-3,-2,-1,1474,1534,1460,1454
15258,15258000,13,-40,0,1700,2,-9,-0,5,-2,-7,1474,1530,1464,1452
15260,15260000,12,-39,0,1700,2,-9,-0,5,-1,3,1476,1527,1468,1450
15262,15262000,11,-39,0,1700,2,-9,-0,7,0,8,1478,1524,1471,1448
15264,15264000,10,-39,0,1700,2,-9,-0,3,-7,0,1478,1523,1472,1448
15266,15266000,9,-39,0,1700,1,-9,-0,7,-2,0,1476,1522,1472,1451
15268,15268000,8,-38,0,1700,1,-9,-0,0,-2,-1,1473,1523,1470,1455
15270,15270000,8,-38,0,1700,1,-9,-0,5,-5,6,1469,1527,1466,1459
15272,15272000,8,-38,0,1700,1,-9,-0,1,-6,-1,1466,1533,1460,1463
15274,15274000,9,-38,0,1700,2,-9,-0,-2,-0,5,1463,1539,1454,1465
15276,15276000,11,-38,0,1700,2,-9,-0,-8,-0,4,1462,1544,1450,1465
15278,15278000,12,-38,0,1700,2,-9,-0,2,0,2,1463,1546,1449,1464
15280,15280000,13,-38,0,1700,2,-9,-0,-0,3,-0,1465,1544,1451,1462
15282,15282000,14,-38,0,1700,2,-9,-0,-5,-10,4,1467,1540,1455,1459
15284,15284000,14,-38,0,1700,2,-9,-0,2,-6,-4,1471,1533,1461,1456
15286,15286000,14,-38,0,1700,2,-9,-0,-0,-6,2,1475,1528,1466,1452
15288,15288000,13,-38,0,1700,2,-9,-0,2,-2,1,1479,1524,1469,1449
15290,15290000,11,-38,0,1700,2,-9,-0,7,0,5,1480,1522,1471,1448
15292,15292000,10,-38,0,1700,2,-9,-0,6,-1,4,1479,1522,1471,1449
15294,15294000,9,-38,0,1700,1,-9,-0,6,-4,-2,1475,1523,1471,1452
15296,15296000,8,-37,0,1700,1,-9,-0,0,-6,5,1471,1523,1470,1456
15298,15298000,8,-37,0,1700,1,-8,-0,6,-4,6,1468,1525,1468,1460
15300,15300000,8,-36,0,1700,1,-8,-0,4,-2,2,1467,1528,1465,1461
15302,15302000,8,-36,0,1700,1,-8,-0,1,-9,5,1469,1533,1461,1459
15304,15304000,9,-37,0,1700,1,-8,-0,0,2,6,1473,1537,1457,1455
15306,15306000,9,-37,0,1700,1,-9,-0,1,-5,2,1475,1540,1454,1452
15308,15308000,9,-38,0,1700,2,-9,-0,-1,-2,2,1475,1541,1453,1452
15310,15310000,10,-38,0,1700,2,-9,-0,-1,-3,5,1472,1539,1455,1455
15312,15312000,10,-38,0,1700,2,-9,-0,-2,-4,1,1467,1535,1459,1460
15314,15314000,11,-38,0,1700,2,-9,-0,2,-4,1,1463,1531,1462,1466
15316,15316000,12,-37,0,1700,2,-8,-0,4,-1,6,1461,1529,1464,1468
15318,15318000,12,-36,0,1700,2,-8,-0,-3,-6,5,1462,1528,1464,1467
15320,15320000,12,-36,0,1700,2,-8,-0,2,2,4,1467,1529,1463,1462
15322,15322000,12,-36,0,1700,2,-8,-0,-1,1,6,1473,1530,1464,1455
15324,15324000,11,-36,0,1700,2,-8,-0,0,0,4,1478,1529,1466,1449
15326,15326000,10,-36,0,1700,2,-8,-0,4,1,2,1481,1526,1468,1445
15328,15328000,9,-36,0,1700,1,-8,-0,5,-4,-1,1482,1523,1471,1445
15330,15330000,7,-36,0,1700,1,-8,-0,7,-6,1,1482,1522,1472,1446
15332,15332000,6,-36,0,1700,1,-8,-0,6,1,3,1479,1523,1470,1449
15334,15334000,6,-36,0,1700,1,-8,-0,3,-5,1,1476,1527,1465,1453
15336,15336000,6,-36,0,1700,1,-8,-0,4,3,-4,1472,1532,1460,1457
15338,15338000,7,-36,0,1700,1,-8,-0,2,4,8,1468,1537,1456,1461
15340,15340000,8,-36,0,1700,1,-8,-0,-4,-7,4,1463,1539,1454,1465
15342,15342000,9,-36,0,1700,1,-8,-0,3,1,3,1460,1539,1455,1467
15344,15344000,10,-36,0,1700,2,-8,-0,-7,-0,2,1460,1536,1457,1468
15346,15346000,11,-35,0,1700,2,-8,-0,-1,0,1,1462,1533,1460,1466
15348,15348000,11,-35,0,1700,2,-8,-0,1,-6,3,1467,1530,1463,1462
15350,15350000,11,-35,0,1700,2,-8,-0,-3,-9,3,1472,1528,1465,1456
15352,15352000,11,-35,0,1700,2,-8,-0,4,1,2,1477,1526,1466,1452
15354,15354000,10,-35,0,1700,2,-8,-0,5,-1,0,1479,1526,1467,1449
15356,15356000,9,-35,0,1700,1,-8,-0,6,2,4,1479,1526,1468,1449
15358,15358000,8,-35,0,1700,1,-8,-0,4,6,4,1479,1526,1467,1450
15360,15360000,7,-35,0,1700,1,-8,-0,5,4,4,1477,1527,1465,1451
15362,15362000,7,-35,0,1700,1,-8,-0,5,-3,1,1477,1528,1464,1453
15364,15364000,7,-35,0,1700,1,-8,-0,5,-1,6,1476,1529,1463,1454
15366,15366000,6,-35,0,1700,1,-8,-0,9,1,2,1474,1529,1463,1455
15368,15368000,6,-35,0,1700,1,-8,-0,3,-7,-2,1471,1527,1465,1457
15370,15370000,6,-35,0,1700,1,-8,-0,8,-5,-0,1468,1526,1468,1459
15372,15372000,6,-34,0,1700,1,-8,-0,1,-2,-0,1466,1525,1468,1462
15374,15374000,7,-34,0,1700,1,-7,-0,-2,-8,7,1465,1527,1466,1463
15376,15376000,7,-33,0,1700,1,-7,-0,-0,-2,2,1466,1531,1462,1463
15378,15378000,8,-33,0,1700,1,-7,-0,4,-4,-1,1468,1536,1456,1461
15380,15380000,9,-34,0,1700,1,-8,-0,2,1,4,1471,1540,1451,1459
15382,15382000,10,-34,0,1700,2,-8,-0,-0,1,2,1473,1541,1450,1457
15384,15384000,10,-35,0,1700,2,-8,-0,1,-4,-0,1473,1538,1454,1457
15386,15386000,10,-35,0,1700,2,-8,-0,-1,-0,0,1472,1531,1461,1457
15388,15388000,10,-35,0,1700,2,-8,-0,5,-1,1,1472,1524,1469,1456
15390,15390000,9,-34,0,1700,1,-8,-0,3,-9,2,1474,1518,1475,1454
15392,15392000,7,-34,0,1700,1,-7,-0,1,-5,2,1477,1516,1477,1452
15394,15394000,6,-33,0,1700,1,-7,-0,2,-0,6,1480,1517,1476,1449
15396,15396000,5,-33,0,1700,1,-7,-0,3,-4,6,1481,1520,1472,1448
15398,15398000,4,-33,0,1700,1,-7,-0,5,2,2,1479,1525,1467,1450
15400,15400000,4,-33,0,1700,1,-7,-0,-3,-3,3,1475,1529,1463,1454
15402,15402000,4,-33,0,1700,1,-7,-0,-1,-3,5,1469,1532,1461,1460
15404,15404000,5,-33,0,1700,1,-7,-0,2,-4,5,1465,1533,1459,1464
15406,15406000,6,-33,0,1700,1,-7,-0,-0,-0,2,1464,1535,1457,1466
15408,15408000,7,-33,0,1700,1,-7,-0,0,-1,2,1465,1536,1456,1464
15410,15410000,8,-33,0,1700,1,-7,-0,5,-0,0,1468,1536,1456,1461
15412,15412000,8,-33,0,1700,1,-7,-0,-4,-1,0,1472,1534,1457,1458
15414,15414000,8,-33,0,1700,1,-7,-0,-0,-5,-0,1474,1531,1461,1455
15416,15416000,8,-33,0,1700,1,-7,-0,5,1,6,1474,1528,1465,1454
15418,15418000,8,-33,0,1700,1,-7,-0,5,-2,6,1473,1524,1469,1455
15420,15420000,7,-33,0,1700,1,-7,-0,4,-2,5,1472,1522,1470,1456
15422,15422000,7,-32,0,1700,1,-7,-0,3,-9,6,1472,1522,1470,1457
15424,15424000,6,-32,0,1700,1,-7,-0,2,-1,3,1473,1523,1468,1457
15426,15426000,6,-32,0,1700,1,-7,-0,8,1,4,1475,1524,1467,1456
15428,15428000,5,-32,0,1700,1,-7,-0,9,-1,1,1476,1525,1466,1454
15430,15430000,5,-32,0,1700,1,-7,-0,-0,-2,2,1477,1525,1466,1453
15432,15432000,4,-32,0,1700,1,-7,-0,2,3,4,1477,1525,1466,1452
15434,15434000,4,-32,0,1700,1,-7,-0,-1,-5,3,1477,1526,1466,1452
15436,15436000,4,-32,0,1700,1,-7,-0,6,0,-4,1476,1528,1464,1453
15438,15438000,4,-32,0,1700,1,-7,-0,4,1,4,1474,1531,1462,1454
15440,15440000,4,-33,0,1700,1,-7,-0,-3,-2,-3,1471,1532,1460,1458
15442,15442000,5,-32,0,1700,1,-7,-0,4,-9,2,1467,1533,1458,1462
15444,15444000,6,-32,0,1700,1,-7,-0,3,-2,-0,1463,1532,1459,1467
15446,15446000,7,-32,0,1700,1,-7,-0,-1,1,-2,1461,1530,1461,1469
15448,15448000,8,-31,0,1700,1,-7,-0,5,-4,-2,1462,1529,1463,1468
15450,15450000,8,-31,0,1700,1,-7,-0,-1,-5,6,1467,1527,1464,1463
15452,15452000,8,-31,0,1700,1,-7,-0,-3,-5,5,1474,1527,1464,1456
15454,15454000,7,-31,0,1700,1,-7,-0,3,-1,1,1481,1526,1465,1449
15456,15456000,6,-31,0,1700,1,-7,-0,7,4,-1,1485,1525,1467,1445
15458,15458000,5,-32,0,1700,1,-7,-0,12,3,4,1485,1522,1469,1445
15460,15460000,4,-32,0,1700,1,-7,-0,4,-6,-6,1482,1520,1471,1448
15462,15462000,3,-31,0,1700,0,-7,-0,3,-4,7,1476,1520,1472,1453
15464,15464000,2,-31,0,1700,0,-7,-0,9,-4,-2,1472,1521,1471,1458
15466,15466000,2,-31,0,1700,0,-7,-0,4,-4,0,1469,1525,1467,1461
15468,15468000,3,-30,0,1700,0,-6,-0,2,-6,2,1468,1529,1462,1461
15470,15470000,3,-31,0,1700,0,-7,-0,4,-6,-6,1469,1533,1458,1461
15472,15472000,4,-31,0,1700,1,-7,-0,2,1,-2,1470,1534,1456,1461
15474,15474000,5,-31,0,1700,1,-7,-0,-1,-5,-3,1470,1532,1458,1461
15476,15476000,5,-31,0,1700,1,-7,-0,2,-10,-2,1470,1529,1462,1461
15478,15478000,5,-30,0,1700,1,-6,-0,-3,1,7,1469,1526,1466,1461
15480,15480000,5,-30,0,1700,1,-6,-0,8,-1,1,1469,1525,1467,1460
15482,15482000,5,-30,0,1700,1,-6,-0,4,-3,-2,1471,1525,1467,1458
15484,15484000,5,-30,0,1700,1,-6,-0,1,-8,-3,1474,1528,1464,1455
15486,15486000,5,-30,0,1700,1,-6,-0,-2,-0,5,1476,1529,1462,1454
15488,15488000,5,-30,0,1700,1,-6,-0,4,-4,-2,1477,1529,1462,1454
15490,15490000,5,-30,0,1700,1,-6,-0,6,4,8,1477,1526,1464,1454
15492,15492000,4,-30,0,1700,1,-6,-0,7,-2,-3,1476,1523,1467,1455
15494,15494000,4,-30,0,1700,1,-6,-0,8,-3,-1,1475,1520,1470,1456
15496,15496000,3,-30,0,1700,0,-6,-0,6,-3,-3,1475,1518,1472,1455
15498,15498000,2,-29,0,1700,0,-6,-0,7,0,-5,1476,1519,1472,1455
15500,15500000,2,-29,0,1700,0,-6,-0,1,-8,3,1476,1521,1470,1454
15502,15502000,1,-29,0,1700,0,-6,-0,4,-2,-5,1475,1524,1467,1456
15504,15504000,1,-29,0,1700,0,-6,-0,1,-6,4,1472,1527,1464,1458
15506,15506000,2,-29,0,1700,0,-6,-0,-2,-5,-0,1469,1531,1460,1461
15508,15508000,3,-29,0,1700,0,-6,-0,0,-2,1,1467,1533,1458,1463
15510,15510000,4,-29,0,1700,1,-6,-0,0,-3,0,1467,1535,1456,1463
15512,15512000,5,-29,0,1700,1,-6,-0,-4,-3,3,1469,1534,1456,1462
15514,15514000,5,-29,0,1700,1,-6,-0,-5,-3,1,1471,1532,1458,1460
15516,15516000,5,-29,0,1700,1,-6,-0,-1,3,3,1473,1527,1463,1458
15518,15518000,5,-29,0,1700,1,-6,-0,-3,-2,4,1475,1522,1468,1457
15520,15520000,4,-29,0,1700,1,-6,-0,3,-5,4,1476,1517,1473,1456
15522,15522000,3,-28,0,1700,0,-6,-0,1,-4,2,1476,1515,1475,1455
15524,15524000,2,-28,0,1700,0,-6,-0,2,-9,-3,1477,1516,1474,1453
15526,15526000,2,-28,0,1700,0,-6,-0,6,-4,-1,1478,1521,1471,1452
15528,15528000,1,-28,0,1700,0,-6,-0,2,-8,2,1478,1525,1466,1452
15530,15530000,1,-28,0,1700,0,-6,-0,9,-3,-4,1477,1529,1462,1453
15532,15532000,1,-29,0,1700,0,-6,-0,7,-2,-1,1475,1530,1461,1456
15534,15534000,1,-29,0,1700,0,-6,-0,7,-7,-3,1472,1528,1462,1460
15536,15536000,2,-28,0,1700,0,-6,-0,1,-3,4,1469,1525,1464,1463
15538,15538000,2,-28,0,1700,0,-6,-0,2,-6,1,1468,1524,1466,1464
15540,15540000,2,-28,0,1700,0,-6,-0,-4,-10,1,1470,1524,1466,1462
15542,15542000,2,-28,0,1700,0,-6,-0,4,-1,-6,1472,1526,1464,1459
15544,15544000,2,-28,0,1700,0,-6,-0,-2,4,1,1475,1528,1462,1456
15546,15546000,3,-28,0,1700,0,-6,-0,-1,0,-4,1475,1529,1461,1456
15548,15548000,3,-28,0,1700,0,-6,-0,4,-3,3,1474,1529,1462,1457
15550,15550000,3,-28,0,1700,0,-6,-0,-2,-5,-2,1471,1526,1464,1460
15552,15552000,3,-28,0,1700,0,-6,-0,-2,-6,2,1469,1524,1467,1462
15554,15554000,3,-27,0,1700,0,-6,-0,-3,-5,2,1470,1522,1468,1461
15556,15556000,3,-27,0,1700,0,-5,-0,8,1,-1,1473,1521,1469,1459
15558,15558000,2,-27,0,1700,0,-5,-0,1,-11,-2,1477,1521,1468,1454
15560,15560000,2,-27,0,1700,0,-6,-0,9,-4,-0,1481,1522,1467,1451
15562,15562000,1,-27,0,1700,0,-6,-0,4,-3,-1,1483,1522,1467,1449
15564,15564000,0,-27,0,1700,-0,-6,-0,4,-1,6,1481,1521,1468,1451
15566,15566000,-1,-27,0,1700,-0,-6,-0,6,-2,0,1477,1521,1468,1454
15568,15568000,-1,-27,0,1700,-0,-6,-0,-2,-0,9,1473,1522,1468,1459
15570,15570000,0,-27,0,1700,-0,-5,-0,3,-4,3,1469,1525,1466,1462
15572,15572000,0,-27,0,1700,0,-5,-0,-4,-7,4,1467,1527,1463,1464
15574,15574000,1,-26,0,1700,0,-5,-0,5,-6,-0,1466,1530,1461,1464
15576,15576000,2,-26,0,1700,0,-5,-0,-4,-3,-1,1468,1531,1459,1463
15578,15578000,2,-26,0,1700,0,-5,-0,-0,-1,-3,1470,1529,1460,1462
15580,15580000,3,-26,0,1700,0,-5,-0,3,-6,1,1473,1526,1463,1460
15582,15582000,3,-26,0,1700,0,-5,-0,3,-1,3,1475,1523,1465,1457
15584,15584000,2,-26,0,1700,0,-5,-0,4,-10,1,1478,1521,1467,1455
15586,15586000,2,-26,0,1700,0,-5,-0,3,3,1,1479,1521,1469,1453
15588,15588000,1,-26,0,1700,0,-5,-0,2,-4,-2,1479,1521,1469,1452
15590,15590000,0,-26,0,1700,0,-5,-0,4,-1,3,1478,1521,1469,1454
15592,15592000,0,-26,0,1700,-0,-5,-0,-0,-1,2,1475,1521,1469,1456
15594,15594000,0,-26,0,1700,-0,-5,-0,4,-5,1,1472,1521,1469,1459
15596,15596000,0,-25,0,1700,-0,-5,-0,3,1,0,1471,1522,1468,1461
15598,15598000,0,-25,0,1700,-0,-5,-0,3,-3,-0,1471,1523,1467,1460
15600,15600000,0,-25,0,1700,-0,-5,-0,7,-11,-1,1474,1524,1465,1458
15602,15602000,0,-25,0,1700,-0,-5,-0,-3,-4,6,1476,1526,1463,1456
15604,15604000,0,-26,0,1700,-0,-5,-0,2,-1,-0,1478,1526,1462,1454
15606,15606000,0,-26,0,1700,-0,-5,-0,-2,-7,6,1477,1525,1463,1455
15608,15608000,0,-26,0,1700,-0,-5,-0,-1,1,-2,1474,1524,1465,1458
15610,15610000,0,-26,0,1700,-0,-5,-0,-0,-3,4,1470,1522,1467,1462
15612,15612000,0,-25,0,1700,0,-5,-0,4,1,-0,1468,1522,1467,1464
15614,15614000,1,-25,0,1700,0,-5,-0,1,1,4,1468,1524,1466,1464
15616,15616000,1,-25,0,1700,0,-5,-0,-1,-6,2,1470,1526,1464,1461
15618,15618000,1,-25,0,1700,0,-5,-0,0,-6,3,1474,1528,1462,1458
15620,15620000,1,-25,0,1700,0,-5,-0,2,-4,4,1477,1527,1462,1455
15622,15622000,1,-25,0,1700,0,-5,-0,5,-7,-3,1478,1524,1465,1454
15624,15624000,0,-25,0,1700,0,-5,-0,3,-5,4,1478,1519,1469,1454
15626,15626000,0,-25,0,1700,-0,-5,-0,6,-8,1,1477,1515,1473,1456
15628,15628000,-1,-24,0,1700,-0,-5,-0,3,-9,5,1476,1514,1474,1457
15630,15630000,-2,-24,0,1700,-0,-5,-0,9,-1,2,1476,1517,1472,1457
15632,15632000,-2,-24,0,1700,-0,-5,-0,3,-0,-3,1476,1521,1468,1456
15634,15634000,-2,-24,0,1700,-0,-5,-0,5,-3,-1,1476,1526,1463,1456
15636,15636000,-2,-24,0,1700,-0,-5,-0,-2,-5,1,1474,1529,1460,1457
15638,15638000,-1,-25,0,1700,-0,-5,-0,-0,-6,-1,1472,1530,1460,1460
15640,15640000,-1,-25,0,1700,-0,-5,-0,1,-1,1,1470,1527,1462,1462
15642,15642000,0,-24,0,1700,-0,-5,-0,1,-7,2,1469,1524,1465,1464
15644,15644000,0,-24,0,1700,0,-5,-0,2,-2,2,1469,1522,1467,1463
15646,15646000,0,-24,0,1700,0,-5,-0,4,-2,-0,1472,1520,1468,1461
15648,15648000,0,-23,0,1700,-0,-5,-0,1,0,7,1475,1520,1468,1458
15650,15650000,0,-23,0,1700,-0,-5,-0,2,2,0,1478,1521,1467,1456
15652,15652000,-1,-24,0,1700,-0,-5,-0,6,-3,-4,1478,1522,1466,1455
15654,15654000,-1,-24,0,1700,-0,-5,-0,9,-3,-5,1477,1522,1466,1456
15656,15656000,-1,-24,0,1700,-0,-5,-0,2,2,1,1476,1523,1466,1457
15658,15658000,-1,-24,0,1700,-0,-5,-0,3,1,-0,1474,1523,1466,1458
15660,15660000,-1,-24,0,1700,-0,-5,-0,-1,-3,7,1474,1524,1466,1458
15662,15662000,-1,-24,0,1700,-0,-5,-0,3,-3,1,1474,1523,1466,1457
15664,15664000,-2,-24,0,1700,-0,-5,-0,1,3,1,1475,1522,1468,1457
15666,15666000,-2,-23,0,1700,-0,-5,-0,3,0,-3,1475,1520,1469,1458
15668,15668000,-2,-23,0,1700,-0,-4,-0,3,2,4,1475,1518,1470,1459
15670,15670000,-2,-23,0,1700,-0,-4,-0,6,-3,-4,1474,1517,1470,1459
15672,15672000,-3,-22,0,1700,-0,-4,-0,-1,-0,1,1474,1519,1468,1460
15674,15674000,-3,-22,0,1700,-0,-4,-0,2,-1,10,1475,1523,1465,1459
15676,15676000,-2,-23,0,1700,-0,-4,-0,2,-3,7,1475,1527,1462,1458
15678,15678000,-2,-23,0,1700,-0,-4,-0,1,-2,1,1474,1529,1460,1458
15680,15680000,-1,-23,0,1700,-0,-5,-0,1,-4,2,1473,1529,1460,1459
15682,15682000,-1,-23,0,1700,-0,-5,-0,-1,-2,3,1472,1526,1463,1461
15684,15684000,-1,-23,0,1700,-0,-4,-0,7,-4,-3,1471,1522,1467,1462
15686,15686000,-1,-22,0,1700,-0,-4,-0,6,0,5,1471,1518,1470,1462
15688,15688000,-1,-22,0,1700,-0,-4,-0,3,-6,-1,1474,1516,1472,1459
15690,15690000,-2,-22,0,1700,-0,-4,-0,3,-5,2,1477,1517,1471,1456
15692,15692000,-2,-22,0,1700,-0,-4,-0,4,2,-1,1480,1519,1469,1453
15694,15694000,-3,-22,0,1700,-0,-4,-0,2,-2,-3,1481,1521,1467,1452
15696,15696000,-3,-22,0,1700,-0,-4,-0,3,3,5,1479,1522,1466,1455
15698,15698000,-3,-22,0,1700,-0,-4,-0,3,1,-2,1475,1521,1466,1458
15700,15700000,-3,-22,0,1700,-0,-4,-0,-0,-2,3,1471,1521,1467,1462
15702,15702000,-3,-22,0,1700,-0,-4,-0,6,-1,-0,1469,1521,1467,1464
15704,15704000,-3,-21,0,1700,-0,-4,-0,1,-5,-2,1470,1522,1466,1462
15706,15706000,-2,-21,0,1700,-0,-4,-0,6,-8,-5,1473,1524,1465,1459
15708,15708000,-2,-22,0,1700,-0,-4,-0,8,-6,2,1476,1526,1463,1456
15710,15710000,-2,-22,0,1700,-0,-4,-0,1,-3,-1,1478,1525,1464,1454
15712,15712000,-3,-22,0,1700,-0,-4,-0,1,-9,3,1478,1523,1465,1455
15714,15714000,-3,-22,0,1700,-0,-4,-0,3,2,-1,1476,1520,1468,1458
15716,15716000,-3,-22,0,1700,-0,-4,-0,3,-2,1,1473,1517,1469,1461
15718,15718000,-3,-21,0,1700,-0,-4,-0,1,-6,2,1471,1517,1470,1464
15720,15720000,-3,-21,0,1700,-0,-4,-0,-3,-5,-1,1470,1519,1468,1464
15722,15722000,-3,-21,0,1700,-0,-4,-0,-2,-2,-2,1472,1522,1466,1462
15724,15724000,-2,-21,0,1700,-0,-4,-0,3,3,-0,1474,1524,1465,1459
15726,15726000,-2,-21,0,1700,-0,-4,-0,-0,-1,4,1476,1524,1465,1456
15728,15728000,-3,-21,0,1700,-0,-4,-0,8,-1,-0,1477,1523,1466,1455
15730,15730000,-3,-21,0,1700,-0,-4,-0,6,-8,-0,1478,1521,1467,1454
15732,15732000,-3,-21,0,1700,-1,-4,-0,8,4,6,1479,1519,1469,1455
15734,15734000,-4,-21,0,1700,-1,-4,-0,2,1,4,1479,1518,1469,1455
15736,15736000,-4,-21,0,1700,-1,-4,-0,8,-3,-1,1478,1519,1468,1456
15738,15738000,-4,-21,0,1700,-1,-4,-0,-0,-7,-3,1476,1520,1468,1458
15740,15740000,-4,-21,0,1700,-1,-4,-0,6,2,-1,1473,1520,1467,1461
15742,15742000,-4,-20,0,1700,-1,-4,-0,5,1,-2,1470,1521,1467,1463
15744,15744000,-4,-20,0,1700,-1,-4,-0,0,1,5,1469,1521,1466,1465
15746,15746000,-3,-20,0,1700,-0,-4,-0,-2,-5,-1,1469,1522,1466,1464
15748,15748000,-3,-20,0,1700,-0,-4,-0,-0,-6,-1,1472,1523,1465,1461
15750,15750000,-3,-20,0,1700,-0,-4,-0,4,2,3,1476,1524,1464,1457
15752,15752000,-3,-20,0,1700,-0,-4,-0,-4,-3,-2,1479,1524,1464,1454
15754,15754000,-3,-20,0,1700,-0,-4,-0,1,-4,-0,1479,1523,1466,1453
15756,15756000,-4,-21,0,1700,-1,-4,-0,4,-1,1,1478,1520,1468,1455
15758,15758000,-4,-20,0,1700,-1,-4,-0,-2,-6,2,1476,1518,1470,1458
15760,15760000,-4,-20,0,1700,-1,-4,-0,3,3,5,1474,1517,1470,1461
15762,15762000,-4,-20,0,1700,-1,-4,-0,4,-5,-3,1473,1517,1469,1462
15764,15764000,-4,-20,0,1700,-1,-4,-0,1,-6,-2,1474,1520,1467,1461
15766,15766000,-4,-20,0,1700,-1,-4,-0,9,-0,1,1475,1522,1465,1459
15768,15768000,-4,-20,0,1700,-1,-4,-0,5,-3,-6,1476,1523,1465,1457
15770,15770000,-4,-20,0,1700,-1,-4,-0,5,-2,-2,1476,1522,1467,1457
15772,15772000,-4,-20,0,1700,-1,-4,-0,10,-6,-8,1475,1519,1470,1458
15774,15774000,-5,-19,0,1700,-1,-4,-0,3,-6,-4,1473,1516,1472,1459
15776,15776000,-5,-19,0,1700,-1,-3,-0,1,0,5,1473,1515,1472,1460
15778,15778000,-5,-19,0,1700,-1,-3,-0,6,-1,1,1475,1517,1470,1460
15780,15780000,-5,-19,0,1700,-1,-3,-0,4,-10,-3,1477,1521,1465,1458
15782,15782000,-5,-19,0,1700,-1,-4,-0,-0,-7,-1,1478,1525,1461,1457
15784,15784000,-5,-20,0,1700,-1,-4,-0,3,1,1,1478,1528,1459,1457
15786,15786000,-4,-20,0,1700,-1,-4,-0,-2,-6,-4,1475,1527,1460,1459
15788,15788000,-4,-20,0,1700,-1,-4,-0,2,-9,-1,1472,1524,1464,1461
15790,15790000,-4,-20,0,1700,-1,-4,-0,-2,-7,-2,1470,1519,1469,1463
15792,15792000,-4,-19,0,1700,-1,-4,-0,-3,-8,3,1470,1515,1472,1464
15794,15794000,-4,-18,0,1700,-1,-3,-0,-0,-5,7,1472,1514,1473,1462
15796,15796000,-4,-18,0,1700,-1,-3,-0,7,-4,-5,1475,1515,1473,1459
15798,15798000,-5,-18,0,1700,-1,-3,-0,5,-3,-4,1478,1517,1471,1455
15800,15800000,-5,-18,0,1700,-1,-3,-0,4,2,0,1480,1519,1469,1454
15802,15802000,-6,-18,0,1700,-1,-3,-0,7,5,-1,1480,1520,1467,1454
15804,15804000,-6,-18,0,1700,-1,-3,-0,7,-2,-2,1478,1521,1466,1456
15806,15806000,-6,-19,0,1700,-1,-3,-0,-4,1,6,1476,1522,1464,1458
15808,15808000,-6,-19,0,1700,-1,-3,-0,1,2,8,1475,1522,1464,1460
15810,15810000,-5,-19,0,1700,-1,-3,-0,3,-0,-0,1475,1522,1464,1460
15812,15812000,-5,-19,0,1700,-1,-3,-0,4,3,6,1474,1522,1465,1461
15814,15814000,-5,-19,0,1700,-1,-3,-0,5,-4,-0,1473,1520,1467,1461
15816,15816000,-5,-18,0,1700,-1,-3,-0,-0,-1,-1,1472,1519,1470,1461
15818,15818000,-5,-18,0,1700,-1,-3,-0,2,-4,-2,1471,1517,1471,1461
15820,15820000,-5,-17,0,1700,-1,-3,-0,-2,1,5,1472,1517,1471,1461
15822,15822000,-5,-17,0,1700,-1,-3,-0,-2,-6,-2,1473,1518,1469,1461
15824,15824000,-5,-17,0,1700,-1,-3,-0,-1,-0,4,1475,1520,1466,1460
15826,15826000,-5,-17,0,1700,-1,-3,-0,2,3,-1,1477,1522,1463,1459
15828,15828000,-5,-18,0,1700,-1,-3,-0,7,4,1,1478,1523,1463,1458
15830,15830000,-5,-18,0,1700,-1,-3,-0,3,-4,-2,1477,1522,1464,1458
15832,15832000,-5,-18,0,1700,-1,-3,-0,-2,-7,-3,1476,1519,1467,1458
15834,15834000,-5,-18,0,1700,-1,-3,-0,-5,-5,4,1476,1517,1470,1458
15836,15836000,-6,-18,0,1700,-1,-3,-0,2,-7,-0,1477,1516,1472,1457
15838,15838000,-6,-18,0,1700,-1,-3,-0,-2,4,4,1478,1516,1471,1455
15840,15840000,-7,-18,0,1700,-1,-3,-0,0,-2,2,1480,1517,1470,1454
15842,15842000,-7,-18,0,1700,-1,-3,-0,3,2,3,1479,1519,1468,1455
15844,15844000,-7,-18,0,1700,-1,-3,-0,2,-0,7,1476,1519,1468,1459
15846,15846000,-7,-17,0,1700,-1,-3,-0,5,2,1,1472,1518,1468,1463
15848,15848000,-6,-17,0,1700,-1,-3,-0,7,-5,0,1468,1518,1468,1467
15850,15850000,-6,-16,0,1700,-1,-3,-0,-3,-2,4,1467,1519,1468,1468
15852,15852000,-5,-16,0,1700,-1,-3,-0,3,-2,-5,1469,1521,1466,1466
15854,15854000,-5,-16,0,1700,-1,-3,-0,7,0,-2,1473,1523,1463,1462
15856,15856000,-5,-16,0,1700,-1,-3,-0,0,0,-4,1479,1525,1461,1457
15858,15858000,-5,-17,0,1700,-1,-3,-0,3,2,2,1482,1525,1461,1453
15860,15860000,-5,-18,0,1700,-1,-3,-0,6,-3,-7,1482,1523,1464,1452
15862,15862000,-5,-18,0,1700,-1,-3,-0,4,2,-1,1479,1519,1469,1454
15864,15864000,-6,-18,0,1700,-1,-3,-0,6,-3,1,1476,1515,1473,1458
15866,15866000,-6,-17,0,1700,-1,-3,-0,0,-6,0,1473,1512,1475,1461
15868,15868000,-7,-16,0,1700,-1,-3,-0,2,-11,-0,1472,1512,1475,1462
15870,15870000,-7,-16,0,1700,-1,-3,-0,8,-2,4,1473,1514,1472,1462
15872,15872000,-7,-16,0,1700,-1,-3,-0,0,1,5,1475,1516,1469,1461
15874,15874000,-7,-16,0,1700,-1,-3,-0,0,-3,4,1477,1519,1466,1459
15876,15876000,-7,-16,0,1700,-1,-3,-0,5,-1,4,1477,1520,1466,1458
15878,15878000,-7,-16,0,1700,-1,-3,-0,3,-9,-3,1477,1521,1466,1458
15880,15880000,-7,-16,0,1700,-1,-3,-0,-3,1,0,1476,1521,1466,1457
15882,15882000,-7,-16,0,1700,-1,-3,-0,4,-5,0,1476,1522,1466,1458
15884,15884000,-7,-16,0,1700,-1,-3,-0,-1,-4,-6,1475,1523,1465,1458
15886,15886000,-6,-16,0,1700,-1,-3,-0,-2,-2,0,1475,1523,1464,1459
15888,15888000,-6,-17,0,1700,-1,-3,-0,-1,-11,-1,1474,1522,1464,1461
15890,15890000,-6,-16,0,1700,-1,-3,-0,-3,-3,2,1472,1521,1465,1463
15892,15892000,-5,-16,0,1700,-1,-3,-0,1,-9,2,1471,1519,1467,1465
15894,15894000,-5,-16,0,1700,-1,-3,-0,2,-5,-2,1471,1516,1469,1464
15896,15896000,-5,-15,0,1700,-1,-3,-0,4,-3,1,1473,1515,1471,1462
15898,15898000,-6,-15,0,1700,-1,-3,-0,2,-1,-7,1476,1515,1471,1459
15900,15900000,-6,-15,0,1700,-1,-3,-0,4,-4,4,1479,1515,1471,1456
15902,15902000,-7,-15,0,1700,-1,-3,-0,8,-0,2,1482,1515,1471,1453
15904,15904000,-8,-15,0,1700,-1,-3,-0,-1,-3,4,1482,1515,1471,1453
15906,15906000,-8,-15,0,1700,-1,-3,-0,3,0,-2,1480,1516,1471,1454
15908,15908000,-9,-15,0,1700,-1,-3,-0,0,-4,0,1478,1517,1470,1456
15910,15910000,-9,-15,0,1700,-1,-3,-0,1,-7,-4,1476,1520,1467,1458
15912,15912000,-8,-15,0,1700,-1,-3,-0,-1,-6,-3,1475,1523,1464,1460
15914,15914000,-8,-16,0,1700,-1,-3,-0,-2,-2,1,1474,1525,1461,1461
15916,15916000,-7,-16,0,1700,-1,-3,-0,-1,-2,4,1474,1525,1461,1462
15918,15918000,-7,-16,0,1700,-1,-3,-0,2,-3,-2,1472,1522,1463,1464
15920,15920000,-6,-15,0,1700,-1,-3,-0,-4,-8,4,1470,1518,1467,1466
15922,15922000,-6,-15,0,1700,-1,-3,-0,-3,-5,-7,1468,1514,1471,1467
15924,15924000,-6,-14,0,1700,-1,-2,-0,3,-4,4,1469,1513,1474,1466
15926,15926000,-6,-13,0,1700,-1,-2,-0,1,-0,5,1471,1514,1473,1463
15928,15928000,-6,-13,0,1700,-1,-2,-0,4,-5,-4,1476,1517,1470,1457
15930,15930000,-6,-14,0,1700,-1,-2,-0,3,-3,-4,1481,1521,1466,1453
15932,15932000,-7,-14,0,1700,-1,-3,-0,1,6,3,1485,1523,1464,1450
15934,15934000,-7,-15,0,1700,-1,-3,-0,2,-4,-2,1485,1522,1464,1451
15936,15936000,-8,-16,0,1700,-1,-3,-0,2,-4,1,1482,1519,1466,1454
15938,15938000,-8,-15,0,1700,-1,-3,-0,3,-11,-6,1479,1515,1470,1458
15940,15940000,-8,-15,0,1700,-1,-3,-0,1,-3,-1,1475,1512,1473,1461
15942,15942000,-9,-15,0,1700,-1,-3,-0,-3,-4,-2,1473,1511,1474,1462
15944,15944000,-9,-14,0,1700,-1,-2,-0,8,-2,1,1473,1513,1473,1462
15946,15946000,-9,-14,0,1700,-1,-2,-0,3,-5,-7,1473,1516,1470,1462
15948,15948000,-9,-14,0,1700,-1,-2,-0,4,2,2,1473,1519,1467,1462
15950,15950000,-8,-13,0,1700,-1,-2,-0,-2,-7,4,1472,1521,1465,1463
15952,15952000,-7,-13,0,1700,-1,-2,-0,0,-6,-1,1471,1523,1464,1464
15954,15954000,-7,-13,0,1700,-1,-2,-0,0,3,4,1471,1523,1463,1464
15956,15956000,-6,-13,0,1700,-1,-2,-0,2,1,4,1472,1523,1463,1463
15958,15958000,-6,-14,0,1700,-1,-2,-0,1,3,3,1474,1523,1463,1461
15960,15960000,-6,-14,0,1700,-1,-2,-0,0,-2,2,1478,1522,1464,1458
15962,15962000,-6,-14,0,1700,-1,-2,-0,-5,-7,-1,1481,1519,1466,1456
15964,15964000,-6,-14,0,1700,-1,-3,-0,0,-8,2,1482,1515,1469,1455
15966,15966000,-7,-14,0,1700,-1,-3,-0,3,-2,-2,1481,1512,1473,1455
15968,15968000,-8,-14,0,1700,-1,-2,-0,1,-3,1,1480,1509,1476,1456
15970,15970000,-9,-14,0,1700,-1,-2,-0,1,2,4,1478,1509,1477,1457
15972,15972000,-9,-13,0,1700,-2,-2,-0,-1,-6,1,1476,1511,1476,1458
15974,15974000,-10,-13,0,1700,-2,-2,-0,-2,-7,-1,1475,1514,1473,1459
15976,15976000,-10,-13,0,1700,-2,-2,-0,5,-2,5,1474,1517,1470,1461
15978,15978000,-9,-13,0,1700,-2,-2,-0,8,-3,-1,1473,1520,1466,1462
15980,15980000,-9,-13,0,1700,-1,-2,-0,-2,-5,-3,1472,1521,1464,1464
15982,15982000,-8,-13,0,1700,-1,-2,-0,3,-0,2,1473,1522,1462,1464
15984,15984000,-8,-13,0,1700,-1,-2,-0,0,1,-3,1474,1523,1461,1463
15986,15986000,-7,-13,0,1700,-1,-2,-0,-3,-0,4,1476,1524,1460,1461
15988,15988000,-7,-14,0,1700,-1,-2,-0,0,-6,-0,1478,1525,1461,1458
15990,15990000,-6,-14,0,1700,-1,-2,-0,-3,1,-0,1478,1524,1462,1457
15992,15992000,-6,-14,0,1700,-1,-2,-0,-1,-3,4,1476,1520,1466,1458
15994,15994000,-7,-14,0,1700,-1,-2,-0,2,-6,-7,1474,1515,1471,1461
15996,15996000,-7,-13,0,1700,-1,-2,-0,7,-1,2,1471,1510,1476,1464
15998,15998000,-7,-12,0,1700,-1,-2,-0,6,1,0,1471,1507,1479,1465
16000,16000000,-8,-11,-27,1639,-1,-2,-6,-1,-4,6,1499,1249,1222,1489
16002,16002000,-9,-11,-74,1533,-1,-2,-23,3,-11,-19,1659,696,663,1638
16004,16004000,-9,-11,-113,1444,-1,-2,-46,4,-5,-52,1773,281,240,1740
16006,16006000,-10,-12,-145,1372,-2,-2,-71,4,1,-112,1730,289,240,1690
16008,16008000,-10,-12,-172,1311,-2,-2,-95,5,-1,-155,1732,293,240,1692
16010,16010000,-10,-13,-194,1261,-2,-2,-117,4,-3,-194,1728,293,240,1696
16012,16012000,-10,-13,-212,1220,-2,-2,-137,0,1,-233,1720,290,240,1702
16014,16014000,-10,-13,-227,1185,-2,-2,-155,-5,1,-279,1713,289,240,1707
16016,16016000,-9,-12,-240,1157,-1,-2,-171,1,-8,-309,1433,286,236,1435
16018,16018000,-8,-12,-250,1133,-1,-2,-185,-5,-6,-328,1121,281,229,1126
16020,16020000,-7,-12,-259,1114,-1,-2,-197,-5,-5,-344,836,277,225,839
16022,16022000,-6,-12,-266,1098,-1,-2,-207,1,1,-348,595,272,223,592
16024,16024000,-6,-11,-272,1084,-1,-2,-215,-1,-4,-345,408,265,223,401
16026,16026000,-6,-11,-276,1073,-1,-2,-222,-2,-9,-332,310,304,274,298
16028,16028000,-7,-10,-280,1064,-1,-2,-228,7,-2,-306,245,330,313,229
16030,16030000,-8,-9,-284,1057,-1,-2,-233,10,-5,-293,244,381,374,225
16032,16032000,-9,-9,-287,1050,-1,-1,-237,11,-10,-277,248,408,407,225
16034,16034000,-10,-8,-289,1045,-2,-1,-241,3,-1,-259,250,418,418,226
16036,16036000,-11,-7,-291,1041,-2,-1,-244,6,-8,-238,251,412,412,226
16038,16038000,-12,-7,-292,1037,-2,-1,-246,9,-5,-228,249,393,395,226
16040,16040000,-14,-6,-294,1034,-2,-1,-248,9,-2,-219,246,366,372,226
16042,16042000,-15,-5,-295,1032,-3,-1,-250,12,-5,-205,243,335,347,226
16044,16044000,-16,-4,-296,1030,-3,-1,-251,14,-8,-201,240,303,322,226
16046,16046000,-17,-2,-296,1028,-3,-0,-252,8,-16,-198,238,272,299,226
16048,16048000,-18,-1,-297,1027,-3,-0,-253,16,-11,-195,237,242,277,226
16050,16050000,-20,1,-298,1026,-4,0,-254,12,-13,-185,249,226,270,239
16052,16052000,-21,3,-298,1025,-4,0,-255,13,-15,-176,275,226,278,263
16054,16054000,-23,5,-298,1024,-5,1,-255,11,-15,-176,300,226,288,284
16056,16056000,-25,6,-299,1023,-5,1,-256,12,-14,-181,323,227,298,302
16058,16058000,-28,8,-299,1023,-6,1,-256,19,-16,-185,343,227,310,319
16060,16060000,-30,10,-299,1022,-6,2,-256,17,-24,-181,363,227,322,334
16062,16062000,-33,13,-299,1022,-7,2,-257,18,-19,-175,381,227,335,348
16064,16064000,-36,15,-299,1021,-8,3,-257,24,-20,-175,399,227,350,362
16066,16066000,-40,17,-299,1021,-9,3,-257,25,-22,-179,416,227,367,375
16068,16068000,-44,20,-300,1021,-11,4,-257,31,-22,-174,434,227,387,388
16070,16070000,-48,23,-300,1021,-12,4,-257,30,-23,-186,452,227,409,402
16072,16072000,-52,26,-300,1021,-14,5,-258,37,-21,-185,470,228,433,415
16074,16074000,-57,29,-300,1021,-16,6,-258,43,-28,-185,490,228,459,428
16076,16076000,-63,33,-300,1020,-18,7,-258,41,-26,-184,511,228,487,441
16078,16078000,-69,36,-300,1020,-21,8,-258,38,-36,-185,534,228,519,454
16080,16080000,-76,40,-300,1020,-24,10,-258,46,-33,-185,560,228,554,468
16082,16082000,-83,45,-300,1020,-28,11,-258,56,-38,-195,589,229,596,483
16084,16084000,-91,49,-300,1020,-33,13,-258,64,-39,-192,624,229,646,501
16086,16086000,-100,55,-300,1020,-38,15,-258,66,-46,-198,662,230,704,524
16088,16088000,-109,61,-300,1020,-44,17,-258,76,-51,-193,702,230,771,555
16090,16090000,-119,68,-300,1020,-51,20,-258,70,-52,-196,738,231,840,592
16092,16092000,-129,75,-300,1020,-58,24,-258,77,-63,-198,761,232,896,628
16094,16094000,-138,84,-300,1020,-65,29,-258,75,-67,-195,771,232,938,663
16096,16096000,-145,92,-300,1020,-71,33,-258,72,-69,-195,770,232,964,692
16098,16098000,-152,101,-300,1020,-77,39,-258,78,-64,-197,761,232,975,715
16100,16100000,-157,109,-300,1020,-82,44,-258,78,-73,-202,744,232,971,731
16102,16102000,-161,117,-300,1020,-85,49,-258,69,-69,-199,720,232,952,738
16104,16104000,-164,123,-300,1020,-87,54,-258,70,-74,-201,692,231,920,736
16106,16106000,-165,129,-300,1020,-88,58,-258,71,-73,-204,660,230,877,727
16108,16108000,-164,133,-300,1020,-88,61,-258,56,-73,-200,628,230,826,710
16110,16110000,-163,137,-300,1020,-87,64,-258,56,-73,-203,598,229,774,688
16112,16112000,-161,139,-300,1020,-85,66,-258,49,-70,-197,573,228,724,665
16114,16114000,-158,140,-300,1020,-82,67,-258,50,-71,-204,555,228,681,643
16116,16116000,-155,140,-300,1020,-80,67,-258,43,-64,-201,542,228,647,624
16118,16118000,-152,140,-300,1020,-77,66,-258,52,-62,-205,537,227,623,608
16120,16120000,-150,139,-300,1020,-75,66,-258,45,-55,-201,536,227,609,595
16122,16122000,-147,138,-300,1020,-72,65,-258,39,-54,-202,540,227,602,587
16124,16124000,-145,137,-300,1020,-71,64,-258,39,-52,-211,548,227,601,581
16126,16126000,-143,135,-300,1020,-69,63,-258,43,-55,-208,557,227,606,578
16128,16128000,-142,134,-300,1020,-68,62,-258,45,-53,-203,568,228,613,577
16130,16130000,-141,132,-300,1020,-68,61,-258,42,-53,-203,579,228,622,577
16132,16132000,-141,131,-300,1020,-67,60,-258,45,-46,-210,589,228,631,578
16134,16134000,-141,130,-300,1020,-67,59,-258,38,-55,-203,598,228,638,579
16136,16136000,-141,129,-300,1020,-68,58,-258,43,-48,-200,605,228,644,580
16138,16138000,-142,127,-300,1020,-68,57,-258,43,-42,-205,610,228,649,582
16140,16140000,-142,127,-300,1020,-68,56,-258,44,-46,-202,613,228,652,585
16142,16142000,-142,126,-300,1020,-69,56,-258,39,-43,-203,614,228,655,590
16144,16144000,-143,125,-300,1020,-69,55,-258,40,-47,-208,613,228,657,595
16146,16146000,-143,125,-300,1020,-69,55,-258,44,-43,-208,611,228,658,599
16148,16148000,-143,125,-300,1020,-69,55,-258,36,-47,-209,608,228,657,603
16150,16150000,-143,124,-300,1020,-69,55,-258,37,-46,-214,606,228,654,604
16152,16152000,-143,124,-300,1020,-69,54,-258,33,-48,-205,603,228,650,604
16154,16154000,-143,124,-300,1020,-69,54,-258,35,-45,-212,601,228,645,603
16156,16156000,-142,123,-300,1020,-69,54,-258,42,-40,-211,600,228,641,602
16158,16158000,-142,123,-300,1020,-68,54,-258,37,-43,-209,600,228,638,601
16160,16160000,-142,123,-300,1020,-68,53,-258,37,-41,-210,600,228,636,601
16162,16162000,-142,122,-300,1020,-68,53,-258,36,-43,-210,600,228,634,601
16164,16164000,-141,122,-300,1020,-68,53,-258,33,-44,-212,601,228,632,600
16166,16166000,-141,121,-300,1020,-68,52,-258,35,-42,-215,601,228,629,599
16168,16168000,-141,121,-300,1020,-68,52,-258,36,-35,-213,600,228,626,597
16170,16170000,-141,120,-300,1020,-67,52,-258,31,-38,-210,600,228,623,596
16172,16172000,-141,120,-300,1020,-67,51,-258,36,-40,-212,598,228,621,597
16174,16174000,-140,120,-300,1020,-67,51,-258,34,-42,-210,597,228,620,598
16176,16176000,-140,119,-300,1020,-67,51,-258,24,-41,-209,595,228,618,600
16178,16178000,-139,119,-300,1020,-66,51,-258,31,-41,-210,593,228,616,601
16180,16180000,-139,119,-300,1020,-66,50,-258,30,-45,-212,591,228,613,601
16182,16182000,-138,118,-300,1020,-65,50,-258,22,-40,-215,590,228,608,600
16184,16184000,-138,118,-300,1020,-65,50,-258,31,-41,-220,589,228,603,597
16186,16186000,-137,117,-300,1020,-65,49,-258,28,-33,-219,588,228,599,595
16188,16188000,-137,117,-300,1020,-64,49,-258,22,-42,-214,588,228,597,593
16190,16190000,-137,116,-300,1020,-64,49,-258,20,-38,-216,589,228,596,593
16192,16192000,-136,116,-300,1020,-64,48,-258,28,-34,-220,591,228,597,593
16194,16194000,-136,115,-300,1020,-64,48,-258,26,-39,-217,593,228,599,594
16196,16196000,-136,115,-300,1020,-64,48,-258,17,-37,-215,595,228,601,595
16198,16198000,-136,114,-300,1020,-63,47,-258,17,-35,-212,596,228,603,597
16200,16200000,-136,114,-300,1020,-63,47,-258,21,-28,-212,597,228,604,598
16202,16202000,-136,114,-300,1020,-63,47,-258,21,-42,-218,597,228,605,599
16204,16204000,-136,113,-300,1020,-63,47,-258,18,-35,-220,597,228,603,599
16206,16206000,-136,113,-300,1020,-63,47,-258,23,-39,-218,596,228,600,598
16208,16208000,-136,113,-300,1020,-63,46,-258,25,-36,-219,594,228,596,597
16210,16210000,-136,112,-300,1020,-63,46,-258,27,-31,-215,591,228,590,594
16212,16212000,-135,112,-300,1020,-63,46,-258,22,-34,-210,588,228,584,592
16214,16214000,-135,111,-300,1020,-62,45,-258,22,-27,-218,586,228,579,590
16216,16216000,-134,111,-300,1020,-62,45,-258,20,-32,-224,583,228,576,589
16218,16218000,-134,110,-300,1020,-62,44,-258,17,-37,-217,582,228,575,590
16220,16220000,-133,110,-300,1020,-61,44,-258,21,-35,-223,581,228,576,592
16222,16222000,-133,109,-300,1020,-61,44,-258,23,-27,-220,582,228,576,593
16224,16224000,-133,109,-300,1020,-61,44,-258,20,-29,-220,583,228,577,594
16226,16226000,-132,108,-300,1020,-61,43,-258,14,-37,-225,584,228,577,594
16228,16228000,-132,108,-300,1020,-60,43,-258,17,-29,-222,585,228,577,593
16230,16230000,-132,108,-300,1020,-60,43,-258,19,-23,-223,586,228,577,592
16232,16232000,-132,107,-300,1020,-60,43,-258,15,-35,-225,587,228,577,592
16234,16234000,-132,107,-300,1020,-60,42,-258,16,-30,-225,587,228,577,591
16236,16236000,-132,106,-300,1020,-60,42,-258,17,-31,-219,587,228,576,591
16238,16238000,-132,106,-300,1020,-60,42,-258,6,-28,-219,586,228,573,589
16240,16240000,-132,105,-300,1020,-60,41,-258,14,-27,-218,584,228,569,587
16242,16242000,-131,105,-300,1020,-60,41,-258,10,-24,-223,582,228,565,585
16244,16244000,-131,104,-300,1020,-60,41,-258,12,-25,-223,580,228,561,584
16246,16246000,-131,104,-300,1020,-59,40,-258,9,-22,-221,577,228,558,584
16248,16248000,-130,103,-300,1020,-59,40,-258,12,-31,-223,575,228,557,586
16250,16250000,-130,103,-300,1020,-59,40,-258,14,-25,-231,573,228,557,588
16252,16252000,-129,102,-300,1020,-58,39,-258,13,-27,-226,572,228,557,589
16254,16254000,-129,102,-300,1020,-58,39,-258,6,-34,-221,572,228,557,590
16256,16256000,-128,102,-300,1020,-58,39,-258,7,-31,-225,572,228,556,589
16258,16258000,-128,101,-300,1020,-57,39,-258,3,-29,-226,573,228,555,587
16260,16260000,-128,101,-300,1020,-57,38,-258,9,-25,-226,574,228,553,584
16262,16262000,-128,100,-300,1020,-57,38,-258,9,-31,-230,575,228,552,582
16264,16264000,-128,99,-300,1020,-57,38,-258,4,-25,-225,576,228,552,581
16266,16266000,-128,99,-300,1020,-57,37,-258,11,-25,-231,577,228,551,580
16268,16268000,-127,98,-300,1020,-57,37,-258,8,-21,-225,577,228,551,580
16270,16270000,-127,98,-300,1020,-57,37,-258,11,-33,-231,576,228,551,580
16272,16272000,-127,97,-300,1020,-57,36,-258,6,-29,-226,575,228,550,581
16274,16274000,-127,97,-300,1020,-56,36,-258,7,-24,-228,573,228,548,582
16276,16276000,-127,96,-300,1020,-56,36,-258,4,-30,-226,571,228,547,582
16278,16278000,-126,96,-300,1020,-56,35,-258,6,-25,-226,568,228,545,583
16280,16280000,-126,96,-300,1020,-56,35,-258,5,-28,-234,565,228,542,582
16282,16282000,-126,95,-300,1020,-55,35,-258,0,-33,-229,563,228,540,581
16284,16284000,-125,95,-300,1020,-55,35,-258,3,-24,-225,562,228,536,580
16286,16286000,-125,94,-300,1020,-55,34,-258,4,-31,-233,561,228,533,578
16288,16288000,-124,93,-300,1020,-54,34,-258,7,-29,-236,561,228,531,576
16290,16290000,-124,93,-300,1020,-54,34,-258,-1,-24,-229,562,228,531,574
16292,16292000,-124,92,-300,1020,-54,33,-258,0,-31,-233,562,228,531,574
16294,16294000,-123,92,-300,1020,-54,33,-258,4,-27,-237,563,228,533,574
16296,16296000,-123,91,-300,1020,-54,33,-258,10,-26,-234,564,228,534,575
16298,16298000,-123,91,-300,1020,-54,32,-258,3,-27,-228,565,228,535,575
16300,16300000,-123,90,-300,1020,-53,32,-258,-7,-24,-230,565,228,535,575
16302,16302000,-123,90,-300,1020,-53,32,-258,3,-24,-229,565,228,535,575
16304,16304000,-123,89,-300,1020,-53,32,-258,3,-20,-229,564,228,534,574
16306,16306000,-122,89,-300,1020,-53,31,-258,-4,-28,-234,562,228,532,574
16308,16308000,-122,88,-300,1020,-53,31,-258,-0,-28,-232,560,228,531,575
16310,16310000,-122,88,-300,1020,-53,31,-258,3,-23,-236,557,228,528,574
16312,16312000,-121,87,-300,1020,-52,31,-258,-3,-30,-233,555,228,525,573
16314,16314000,-121,87,-300,1020,-52,30,-258,-2,-22,-230,553,228,521,571
16316,16316000,-121,86,-300,1020,-52,30,-258,-6,-24,-239,552,228,517,568
16318,16318000,-120,85,-300,1020,-51,30,-258,-4,-22,-236,551,228,514,566
16320,16320000,-120,85,-300,1020,-51,29,-258,-3,-21,-235,550,228,513,566
16322,16322000,-119,84,-300,1020,-51,29,-258,-0,-23,-232,550,228,514,566
16324,16324000,-119,84,-300,1020,-51,29,-258,-5,-21,-234,551,228,516,568
16326,16326000,-119,83,-300,1020,-50,28,-258,-5,-22,-231,551,228,519,569
16328,16328000,-118,83,-300,1020,-50,28,-258,-3,-25,-231,552,228,521,570
16330,16330000,-118,82,-300,1020,-50,28,-258,-4,-24,-239,552,228,522,570
16332,16332000,-118,82,-300,1020,-50,28,-258,-0,-21,-239,553,228,521,568
16334,16334000,-118,81,-300,1020,-50,27,-258,-4,-20,-236,553,228,519,567
16336,16336000,-118,81,-300,1020,-50,27,-258,-6,-32,-237,552,228,517,565
16338,16338000,-118,80,-300,1020,-50,27,-258,-2,-24,-233,551,228,515,563
16340,16340000,-117,80,-300,1020,-50,26,-258,-5,-30,-240,550,228,513,562
16342,16342000,-117,79,-300,1020,-49,26,-258,-7,-15,-237,548,228,510,562
16344,16344000,-117,79,-300,1020,-49,26,-258,1,-22,-240,545,228,508,561
16346,16346000,-116,78,-300,1020,-49,25,-258,-9,-29,-241,543,228,506,561
16348,16348000,-116,77,-300,1020,-49,25,-258,-3,-27,-242,541,228,504,561
16350,16350000,-116,77,-300,1020,-48,25,-258,-6,-22,-235,540,228,504,561
16352,16352000,-115,76,-300,1020,-48,25,-258,-2,-24,-236,539,228,504,561
16354,16354000,-115,76,-300,1020,-48,24,-258,-2,-23,-243,538,228,504,562
16356,16356000,-114,75,-300,1020,-47,24,-258,-1,-21,-242,539,228,505,562
16358,16358000,-114,75,-300,1020,-47,24,-258,-10,-28,-244,539,228,505,561
16360,16360000,-114,74,-300,1020,-47,24,-258,-7,-28,-238,540,228,505,559
16362,16362000,-113,74,-300,1020,-47,23,-258,-4,-24,-245,541,228,504,558
16364,16364000,-113,73,-300,1020,-47,23,-258,-11,-25,-242,542,228,504,557
16366,16366000,-113,73,-300,1020,-47,23,-258,-6,-24,-247,542,228,503,556
16368,16368000,-113,72,-300,1020,-46,23,-258,-8,-14,-243,541,228,503,555
16370,16370000,-113,72,-300,1020,-46,22,-258,-11,-26,-242,540,228,502,554
16372,16372000,-113,71,-300,1020,-46,22,-258,-7,-22,-242,538,228,500,554
16374,16374000,-112,70,-300,1020,-46,22,-258,-7,-24,-242,536,228,498,553
16376,16376000,-112,70,-300,1020,-46,21,-258,-7,-29,-248,534,228,497,553
16378,16378000,-112,69,-300,1020,-45,21,-258,-4,-21,-240,533,228,496,553
16380,16380000,-111,69,-300,1020,-45,21,-258,-14,-28,-241,531,228,495,554
16382,16382000,-111,68,-300,1020,-45,21,-258,-9,-26,-246,530,228,495,555
16384,16384000,-110,68,-300,1020,-45,21,-258,-10,-24,-250,529,228,494,555
16386,16386000,-110,68,-300,1020,-44,20,-258,-14,-25,-243,528,228,493,554
16388,16388000,-109,67,-300,1020,-44,20,-258,-12,-26,-246,528,228,491,552
16390,16390000,-109,66,-300,1020,-44,20,-258,-16,-27,-245,528,228,490,549
16392,16392000,-109,66,-300,1020,-44,20,-258,-4,-18,-253,528,228,488,547
16394,16394000,-108,65,-300,1020,-43,19,-258,-9,-28,-244,529,228,488,546
16396,16396000,-108,64,-300,1020,-43,19,-258,-4,-23,-253,529,228,489,545
16398,16398000,-108,64,-300,1020,-43,19,-258,-3,-21,-247,530,228,491,546
16400,16400000,-108,63,-300,1020,-43,18,-258,-11,-25,-242,530,228,492,548
16402,16402000,-108,63,-300,1020,-43,18,-258,-9,-23,-244,529,228,493,548
16404,16404000,-107,62,-300,1020,-43,18,-258,-12,-26,-245,528,228,493,549
16406,16406000,-107,62,-300,1020,-43,18,-258,-9,-22,-242,527,228,491,548
16408,16408000,-107,61,-300,1020,-42,18,-258,-11,-20,-246,525,228,489,547
16410,16410000,-106,61,-300,1020,-42,17,-258,-5,-19,-250,523,228,486,546
16412,16412000,-106,60,-300,1020,-42,17,-258,-13,-23,-248,521,228,484,544
16414,16414000,-106,60,-300,1020,-42,17,-258,-7,-19,-243,519,228,482,543
16416,16416000,-105,59,-300,1020,-41,17,-258,-15,-25,-248,518,227,480,542
16418,16418000,-105,59,-300,1020,-41,16,-258,-15,-18,-241,517,227,479,541
16420,16420000,-104,58,-300,1020,-41,16,-258,-17,-27,-248,517,227,478,540
16422,16422000,-104,57,-300,1020,-40,16,-258,-18,-24,-245,517,227,478,539
16424,16424000,-104,57,-300,1020,-40,16,-258,-6,-29,-252,518,227,479,539
16426,16426000,-103,56,-300,1020,-40,15,-258,-10,-18,-244,518,228,480,540
16428,16428000,-103,56,-300,1020,-40,15,-258,-10,-24,-245,519,228,482,540
16430,16430000,-103,55,-300,1020,-40,15,-258,-12,-24,-250,519,228,483,541
16432,16432000,-103,55,-300,1020,-40,15,-258,-15,-20,-246,518,228,483,540
16434,16434000,-102,54,-300,1020,-39,15,-258,-15,-25,-249,518,228,483,540
16436,16436000,-102,54,-300,1020,-39,15,-258,-8,-21,-248,517,228,481,538
16438,16438000,-102,53,-300,1020,-39,14,-258,-10,-23,-253,516,228,480,537
16440,16440000,-101,53,-300,1020,-39,14,-258,-16,-25,-248,514,227,478,536
16442,16442000,-101,52,-300,1020,-39,14,-258,-6,-19,-244,513,227,476,535
16444,16444000,-101,52,-300,1020,-38,14,-258,-11,-25,-255,511,227,474,534
16446,16446000,-100,51,-300,1020,-38,13,-258,-9,-24,-248,510,227,472,533
16448,16448000,-100,50,-300,1020,-38,13,-258,-9,-20,-253,509,227,471,532
16450,16450000,-99,50,-300,1020,-38,13,-258,-13,-23,-249,507,227,470,532
16452,16452000,-99,49,-300,1020,-37,13,-258,-15,-21,-250,507,227,470,532
16454,16454000,-99,49,-300,1020,-37,13,-258,-14,-25,-251,506,227,470,533
16456,16456000,-98,48,-300,1020,-37,12,-258,-9,-25,-252,506,227,472,533
16458,16458000,-98,48,-300,1020,-37,12,-258,-11,-30,-256,507,227,473,534
16460,16460000,-97,48,-300,1020,-36,12,-258,-10,-21,-253,507,227,474,533
16462,16462000,-97,47,-300,1020,-36,12,-258,-14,-22,-252,507,227,474,532
16464,16464000,-97,47,-300,1020,-36,12,-258,-7,-25,-251,508,227,473,530
16466,16466000,-97,46,-300,1020,-36,11,-258,-9,-18,-252,507,227,471,527
16468,16468000,-96,45,-300,1020,-36,11,-258,-9,-21,-249,507,227,469,526
16470,16470000,-96,45,-300,1020,-36,11,-258,-8,-23,-255,506,227,468,525
16472,16472000,-96,44,-300,1020,-36,11,-258,-9,-20,-253,505,227,468,525
16474,16474000,-96,43,-300,1020,-35,11,-258,-7,-22,-253,503,227,467,526
16476,16476000,-95,43,-300,1020,-35,10,-258,-7,-20,-250,501,227,467,526
16478,16478000,-95,42,-300,1020,-35,10,-258,-12,-31,-256,500,227,466,526
16480,16480000,-94,42,-300,1020,-35,10,-258,-10,-18,-258,498,227,465,526
16482,16482000,-94,42,-300,1020,-34,10,-258,-11,-26,-252,497,227,464,525
16484,16484000,-93,41,-300,1020,-34,10,-258,-11,-19,-250,496,227,463,524
16486,16486000,-93,41,-300,1020,-34,10,-258,-9,-17,-254,496,227,463,524
16488,16488000,-92,40,-300,1020,-33,9,-258,-16,-26,-258,496,227,463,523
16490,16490000,-92,40,-300,1020,-33,9,-258,-15,-21,-252,497,227,463,522
16492,16492000,-92,39,-300,1020,-33,9,-258,-9,-23,-249,497,227,463,521
16494,16494000,-91,38,-300,1020,-33,9,-258,-8,-20,-255,497,227,462,520
16496,16496000,-91,38,-300,1020,-33,9,-258,-12,-29,-253,497,227,462,519
16498,16498000,-91,37,-300,1020,-33,9,-258,-6,-20,-248,496,227,461,518
16500,16500000,-91,37,-300,1020,-32,8,-258,-9,-19,-257,496,227,461,517
16502,16502000,-90,36,-300,1020,-32,8,-258,-15,-17,-251,495,227,461,518
16504,16504000,-90,36,-300,1020,-32,8,-258,-16,-24,-261,494,227,462,518
16506,16506000,-90,35,-300,1020,-32,8,-258,-9,-26,-254,493,227,462,518
16508,16508000,-89,35,-300,1020,-32,8,-258,-11,-24,-256,492,227,461,518
16510,16510000,-89,34,-300,1020,-31,8,-258,-19,-21,-257,490,227,460,517
16512,16512000,-89,34,-300,1020,-31,7,-258,-14,-20,-252,489,227,458,516
16514,16514000,-88,33,-300,1020,-31,7,-258,-11,-23,-255,488,227,457,515
16516,16516000,-88,33,-300,1020,-31,7,-258,-15,-29,-258,487,227,455,514
16518,16518000,-87,32,-300,1020,-30,7,-258,-13,-19,-251,486,227,454,513
16520,16520000,-87,32,-300,1020,-30,7,-258,-10,-22,-254,486,227,453,512
16522,16522000,-86,31,-300,1020,-30,7,-258,-12,-19,-253,486,227,452,511
16524,16524000,-86,30,-300,1020,-30,6,-258,-15,-23,-257,486,227,452,510
16526,16526000,-85,30,-300,1020,-30,6,-258,-8,-19,-257,486,227,453,509
16528,16528000,-85,29,-300,1020,-29,6,-258,-7,-22,-260,486,227,455,509
16530,16530000,-85,29,-300,1020,-29,6,-258,-12,-26,-254,486,227,456,510
16532,16532000,-85,28,-300,1020,-29,6,-258,-17,-26,-258,486,227,457,511
16534,16534000,-84,28,-300,1020,-29,6,-258,-10,-21,-260,485,227,457,511
16536,16536000,-84,28,-300,1020,-29,6,-258,-14,-22,-263,484,227,456,510
16538,16538000,-84,27,-300,1020,-29,6,-258,-10,-25,-256,483,227,454,508
16540,16540000,-83,26,-300,1020,-28,5,-258,-12,-27,-254,482,227,451,507
16542,16542000,-83,26,-300,1020,-28,5,-258,-10,-23,-257,480,227,449,505
16544,16544000,-82,25,-300,1020,-28,5,-258,-4,-21,-254,479,227,448,504
16546,16546000,-82,25,-300,1020,-28,5,-258,-8,-19,-253,478,227,447,503
16548,16548000,-81,24,-300,1020,-27,5,-258,-13,-20,-257,477,227,447,503
16550,16550000,-81,24,-300,1020,-27,5,-258,-9,-21,-253,477,227,447,503
16552,16552000,-81,23,-300,1020,-27,5,-258,-6,-20,-260,476,227,447,503
16554,16554000,-80,23,-300,1020,-27,4,-258,-6,-19,-262,476,227,447,502
16556,16556000,-80,22,-300,1020,-26,4,-258,-13,-20,-257,476,227,447,501
16558,16558000,-79,22,-300,1020,-26,4,-258,-16,-24,-253,475,227,447,501
16560,16560000,-79,21,-300,1020,-26,4,-258,-10,-24,-263,475,227,448,501
16562,16562000,-79,21,-300,1020,-26,4,-258,-9,-21,-259,475,227,448,501
16564,16564000,-78,20,-300,1020,-26,4,-258,-6,-24,-262,475,227,448,500
16566,16566000,-78,20,-300,1020,-26,4,-258,-5,-16,-261,475,227,448,499
16568,16568000,-78,19,-300,1020,-25,4,-258,-9,-21,-263,474,227,447,498
16570,16570000,-77,19,-300,1020,-25,3,-258,-8,-16,-260,473,227,445,496
16572,16572000,-77,18,-300,1020,-25,3,-258,-8,-20,-260,472,227,444,495
16574,16574000,-77,18,-300,1020,-25,3,-258,-14,-22,-260,471,227,443,494
16576,16576000,-76,17,-300,1020,-25,3,-258,-9,-19,-261,470,227,442,494
16578,16578000,-76,16,-300,1020,-24,3,-258,-14,-18,-259,468,227,442,494
16580,16580000,-75,16,-300,1020,-24,3,-258,-15,-16,-256,467,227,441,494
16582,16582000,-75,16,-300,1020,-24,3,-258,-6,-19,-257,466,227,441,494
16584,16584000,-74,15,-300,1020,-24,3,-258,-14,-24,-259,465,227,441,494
16586,16586000,-74,15,-300,1020,-23,3,-258,-16,-26,-264,465,227,441,493
16588,16588000,-73,14,-300,1020,-23,2,-258,-10,-20,-264,465,227,441,492
16590,16590000,-73,14,-300,1020,-23,2,-258,-10,-17,-261,465,227,441,491
16592,16592000,-73,13,-300,1020,-23,2,-258,-7,-17,-259,465,227,441,490
16594,16594000,-72,13,-300,1020,-23,2,-258,-12,-23,-262,465,227,440,489
16596,16596000,-72,12,-300,1020,-22,2,-258,-10,-25,-263,465,227,439,487
16598,16598000,-72,12,-300,1020,-22,2,-258,-10,-22,-265,464,227,438,486
16600,16600000,-71,11,-300,1020,-22,2,-258,-8,-15,-258,464,227,438,485
16602,16602000,-71,10,-300,1020,-22,2,-258,-14,-17,-258,462,227,437,485
16604,16604000,-70,10,-300,1020,-22,2,-258,-1,-18,-261,461,227,437,485
16606,16606000,-70,9,-300,1020,-22,2,-258,-16,-16,-258,460,227,437,486
16608,16608000,-70,9,-300,1020,-21,1,-258,-6,-17,-259,459,227,437,486
16610,16610000,-69,9,-300,1020,-21,1,-258,-9,-18,-259,459,227,437,485
16612,16612000,-69,8,-300,1020,-21,1,-258,-14,-21,-258,458,227,436,484
16614,16614000,-68,8,-300,1020,-21,1,-258,-5,-17,-266,457,227,434,483
16616,16616000,-68,7,-300,1020,-21,1,-258,-13,-13,-263,456,227,433,481
16618,16618000,-67,7,-300,1020,-20,1,-258,-12,-21,-260,456,227,433,480
16620,16620000,-67,6,-300,1020,-20,1,-258,-7,-21,-267,455,227,432,479
16622,16622000,-66,6,-300,1020,-20,1,-258,-9,-18,-262,454,227,432,479
16624,16624000,-66,5,-300,1020,-20,1,-258,-14,-21,-263,454,227,432,478
16626,16626000,-66,4,-300,1020,-19,1,-258,-9,-20,-267,454,227,431,477
16628,16628000,-65,4,-300,1020,-19,1,-258,-10,-19,-262,453,227,431,477
16630,16630000,-65,3,-300,1020,-19,1,-258,-9,-18,-268,453,227,431,476
16632,16632000,-64,3,-300,1020,-19,0,-258,-14,-20,-264,453,227,431,475
16634,16634000,-64,2,-300,1020,-19,0,-258,-6,-14,-260,452,227,432,475
16636,16636000,-64,2,-300,1020,-19,0,-258,-5,-21,-264,452,227,432,475
16638,16638000,-63,2,-300,1020,-18,0,-258,-6,-18,-264,451,227,432,475
16640,16640000,-63,1,-300,1020,-18,0,-258,-7,-19,-266,450,227,431,474
16642,16642000,-62,1,-300,1020,-18,0,-258,-7,-19,-268,448,227,429,473
16644,16644000,-62,0,-300,1020,-18,0,-258,-13,-23,-266,447,227,427,471
16646,16646000,-61,0,-300,1020,-18,-0,-258,-9,-16,-267,446,227,425,470
16648,16648000,-61,-1,-300,1020,-17,-0,-258,-6,-17,-261,445,227,424,468
16650,16650000,-60,-2,-300,1020,-17,-0,-258,-9,-19,-263,445,227,424,468
16652,16652000,-60,-2,-300,1020,-17,-0,-258,-13,-16,-260,444,227,424,467
16654,16654000,-59,-3,-300,1020,-17,-0,-258,-10,-17,-257,444,227,424,467
16656,16656000,-59,-3,-300,1020,-17,-0,-258,-11,-18,-257,444,227,425,467
16658,16658000,-59,-4,-300,1020,-16,-1,-258,-7,-17,-263,444,227,425,466
16660,16660000,-58,-4,-300,1020,-16,-1,-258,-8,-21,-269,443,227,426,466
16662,16662000,-58,-5,-300,1020,-16,-1,-258,-9,-14,-260,443,227,425,465
16664,16664000,-57,-5,-300,1020,-16,-1,-258,-2,-18,-268,442,227,425,464
16666,16666000,-57,-5,-300,1020,-16,-1,-258,-1,-12,-266,441,227,424,463
16668,16668000,-57,-6,-300,1020,-16,-1,-258,-9,-14,-263,440,227,423,462
16670,16670000,-56,-6,-300,1020,-15,-1,-258,-11,-16,-265,439,227,421,461
16672,16672000,-56,-7,-300,1020,-15,-1,-258,-11,-18,-264,439,227,420,459
16674,16674000,-55,-7,-300,1020,-15,-1,-258,-10,-16,-264,438,227,419,458
16676,16676000,-55,-8,-300,1020,-15,-1,-258,-8,-14,-263,437,227,418,457
16678,16678000,-54,-9,-300,1020,-15,-1,-258,-2,-15,-267,436,227,418,457
16680,16680000,-54,-9,-300,1020,-15,-1,-258,-9,-12,-256,436,227,418,457
16682,16682000,-53,-9,-300,1020,-14,-2,-258,-12,-20,-267,435,227,418,457
16684,16684000,-53,-10,-300,1020,-14,-2,-258,-10,-13,-257,434,227,418,456
16686,16686000,-52,-10,-300,1020,-14,-2,-258,-10,-19,-263,433,227,417,455
16688,16688000,-52,-11,-300,1020,-14,-2,-258,-9,-17,-261,432,227,416,454
16690,16690000,-51,-11,-300,1020,-14,-2,-258,-1,-14,-265,432,227,415,453
16692,16692000,-51,-12,-300,1020,-13,-2,-258,-10,-16,-268,431,227,415,452
16694,16694000,-51,-12,-300,1020,-13,-2,-258,-5,-10,-263,431,227,415,451
16696,16696000,-50,-13,-300,1020,-13,-2,-258,-6,-16,-265,431,227,415,450
16698,16698000,-50,-13,-300,1020,-13,-2,-258,-6,-14,-261,430,227,415,449
16700,16700000,-49,-13,-300,1020,-13,-2,-258,-12,-11,-262,430,227,414,448
16702,16702000,-49,-14,-300,1020,-13,-2,-258,-5,-14,-264,429,227,413,447
16704,16704000,-48,-14,-300,1020,-12,-3,-258,-8,-14,-265,428,227,412,446
16706,16706000,-48,-15,-300,1020,-12,-3,-258,-4,-10,-263,427,227,411,445
16708,16708000,-47,-15,-300,1020,-12,-3,-258,-5,-12,-266,426,227,410,445
16710,16710000,-47,-16,-300,1020,-12,-3,-258,-7,-13,-268,425,227,410,445
16712,16712000,-46,-16,-300,1020,-12,-3,-258,-3,-14,-264,424,227,410,445
16714,16714000,-46,-17,-300,1020,-11,-3,-258,-15,-17,-265,423,227,410,444
16716,16716000,-45,-17,-300,1020,-11,-3,-258,-7,-18,-267,423,227,410,443
16718,16718000,-45,-17,-300,1020,-11,-3,-258,-9,-13,-261,422,227,409,442
16720,16720000,-44,-18,-300,1020,-11,-3,-258,-5,-8,-262,422,227,408,440
16722,16722000,-44,-18,-300,1020,-11,-3,-258,-9,-9,-265,421,227,407,439
16724,16724000,-43,-19,-300,1020,-11,-3,-258,-6,-17,-272,421,227,406,437
16726,16726000,-43,-19,-300,1020,-10,-4,-258,-11,-13,-267,420,227,405,436
16728,16728000,-43,-19,-300,1020,-10,-4,-258,-6,-11,-270,419,227,405,436
16730,16730000,-42,-20,-300,1020,-10,-4,-258,-8,-5,-269,418,227,405,435
16732,16732000,-42,-20,-300,1020,-10,-4,-258,-1,-20,-269,417,227,405,435
16734,16734000,-41,-21,-300,1020,-10,-4,-258,-3,-10,-263,417,227,404,434
16736,16736000,-41,-21,-300,1020,-10,-4,-258,-10,-13,-263,416,227,404,434
16738,16738000,-40,-21,-300,1020,-9,-4,-258,-7,-12,-268,416,227,404,433
16740,16740000,-40,-22,-300,1020,-9,-4,-258,-3,-12,-267,415,227,404,433
16742,16742000,-39,-22,-300,1020,-9,-4,-258,-5,-16,-268,414,227,403,432
16744,16744000,-39,-22,-300,1020,-9,-4,-258,-5,-5,-268,414,227,402,430
16746,16746000,-38,-23,-300,1020,-9,-4,-258,-12,-15,-263,413,227,401,429
16748,16748000,-38,-23,-300,1020,-9,-5,-258,-8,-9,-262,412,227,399,427
16750,16750000,-37,-24,-300,1020,-9,-5,-258,-10,-18,-270,411,227,398,426
16752,16752000,-37,-24,-300,1020,-8,-5,-258,-11,-9,-264,410,227,397,425
16754,16754000,-36,-24,-300,1020,-8,-5,-258,1,-6,-268,409,227,397,425
16756,16756000,-36,-25,-300,1020,-8,-5,-258,-5,-16,-269,408,227,397,424
16758,16758000,-35,-25,-300,1020,-8,-5,-258,-5,-13,-268,408,227,397,424
16760,16760000,-35,-25,-300,1020,-8,-5,-258,-8,-11,-263,408,227,397,423
16762,16762000,-34,-26,-300,1020,-8,-5,-258,-9,-7,-266,407,227,397,422
16764,16764000,-34,-26,-300,1020,-7,-5,-258,-7,-13,-267,407,227,397,421
16766,16766000,-33,-26,-300,1020,-7,-5,-258,-3,-10,-263,406,227,396,421
16768,16768000,-33,-27,-300,1020,-7,-5,-258,-5,-7,-266,405,227,396,420
16770,16770000,-32,-27,-300,1020,-7,-5,-258,-3,-11,-274,404,227,395,419
16772,16772000,-32,-27,-300,1020,-7,-6,-258,-5,-14,-271,403,227,394,418
16774,16774000,-31,-28,-300,1020,-7,-6,-258,-11,-7,-262,402,227,393,416
16776,16776000,-31,-28,-300,1020,-7,-6,-258,-0,-12,-269,401,227,391,415
16778,16778000,-30,-28,-300,1020,-6,-6,-258,-8,-14,-269,401,227,390,413
16780,16780000,-29,-29,-300,1020,-6,-6,-258,-4,-12,-271,400,227,389,412
16782,16782000,-29,-29,-300,1020,-6,-6,-258,-6,-15,-268,400,227,389,412
16784,16784000,-28,-29,-300,1020,-6,-6,-258,-5,-12,-267,399,227,390,412
16786,16786000,-28,-30,-300,1020,-6,-6,-258,-1,-6,-269,398,227,390,412
16788,16788000,-27,-30,-300,1020,-6,-6,-258,-4,-17,-272,397,227,390,411
16790,16790000,-27,-30,-300,1020,-5,-6,-258,1,-12,-273,397,227,389,411
16792,16792000,-26,-30,-300,1020,-5,-6,-258,-5,-4,-268,396,227,388,409
16794,16794000,-26,-31,-300,1020,-5,-7,-258,-7,-14,-271,395,227,387,408
16796,16796000,-25,-31,-300,1020,-5,-7,-258,-3,-10,-269,394,227,386,406
16798,16798000,-25,-31,-300,1020,-5,-7,-258,-9,-11,-271,393,227,385,405
16800,16800000,-24,-32,-300,1020,-5,-7,-258,-1,-10,-270,393,227,384,404
16802,16802000,-24,-32,-300,1020,-5,-7,-258,-5,-11,-270,392,227,384,403
16804,16804000,-23,-32,-300,1020,-5,-7,-258,-8,-6,-263,392,227,384,402
16806,16806000,-23,-32,-300,1020,-4,-7,-258,-6,-12,-270,391,227,384,402
16808,16808000,-22,-33,-300,1020,-4,-7,-258,-2,-6,-271,391,227,383,401
16810,16810000,-22,-33,-300,1020,-4,-7,-258,-6,-9,-271,390,227,383,400
16812,16812000,-21,-33,-300,1020,-4,-7,-258,-8,-12,-266,389,227,382,400
16814,16814000,-20,-34,-300,1020,-4,-7,-258,-3,-5,-263,387,227,381,399
16816,16816000,-20,-34,-300,1020,-4,-7,-258,-1,-6,-270,386,227,381,398
16818,16818000,-19,-34,-300,1020,-4,-8,-258,-8,-10,-264,385,227,380,397
16820,16820000,-19,-34,-300,1020,-3,-8,-258,-6,-13,-270,385,227,379,396
16822,16822000,-18,-35,-300,1020,-3,-8,-258,-7,-11,-267,384,227,378,394
16824,16824000,-18,-35,-300,1020,-3,-8,-258,0,-5,-268,384,227,377,393
16826,16826000,-17,-35,-300,1020,-3,-8,-258,-2,-6,-265,383,227,377,392
16828,16828000,-16,-35,-300,1020,-3,-8,-258,-1,-10,-270,383,227,376,391
16830,16830000,-16,-36,-300,1020,-3,-8,-258,-12,-6,-266,382,227,376,390
16832,16832000,-15,-36,-300,1020,-3,-8,-258,-7,-7,-266,381,227,375,390
16834,16834000,-15,-36,-300,1020,-3,-8,-258,-2,-9,-276,380,227,375,389
16836,16836000,-14,-36,-300,1020,-2,-8,-258,-4,-8,-262,379,227,374,388
16838,16838000,-14,-37,-300,1020,-2,-8,-258,-1,-6,-272,378,227,373,387
16840,16840000,-13,-37,-300,1020,-2,-8,-258,-3,-6,-275,378,227,373,386
16842,16842000,-13,-37,-300,1020,-2,-8,-258,-6,-5,-267,377,227,373,386
16844,16844000,-12,-37,-300,1020,-2,-9,-258,-2,-6,-271,377,227,373,385
16846,16846000,-11,-37,-300,1020,-2,-9,-258,-4,2,-268,376,227,372,384
16848,16848000,-11,-38,-300,1020,-2,-9,-258,-5,-7,-270,375,227,371,383
16850,16850000,-10,-38,-300,1020,-2,-9,-258,-5,-4,-266,375,227,370,381
16852,16852000,-10,-38,-300,1020,-2,-9,-258,-9,-12,-270,374,227,368,379
16854,16854000,-9,-38,-300,1020,-1,-9,-258,-0,-2,-267,373,227,367,378
16856,16856000,-9,-39,-300,1020,-1,-9,-258,-5,-3,-266,372,227,366,377
16858,16858000,-8,-39,-300,1020,-1,-9,-258,-12,-7,-267,371,227,366,377
16860,16860000,-7,-39,-300,1020,-1,-9,-258,-1,-7,-276,370,227,366,377
16862,16862000,-7,-39,-300,1020,-1,-9,-258,-3,-2,-269,369,227,366,376
16864,16864000,-6,-40,-300,1020,-1,-9,-258,0,-1,-270,369,227,366,375
16866,16866000,-5,-40,-300,1020,-1,-9,-258,-9,-11,-271,368,227,365,374
16868,16868000,-5,-40,-300,1020,-1,-9,-258,-5,-7,-272,368,227,365,373
16870,16870000,-4,-40,-300,1020,-1,-9,-258,-6,-7,-269,367,227,364,372
16872,16872000,-4,-40,-300,1020,-1,-10,-258,-5,-0,-265,367,227,363,371
16874,16874000,-3,-41,-300,1020,-0,-10,-258,-0,-1,-268,366,227,362,370
16876,16876000,-3,-41,-300,1020,-0,-10,-258,-6,-6,-264,365,227,361,369
16878,16878000,-2,-41,-300,1020,-0,-10,-258,-2,-7,-271,364,227,360,368
16880,16880000,-1,-41,-300,1020,-0,-10,-258,-5,3,-268,363,227,359,367
16882,16882000,-1,-41,-300,1020,-0,-10,-258,-1,2,-264,362,227,359,365
16884,16884000,0,-42,-300,1020,-0,-10,-258,-4,-4,-265,361,227,358,365
16886,16886000,1,-42,-300,1020,0,-10,-258,-8,-5,-266,361,227,358,364
16888,16888000,1,-42,-300,1020,0,-10,-258,-1,-2,-270,360,227,357,363
16890,16890000,2,-42,-300,1020,0,-10,-258,-0,-5,-270,359,227,357,363
16892,16892000,2,-42,-300,1020,0,-10,-258,-5,-4,-272,359,227,357,362
16894,16894000,3,-43,-300,1020,0,-10,-258,-7,-6,-264,358,227,356,361
16896,16896000,4,-43,-300,1020,1,-10,-258,-4,0,-268,357,227,355,360
16898,16898000,4,-43,-300,1020,1,-10,-258,-11,-2,-268,356,227,354,358
16900,16900000,5,-43,-300,1020,1,-10,-258,1,-7,-272,355,227,353,357
16902,16902000,6,-43,-300,1020,1,-11,-258,-0,-4,-267,354,227,352,356
16904,16904000,6,-43,-300,1020,1,-11,-258,-0,-7,-273,353,227,351,355
16906,16906000,7,-44,-300,1020,1,-11,-258,-4,-2,-272,353,227,350,354
16908,16908000,8,-44,-300,1020,1,-11,-258,4,-2,-273,352,227,350,353
16910,16910000,8,-44,-300,1020,1,-11,-258,-2,-5,-275,352,227,349,352
16912,16912000,9,-44,-300,1020,1,-11,-258,-7,-2,-265,351,227,349,351
16914,16914000,9,-44,-300,1020,2,-11,-258,-8,-6,-271,350,227,348,350
16916,16916000,10,-45,-300,1020,2,-11,-258,-5,-1,-272,349,227,348,350
16918,16918000,11,-45,-300,1020,2,-11,-258,-6,1,-269,348,227,347,350
16920,16920000,11,-45,-300,1020,2,-11,-258,-11,-7,-268,347,227,346,349
16922,16922000,12,-45,-300,1020,2,-11,-258,-2,-0,-268,346,227,345,348
16924,16924000,13,-45,-300,1020,2,-11,-258,-12,-2,-268,345,227,343,346
16926,16926000,13,-45,-300,1020,2,-11,-258,-5,-3,-267,344,227,342,344
16928,16928000,14,-45,-300,1020,2,-11,-258,-10,-2,-271,343,227,341,343
16930,16930000,14,-46,-300,1020,3,-11,-258,-5,-4,-268,343,227,340,342
16932,16932000,15,-46,-300,1020,3,-11,-258,-0,1,-265,342,227,340,341
16934,16934000,16,-46,-300,1020,3,-12,-258,-3,-6,-267,342,227,340,341
16936,16936000,16,-46,-300,1020,3,-12,-258,-6,-9,-266,341,227,340,340
16938,16938000,17,-46,-300,1020,3,-12,-258,-8,1,-270,340,227,339,340
16940,16940000,17,-46,-300,1020,3,-12,-258,2,1,-267,339,227,338,339
16942,16942000,18,-46,-300,1020,3,-12,-258,-7,-1,-272,338,227,337,338
16944,16944000,19,-47,-300,1020,3,-12,-258,-9,-2,-272,337,227,336,336
16946,16946000,19,-47,-300,1020,4,-12,-258,-6,-3,-269,336,227,335,335
16948,16948000,20,-47,-300,1020,4,-12,-258,-10,-6,-275,336,227,334,335
16950,16950000,20,-47,-300,1020,4,-12,-258,-10,-2,-269,335,227,334,334
16952,16952000,21,-47,-300,1020,4,-12,-258,-10,1,-266,334,227,333,333
16954,16954000,22,-47,-300,1020,4,-12,-258,-3,4,-269,333,227,332,331
16956,16956000,22,-47,-300,1020,4,-12,-258,-8,4,-263,332,227,331,330
16958,16958000,23,-48,-300,1020,4,-12,-258,-1,0,-271,331,227,330,329
16960,16960000,23,-48,-300,1020,5,-12,-258,-5,-2,-272,330,227,329,328
16962,16962000,24,-48,-300,1020,5,-12,-258,-4,4,-274,329,227,328,328
16964,16964000,25,-48,-300,1020,5,-12,-258,-8,2,-271,329,227,328,327
16966,16966000,25,-48,-300,1020,5,-12,-258,0,1,-277,328,227,327,326
16968,16968000,26,-48,-300,1020,5,-12,-258,-6,-1,-274,327,227,327,325
16970,16970000,26,-48,-300,1020,5,-12,-258,-8,-1,-274,327,227,326,324
16972,16972000,27,-48,-300,1020,5,-12,-258,-4,1,-273,326,227,326,323
16974,16974000,27,-48,-300,1020,6,-12,-258,-1,3,-271,326,227,325,322
16976,16976000,28,-49,-300,1020,6,-12,-258,-6,1,-277,325,227,324,321
16978,16978000,28,-49,-300,1020,6,-13,-258,-6,-2,-276,324,227,323,320
16980,16980000,29,-49,-300,1020,6,-13,-258,-4,4,-275,323,227,322,319
16982,16982000,29,-49,-300,1020,6,-13,-258,-11,-1,-267,322,227,321,318
16984,16984000,30,-49,-300,1020,6,-13,-258,-10,4,-266,321,227,319,317
16986,16986000,31,-49,-300,1020,7,-13,-258,-2,2,-275,320,227,318,316
16988,16988000,31,-49,-300,1020,7,-13,-258,-7,-3,-268,319,227,318,315
16990,16990000,32,-49,-300,1020,7,-13,-258,-5,3,-270,318,227,317,315
16992,16992000,32,-49,-300,1020,7,-13,-258,-1,1,-271,318,227,317,314
16994,16994000,33,-50,-300,1020,7,-13,-258,3,6,-273,317,227,317,314
16996,16996000,33,-50,-300,1020,7,-13,-258,-2,3,-271,317,227,316,313
16998,16998000,34,-50,-300,1020,7,-13,-258,-5,6,-269,316,227,315,311
17000,17000000,34,-50,-300,1020,8,-13,-258,-10,-1,-267,315,227,314,310
17002,17002000,35,-50,-300,1020,8,-13,-258,-6,5,-276,315,227,313,309
17004,17004000,35,-50,-300,1020,8,-13,-258,-1,5,-269,314,227,312,308
17006,17006000,36,-50,-300,1020,8,-13,-258,-8,-4,-271,313,227,311,307
17008,17008000,36,-50,-300,1020,8,-13,-258,-2,6,-269,312,227,310,306
17010,17010000,37,-50,-300,1020,8,-13,-258,-9,0,-270,311,227,310,306
17012,17012000,37,-50,-300,1020,9,-13,-258,-6,0,-276,311,227,309,305
17014,17014000,38,-51,-300,1020,9,-13,-258,-2,8,-271,310,227,308,304
17016,17016000,38,-51,-300,1020,9,-13,-258,-3,6,-269,309,227,308,303
17018,17018000,39,-51,-300,1020,9,-13,-258,-9,2,-274,308,227,307,302
17020,17020000,39,-51,-300,1020,9,-13,-258,3,1,-273,308,227,306,301
17022,17022000,40,-51,-300,1020,9,-13,-258,-5,7,-277,307,227,305,300
17024,17024000,40,-51,-300,1020,9,-13,-258,-2,11,-274,305,227,304,299
17026,17026000,41,-51,-300,1020,10,-13,-258,-5,7,-267,304,227,303,298
17028,17028000,41,-51,-300,1020,10,-13,-258,-1,5,-270,304,227,302,297
17030,17030000,42,-51,-300,1020,10,-13,-258,-9,11,-265,303,227,301,296
17032,17032000,42,-51,-300,1020,10,-13,-258,-5,2,-273,302,227,300,295
17034,17034000,43,-51,-300,1020,10,-14,-258,3,7,-272,302,227,299,294
17036,17036000,43,-51,-300,1020,10,-14,-258,0,7,-275,302,227,299,293
17038,17038000,43,-51,-300,1020,11,-14,-258,-10,2,-273,301,227,299,292
17040,17040000,44,-52,-300,1020,11,-14,-258,-3,4,-271,301,227,298,292
17042,17042000,44,-52,-300,1020,11,-14,-258,-8,9,-269,300,227,298,291
17044,17044000,45,-52,-300,1020,11,-14,-258,-2,2,-275,299,227,297,290
17046,17046000,45,-52,-300,1020,11,-14,-258,-8,1,-266,298,227,296,289
17048,17048000,45,-52,-300,1020,11,-14,-258,2,8,-272,297,227,294,288
17050,17050000,46,-52,-300,1020,11,-14,-258,-2,-1,-274,296,227,293,288
17052,17052000,46,-52,-300,1020,12,-14,-258,-3,5,-273,295,227,292,287
17054,17054000,47,-52,-300,1020,12,-14,-258,-1,5,-267,294,227,291,286
17056,17056000,47,-52,-300,1020,12,-14,-258,-1,6,-273,293,227,290,284
17058,17058000,48,-52,-300,1020,12,-14,-258,-7,7,-276,293,227,289,283
17060,17060000,48,-52,-300,1020,12,-14,-258,-5,8,-268,292,227,288,282
17062,17062000,49,-52,-300,1020,12,-14,-258,-7,4,-269,292,227,288,282
17064,17064000,49,-52,-300,1020,13,-14,-258,-0,5,-273,291,227,287,281
17066,17066000,49,-52,-300,1020,13,-14,-258,-4,15,-268,290,227,287,280
17068,17068000,50,-52,-300,1020,13,-14,-258,-9,6,-262,289,226,286,280
17070,17070000,50,-52,-300,1020,13,-14,-258,-5,3,-268,289,226,285,279
17072,17072000,51,-53,-300,1020,13,-14,-258,-5,5,-270,288,226,284,278
17074,17074000,51,-53,-300,1020,13,-14,-258,-6,4,-270,288,226,283,277
17076,17076000,51,-53,-300,1020,14,-14,-258,-2,12,-271,287,226,282,276
17078,17078000,52,-53,-300,1020,14,-14,-258,-8,3,-266,286,226,282,275
17080,17080000,52,-53,-300,1020,14,-14,-258,-4,12,-274,286,226,281,274
17082,17082000,52,-53,-300,1020,14,-14,-258,-1,11,-267,285,226,280,273
17084,17084000,53,-53,-300,1020,14,-14,-258,2,10,-273,284,226,279,272
17086,17086000,53,-53,-300,1020,14,-14,-258,5,9,-269,283,226,278,272
17088,17088000,54,-53,-300,1020,14,-14,-258,-3,10,-269,282,226,277,271
17090,17090000,54,-53,-300,1020,15,-14,-258,-7,4,-268,281,226,275,270
17092,17092000,54,-53,-300,1020,15,-14,-258,-6,8,-269,280,226,274,269
17094,17094000,55,-53,-300,1020,15,-14,-258,-3,11,-272,279,226,274,268
17096,17096000,55,-53,-300,1020,15,-14,-258,-5,8,-270,279,226,273,267
17098,17098000,56,-53,-300,1020,15,-14,-258,-4,10,-268,278,226,273,267
17100,17100000,56,-53,-300,1020,15,-14,-258,-6,10,-273,278,226,272,266
17102,17102000,56,-53,-300,1020,16,-14,-258,-1,13,-266,278,226,272,265
17104,17104000,57,-53,-300,1020,16,-14,-258,-4,9,-275,277,226,271,264
17106,17106000,57,-53,-300,1020,16,-14,-258,-9,11,-270,277,226,270,263
17108,17108000,57,-53,-300,1020,16,-14,-258,-1,10,-266,276,226,269,262
17110,17110000,58,-53,-300,1020,16,-14,-258,-8,15,-267,275,226,268,261
17112,17112000,58,-54,-300,1020,16,-14,-258,-0,9,-270,274,226,267,260
17114,17114000,58,-54,-300,1020,16,-14,-258,-4,8,-267,273,226,266,260
17116,17116000,59,-54,-300,1020,17,-14,-258,-3,10,-272,272,226,265,259
17118,17118000,59,-54,-300,1020,17,-14,-258,-0,7,-272,272,226,264,258
17120,17120000,59,-54,-300,1020,17,-14,-258,-0,10,-268,271,226,263,257
17122,17122000,60,-54,-300,1020,17,-14,-258,0,13,-276,270,226,263,256
17124,17124000,60,-54,-300,1020,17,-14,-258,-5,6,-271,270,226,262,256
17126,17126000,61,-54,-300,1020,17,-14,-258,-2,17,-268,269,226,261,255
17128,17128000,61,-54,-300,1020,17,-14,-258,-6,12,-271,269,226,261,254
17130,17130000,61,-54,-300,1020,18,-14,-258,-4,4,-271,268,226,260,254
17132,17132000,61,-54,-300,1020,18,-14,-258,-7,7,-275,268,226,260,253
17134,17134000,62,-54,-300,1020,18,-14,-258,2,10,-268,267,226,259,252
17136,17136000,62,-54,-300,1020,18,-14,-258,-1,19,-273,267,226,259,252
17138,17138000,62,-54,-300,1020,18,-14,-258,-2,9,-271,267,226,259,251
17140,17140000,63,-54,-300,1020,18,-14,-258,-2,14,-269,267,226,259,251
17142,17142000,63,-54,-300,1020,18,-14,-258,-5,6,-268,267,226,259,251
17144,17144000,63,-54,-300,1020,18,-14,-258,-4,15,-269,267,226,259,250
17146,17146000,63,-54,-300,1020,18,-14,-258,-1,8,-270,266,226,259,250
17148,17148000,63,-53,-300,1020,18,-14,-258,-3,9,-268,266,226,259,249
17150,17150000,63,-53,-300,1020,19,-14,-258,2,15,-270,265,226,258,249
17152,17152000,64,-53,-300,1020,19,-14,-258,-0,16,-266,264,226,257,248
17154,17154000,64,-53,-300,1020,19,-14,-258,-4,19,-266,264,226,257,248
17156,17156000,64,-53,-300,1020,19,-14,-258,3,12,-272,263,226,257,247
17158,17158000,64,-53,-300,1020,19,-14,-258,-2,17,-264,263,226,257,247
17160,17160000,64,-53,-300,1020,19,-14,-258,-2,14,-265,263,226,256,247
17162,17162000,65,-53,-300,1020,19,-14,-258,0,10,-267,262,226,256,246
17164,17164000,65,-53,-300,1020,19,-14,-258,-4,17,-266,263,226,256,246
17166,17166000,65,-52,-300,1020,19,-14,-258,-0,12,-271,263,226,256,245
17168,17168000,65,-52,-300,1020,19,-14,-258,0,15,-268,263,226,257,245
17170,17170000,65,-52,-300,1020,19,-14,-258,2,18,-271,262,226,257,245
17172,17172000,65,-52,-300,1020,19,-14,-258,-0,9,-265,262,226,257,245
17174,17174000,65,-52,-300,1020,19,-14,-258,1,9,-272,262,226,257,244
17176,17176000,65,-52,-300,1020,19,-14,-258,2,18,-269,261,226,256,244
17178,17178000,65,-51,-300,1020,19,-14,-258,0,6,-273,261,226,256,243
17180,17180000,65,-51,-300,1020,19,-13,-258,-5,17,-267,260,226,255,243
17182,17182000,66,-51,-300,1020,19,-13,-258,6,14,-274,260,226,255,242
17184,17184000,66,-51,-300,1020,20,-13,-258,-0,12,-270,260,226,255,242
17186,17186000,66,-51,-300,1020,20,-13,-258,2,21,-264,259,226,255,242
17188,17188000,66,-51,-300,1020,20,-13,-258,-1,10,-269,259,226,255,241
17190,17190000,66,-50,-300,1020,20,-13,-258,2,19,-262,259,226,254,241
17192,17192000,66,-50,-300,1020,20,-13,-258,3,13,-271,258,226,254,241
17194,17194000,66,-50,-300,1020,20,-13,-258,2,11,-268,258,226,254,241
17196,17196000,66,-50,-300,1020,20,-13,-258,-2,11,-265,258,226,254,240
17198,17198000,66,-50,-300,1020,20,-13,-258,1,16,-266,257,226,253,240
17200,17200000,66,-49,-300,1020,20,-13,-258,3,10,-271,257,226,253,239
17202,17202000,66,-49,-300,1020,20,-13,-258,5,15,-273,257,226,253,239
17204,17204000,67,-49,-300,1020,20,-13,-258,-3,16,-269,257,226,253,239
17206,17206000,67,-49,-300,1020,20,-13,-258,-0,5,-269,257,226,253,238
17208,17208000,67,-49,-300,1020,20,-12,-258,-2,15,-265,257,226,253,238
17210,17210000,67,-48,-300,1020,20,-12,-258,2,17,-267,257,226,253,238
17212,17212000,67,-48,-300,1020,20,-12,-258,4,20,-268,257,226,253,237
17214,17214000,67,-48,-300,1020,20,-12,-258,-1,15,-266,256,226,253,237
17216,17216000,67,-48,-300,1020,20,-12,-258,2,17,-266,255,226,252,237
17218,17218000,67,-48,-300,1020,20,-12,-258,-4,8,-271,255,226,251,237
17220,17220000,67,-47,-300,1020,20,-12,-258,-0,16,-263,254,226,251,236
17222,17222000,67,-47,-300,1020,20,-12,-258,-0,18,-268,254,226,250,236
17224,17224000,67,-47,-300,1020,20,-12,-258,-1,17,-268,253,226,250,235
17226,17226000,67,-47,-300,1020,20,-12,-258,-1,10,-268,253,226,250,235
17228,17228000,67,-47,-300,1020,20,-12,-258,4,20,-273,253,226,250,235
17230,17230000,67,-47,-300,1020,20,-12,-258,4,12,-268,253,226,250,235
17232,17232000,68,-46,-300,1020,20,-12,-258,3,15,-269,253,226,250,234
17234,17234000,68,-46,-300,1020,20,-12,-258,3,15,-270,253,226,250,234
17236,17236000,68,-46,-300,1020,20,-12,-258,3,19,-269,253,226,250,234
17238,17238000,68,-46,-300,1020,20,-11,-258,2,20,-267,252,226,249,233
17240,17240000,68,-46,-300,1020,20,-11,-258,-2,15,-267,252,226,249,233
17242,17242000,68,-45,-300,1020,21,-11,-258,2,14,-268,252,226,249,232
17244,17244000,68,-45,-300,1020,21,-11,-258,-5,12,-274,251,226,248,232
17246,17246000,68,-45,-300,1020,21,-11,-258,3,17,-266,251,226,248,232
17248,17248000,68,-45,-300,1020,21,-11,-258,-5,9,-262,251,226,248,232
17250,17250000,68,-45,-300,1020,21,-11,-258,-1,13,-268,251,226,248,232
17252,17252000,68,-44,-300,1020,21,-11,-258,1,23,-261,250,226,248,231
17254,17254000,68,-44,-300,1020,21,-11,-258,1,13,-270,250,226,247,231
17256,17256000,68,-44,-300,1020,21,-11,-258,-1,11,-267,249,226,246,231
17258,17258000,68,-44,-300,1020,21,-11,-258,1,13,-268,249,226,246,230
17260,17260000,68,-44,-300,1020,21,-11,-258,-1,14,-271,249,226,245,230
17262,17262000,68,-44,-300,1020,21,-11,-258,2,20,-271,248,226,245,230
17264,17264000,68,-43,-300,1020,21,-11,-258,6,19,-263,248,226,245,230
17266,17266000,68,-43,-300,1020,21,-11,-258,4,12,-265,248,226,245,229
17268,17268000,69,-43,-300,1020,21,-10,-258,-1,15,-267,248,226,245,229
17270,17270000,69,-43,-300,1020,21,-10,-258,-3,13,-263,248,226,245,229
17272,17272000,69,-43,-300,1020,21,-10,-258,-1,11,-265,248,226,245,229
17274,17274000,69,-42,-300,1020,21,-10,-258,-1,17,-261,248,226,245,228
17276,17276000,69,-42,-300,1020,21,-10,-258,-1,19,-264,248,226,245,228
17278,17278000,69,-42,-300,1020,21,-10,-258,-1,13,-262,247,226,245,228
17280,17280000,69,-42,-300,1020,21,-10,-258,-2,21,-269,247,226,244,228
17282,17282000,69,-42,-300,1020,21,-10,-258,1,10,-264,246,226,243,227
17284,17284000,69,-41,-300,1020,21,-10,-258,0,19,-261,246,226,243,227
17286,17286000,69,-41,-300,1020,21,-10,-258,6,20,-270,245,226,242,227
17288,17288000,69,-41,-300,1020,21,-10,-258,8,18,-268,245,226,242,227
17290,17290000,69,-41,-300,1020,21,-10,-258,4,13,-270,245,226,242,226
17292,17292000,69,-41,-300,1020,21,-10,-258,1,17,-265,245,226,242,226
17294,17294000,69,-40,-300,1020,21,-10,-258,2,17,-271,245,227,242,226
17296,17296000,69,-40,-300,1020,21,-10,-258,-1,15,-265,245,227,242,226
17298,17298000,69,-40,-300,1020,21,-9,-258,2,20,-265,246,227,242,226
17300,17300000,69,-40,-300,1020,21,-9,-258,1,17,-262,246,228,242,226
17302,17302000,69,-40,-300,1020,21,-9,-258,7,15,-262,246,228,242,226
17304,17304000,69,-40,-300,1020,21,-9,-258,7,14,-269,245,228,242,226
17306,17306000,69,-39,-300,1020,21,-9,-258,-3,12,-267,245,228,242,226
17308,17308000,69,-39,-300,1020,21,-9,-258,-2,17,-264,245,228,242,226
17310,17310000,69,-39,-300,1020,21,-9,-258,3,14,-265,245,228,242,226
17312,17312000,69,-39,-300,1020,21,-9,-258,-1,16,-267,246,229,242,226
17314,17314000,69,-39,-300,1020,21,-9,-258,-0,16,-261,246,229,242,226
17316,17316000,69,-38,-300,1020,21,-9,-258,4,13,-269,246,229,242,226
17318,17318000,69,-38,-300,1020,21,-9,-258,7,19,-269,245,229,242,226
17320,17320000,69,-38,-300,1020,21,-9,-258,3,17,-268,245,229,241,226
17322,17322000,69,-38,-300,1020,21,-9,-258,1,12,-263,244,229,241,226
17324,17324000,69,-38,-300,1020,21,-9,-258,3,15,-267,244,229,241,226
17326,17326000,69,-37,-300,1020,21,-9,-258,1,16,-261,244,230,241,226
17328,17328000,69,-37,-300,1020,21,-9,-258,-4,13,-268,244,230,241,226
17330,17330000,69,-37,-300,1020,21,-8,-258,-1,12,-265,245,231,241,226
17332,17332000,69,-37,-300,1020,21,-8,-258,0,20,-263,245,231,241,226
17334,17334000,69,-37,-300,1020,21,-8,-258,-1,22,-263,245,231,241,226
17336,17336000,69,-36,-300,1020,21,-8,-258,8,16,-261,245,231,242,226
17338,17338000,69,-36,-300,1020,21,-8,-258,6,18,-268,245,231,242,226
17340,17340000,69,-36,-300,1020,21,-8,-258,-2,11,-271,245,231,242,226
17342,17342000,69,-36,-300,1020,21,-8,-258,3,15,-266,245,231,241,226
17344,17344000,69,-36,-300,1020,21,-8,-258,2,21,-268,245,231,241,226
17346,17346000,69,-35,-300,1020,21,-8,-258,1,13,-261,244,232,241,226
17348,17348000,69,-35,-300,1020,21,-8,-258,-2,15,-260,244,232,240,226
17350,17350000,69,-35,-300,1020,21,-8,-258,0,15,-268,244,232,240,226
17352,17352000,69,-35,-300,1020,21,-8,-258,4,15,-268,244,232,240,226
17354,17354000,69,-35,-300,1020,21,-8,-258,5,21,-260,244,232,240,226
17356,17356000,69,-34,-300,1020,21,-8,-258,3,22,-266,244,232,240,226
17358,17358000,69,-34,-300,1020,21,-8,-258,5,20,-266,244,233,240,226
17360,17360000,69,-34,-300,1020,21,-8,-258,-3,15,-263,244,233,239,226
17362,17362000,69,-34,-300,1020,21,-8,-258,-2,14,-265,244,233,239,226
17364,17364000,69,-34,-300,1020,21,-7,-258,2,19,-264,243,233,239,226
17366,17366000,69,-34,-300,1020,21,-7,-258,5,25,-264,243,233,239,226
17368,17368000,69,-33,-300,1020,21,-7,-258,4,20,-266,243,233,239,226
17370,17370000,69,-33,-300,1020,21,-7,-258,-3,19,-261,243,233,239,226
17372,17372000,69,-33,-300,1020,21,-7,-258,3,19,-261,244,233,239,226
17374,17374000,69,-33,-300,1020,21,-7,-258,1,19,-261,244,234,239,226
17376,17376000,69,-33,-300,1020,21,-7,-258,4,20,-261,244,234,239,226
17378,17378000,69,-32,-300,1020,21,-7,-258,8,13,-269,244,234,239,226
17380,17380000,69,-32,-300,1020,21,-7,-258,2,16,-261,243,234,239,226
17382,17382000,69,-32,-300,1020,21,-7,-258,-3,11,-266,243,234,239,226
17384,17384000,69,-32,-300,1020,21,-7,-258,-2,13,-265,243,234,238,226
17386,17386000,69,-32,-300,1020,21,-7,-258,-1,14,-269,242,234,238,226
17388,17388000,69,-31,-300,1020,21,-7,-258,0,19,-260,242,234,237,226
17390,17390000,69,-31,-300,1020,21,-7,-258,1,13,-263,242,234,237,226
17392,17392000,69,-31,-300,1020,21,-7,-258,2,16,-261,242,234,237,226
17394,17394000,69,-31,-300,1020,21,-7,-258,1,17,-265,242,234,237,226
17396,17396000,69,-31,-300,1020,21,-7,-258,0,20,-261,242,234,237,226
17398,17398000,69,-30,-300,1020,21,-6,-258,-1,20,-264,242,234,237,226
17400,17400000,69,-30,-300,1020,21,-6,-258,2,14,-262,242,234,238,226
17402,17402000,69,-30,-300,1020,21,-6,-258,-2,15,-258,243,235,238,226
17404,17404000,69,-30,-300,1020,21,-6,-258,-0,13,-267,243,235,238,226
17406,17406000,69,-30,-300,1020,21,-6,-258,-1,19,-257,243,235,237,226
17408,17408000,69,-29,-300,1020,21,-6,-258,8,16,-264,242,235,237,226
17410,17410000,69,-29,-300,1020,21,-6,-258,-0,16,-263,242,235,237,226
17412,17412000,69,-29,-300,1020,21,-6,-258,-1,12,-261,241,235,236,226
17414,17414000,69,-29,-300,1020,21,-6,-258,2,15,-264,241,235,236,226
17416,17416000,69,-29,-300,1020,21,-6,-258,1,18,-256,241,235,236,226
17418,17418000,69,-28,-300,1020,21,-6,-258,4,14,-263,241,235,236,226
17420,17420000,69,-28,-300,1020,21,-6,-258,1,16,-266,241,235,236,226
17422,17422000,69,-28,-300,1020,21,-6,-258,4,17,-263,241,235,236,226
17424,17424000,69,-28,-300,1020,21,-6,-258,3,22,-266,241,235,235,226
17426,17426000,69,-28,-300,1020,21,-6,-258,4,21,-260,241,235,235,226
17428,17428000,69,-27,-300,1020,21,-6,-258,-1,23,-261,241,235,235,226
17430,17430000,69,-27,-300,1020,21,-6,-258,-0,23,-262,241,235,235,226
17432,17432000,69,-27,-300,1020,21,-6,-258,1,18,-256,241,235,235,226
17434,17434000,69,-27,-300,1020,21,-5,-258,2,22,-263,241,235,235,226
17436,17436000,69,-27,-300,1020,21,-5,-258,-2,11,-260,241,235,235,226
17438,17438000,69,-26,-300,1020,21,-5,-258,1,23,-266,241,235,235,226
17440,17440000,69,-26,-300,1020,21,-5,-258,6,19,-260,241,235,235,226
17442,17442000,68,-26,-300,1020,21,-5,-258,-1,19,-259,241,235,235,226
17444,17444000,68,-26,-300,1020,21,-5,-258,1,20,-260,241,235,235,226
17446,17446000,68,-25,-300,1020,21,-5,-258,-1,17,-266,240,235,235,226
17448,17448000,68,-25,-300,1020,21,-5,-258,-0,17,-262,240,235,234,226
17450,17450000,68,-25,-300,1020,21,-5,-258,-8,18,-258,240,235,234,226
17452,17452000,68,-25,-300,1020,21,-5,-258,-1,22,-259,239,235,233,226
17454,17454000,68,-25,-300,1020,21,-5,-258,-2,17,-259,239,235,233,226
17456,17456000,68,-24,-300,1020,21,-5,-258,-2,17,-260,239,235,233,226
17458,17458000,68,-24,-300,1020,21,-5,-258,-0,22,-256,239,235,232,226
17460,17460000,68,-24,-300,1020,21,-5,-258,-5,17,-264,239,236,233,226
17462,17462000,68,-24,-300,1020,21,-5,-258,2,21,-256,239,236,233,226
17464,17464000,68,-24,-300,1020,21,-5,-258,-5,14,-259,239,236,233,226
17466,17466000,68,-23,-300,1020,21,-5,-258,1,13,-260,239,235,233,226
17468,17468000,68,-23,-300,1020,21,-5,-258,5,23,-258,239,235,233,226
17470,17470000,68,-23,-300,1020,21,-4,-258,2,17,-265,239,235,233,226
17472,17472000,68,-23,-300,1020,20,-4,-258,-1,17,-260,239,235,233,226
17474,17474000,68,-23,-300,1020,20,-4,-258,-3,12,-257,239,235,232,226
17476,17476000,68,-22,-300,1020,20,-4,-258,3,13,-262,239,235,232,226
17478,17478000,67,-22,-300,1020,20,-4,-258,-2,20,-256,239,236,232,226
17480,17480000,67,-22,-300,1020,20,-4,-258,-4,18,-264,239,236,232,226
17482,17482000,67,-22,-300,1020,20,-4,-258,-3,21,-256,238,236,231,226
17484,17484000,67,-22,-300,1020,20,-4,-258,-1,16,-256,238,235,231,226
17486,17486000,67,-21,-300,1020,20,-4,-258,-1,17,-261,238,235,231,226
17488,17488000,67,-21,-300,1020,20,-4,-258,3,21,-258,238,235,231,226
17490,17490000,67,-21,-300,1020,20,-4,-258,-6,15,-262,237,235,231,226
17492,17492000,67,-21,-300,1020,20,-4,-258,2,20,-257,237,235,230,226
17494,17494000,67,-21,-300,1020,20,-4,-258,1,17,-263,237,235,230,226
17496,17496000,67,-20,-300,1020,20,-4,-258,-4,20,-256,237,235,230,226
17498,17498000,67,-20,-300,1020,20,-4,-258,-1,14,-261,237,235,230,226
17500,17500000,67,-20,-300,1020,20,-4,-258,4,18,-262,237,235,230,226
17502,17502000,67,-20,-300,1020,20,-4,-258,-6,16,-261,237,235,230,226
17504,17504000,67,-20,-300,1020,20,-4,-258,-4,9,-262,238,235,230,226
17506,17506000,67,-19,-300,1020,20,-4,-258,-0,19,-252,238,235,230,226
17508,17508000,66,-19,-300,1020,20,-4,-258,0,25,-264,238,235,230,226
17510,17510000,66,-19,-300,1020,20,-4,-258,6,20,-260,237,235,230,226
17512,17512000,66,-19,-300,1020,20,-3,-258,-5,17,-263,237,235,230,226
17514,17514000,66,-18,-300,1020,20,-3,-258,1,12,-259,236,235,229,226
17516,17516000,66,-18,-300,1020,20,-3,-258,-6,13,-259,236,235,229,226
17518,17518000,66,-18,-300,1020,20,-3,-258,-0,11,-260,236,235,228,226
17520,17520000,66,-18,-300,1020,20,-3,-258,0,16,-263,236,235,228,226
17522,17522000,66,-18,-300,1020,20,-3,-258,-10,18,-261,236,235,228,226
17524,17524000,66,-17,-300,1020,20,-3,-258,7,17,-262,236,234,228,226
17526,17526000,66,-17,-300,1020,20,-3,-258,2,17,-256,236,234,228,226
17528,17528000,66,-17,-300,1020,20,-3,-258,-2,21,-256,236,234,228,226
17530,17530000,66,-17,-300,1020,20,-3,-258,-0,13,-267,236,234,228,226
17532,17532000,65,-17,-300,1020,19,-3,-258,-1,22,-261,236,234,228,226
17534,17534000,65,-16,-300,1020,19,-3,-258,-4,22,-259,236,234,228,226
17536,17536000,65,-16,-300,1020,19,-3,-258,-6,16,-262,236,234,228,226
17538,17538000,65,-16,-300,1020,19,-3,-258,0,17,-264,236,234,228,226
17540,17540000,65,-16,-300,1020,19,-3,-258,-4,15,-259,235,234,228,226
17542,17542000,65,-16,-300,1020,19,-3,-258,-1,14,-260,235,234,227,226
17544,17544000,65,-15,-300,1020,19,-3,-258,-2,13,-263,235,234,227,226
17546,17546000,65,-15,-300,1020,19,-3,-258,2,12,-260,235,234,227,226
17548,17548000,65,-15,-300,1020,19,-3,-258,1,19,-259,235,234,227,226
17550,17550000,65,-15,-300,1020,19,-3,-258,1,12,-262,235,234,227,226
17552,17552000,64,-15,-300,1020,19,-3,-258,-1,12,-263,235,234,227,226
17554,17554000,64,-14,-300,1020,19,-3,-258,-4,15,-254,235,234,226,226
17556,17556000,64,-14,-300,1020,19,-2,-258,5,15,-258,235,234,226,227
17558,17558000,64,-14,-300,1020,19,-2,-258,-0,8,-262,235,234,226,227
17560,17560000,64,-14,-300,1020,19,-2,-258,-6,19,-259,235,234,226,227
17562,17562000,64,-14,-300,1020,19,-2,-258,-1,21,-261,234,234,226,227
17564,17564000,64,-13,-300,1020,19,-2,-258,-3,20,-258,235,234,226,227
17566,17566000,64,-13,-300,1020,19,-2,-258,-7,21,-253,235,234,226,227
17568,17568000,64,-13,-300,1020,19,-2,-258,-1,22,-257,235,234,226,227
17570,17570000,64,-13,-300,1020,19,-2,-258,2,16,-258,235,233,226,227
17572,17572000,64,-13,-300,1020,19,-2,-258,5,17,-260,235,233,226,227
17574,17574000,63,-12,-300,1020,19,-2,-258,-3,14,-260,235,233,226,227
17576,17576000,63,-12,-300,1020,18,-2,-258,-5,14,-251,235,234,226,227
17578,17578000,63,-12,-300,1020,18,-2,-258,1,23,-260,235,234,226,228
17580,17580000,63,-12,-300,1020,18,-2,-258,-3,18,-258,235,235,226,228
17582,17582000,63,-12,-300,1020,18,-2,-258,-6,17,-257,235,235,226,228
17584,17584000,63,-11,-300,1020,18,-2,-258,2,22,-256,235,235,226,229
17586,17586000,63,-11,-300,1020,18,-2,-258,-3,17,-258,235,235,226,229
17588,17588000,63,-11,-300,1020,18,-2,-258,3,17,-260,235,235,226,229
17590,17590000,63,-11,-300,1020,18,-2,-258,-0,18,-260,235,235,226,229
17592,17592000,62,-11,-300,1020,18,-2,-258,2,16,-262,235,235,226,229
17594,17594000,62,-11,-300,1020,18,-2,-258,-4,12,-261,235,235,226,229
17596,17596000,62,-10,-300,1020,18,-2,-258,-4,13,-261,235,235,226,229
17598,17598000,62,-10,-300,1020,18,-2,-258,-6,14,-258,235,235,226,229
17600,17600000,62,-10,-300,1020,18,-2,-258,-2,16,-255,235,235,226,229
17602,17602000,62,-10,-300,1020,18,-2,-258,-2,18,-253,235,235,226,229
17604,17604000,62,-10,-300,1020,18,-2,-258,-1,18,-259,235,235,226,229
17606,17606000,62,-9,-300,1020,18,-2,-258,-3,10,-259,236,235,226,229
17608,17608000,62,-9,-300,1020,18,-1,-258,6,13,-262,236,235,226,229
17610,17610000,61,-9,-300,1020,18,-1,-258,1,18,-265,236,235,226,230
17612,17612000,61,-9,-300,1020,18,-1,-258,-1,14,-264,236,235,226,230
17614,17614000,61,-9,-300,1020,18,-1,-258,3,19,-256,236,235,226,230
17616,17616000,61,-8,-300,1020,17,-1,-258,-0,14,-259,236,235,226,230
17618,17618000,61,-8,-300,1020,17,-1,-258,-5,12,-253,236,235,226,230
17620,17620000,61,-8,-300,1020,17,-1,-258,-1,17,-258,236,235,226,231
17622,17622000,61,-8,-300,1020,17,-1,-258,0,13,-259,236,236,226,231
17624,17624000,61,-8,-300,1020,17,-1,-258,-1,15,-268,236,236,226,231
17626,17626000,61,-7,-300,1020,17,-1,-258,2,18,-255,236,236,226,231
17628,17628000,60,-7,-300,1020,17,-1,-258,-2,19,-258,236,236,226,231
17630,17630000,60,-7,-300,1020,17,-1,-258,3,19,-261,236,236,226,231
17632,17632000,60,-7,-300,1020,17,-1,-258,-2,19,-258,236,235,226,231
17634,17634000,60,-7,-300,1020,17,-1,-258,4,17,-254,236,235,226,231
17636,17636000,60,-7,-300,1020,17,-1,-258,-8,12,-257,236,235,226,231
17638,17638000,60,-6,-300,1020,17,-1,-258,-5,16,-259,236,235,226,231
17640,17640000,60,-6,-300,1020,17,-1,-258,-2,18,-261,236,235,226,231
17642,17642000,59,-6,-300,1020,17,-1,-258,-4,18,-257,236,236,226,232
17644,17644000,59,-6,-300,1020,17,-1,-258,-5,17,-253,236,236,226,232
17646,17646000,59,-6,-300,1020,17,-1,-258,-6,16,-259,236,236,226,232
17648,17648000,59,-6,-300,1020,17,-1,-258,-0,14,-259,236,236,226,232
17650,17650000,59,-5,-300,1020,17,-1,-258,-1,14,-256,236,236,226,232
17652,17652000,59,-5,-300,1020,17,-1,-258,1,19,-257,236,236,226,233
17654,17654000,59,-5,-300,1020,16,-1,-258,-4,16,-259,237,236,226,233
17656,17656000,59,-5,-300,1020,16,-1,-258,-4,21,-258,237,236,226,233
17658,17658000,58,-5,-300,1020,16,-1,-258,-0,17,-255,237,236,226,233
17660,17660000,58,-4,-300,1020,16,-1,-258,-4,17,-262,237,236,226,233
17662,17662000,58,-4,-300,1020,16,-1,-258,-6,10,-259,237,236,226,233
17664,17664000,58,-4,-300,1020,16,-1,-258,-2,11,-259,237,236,226,233
17666,17666000,58,-4,-300,1020,16,-1,-258,-5,13,-260,237,236,226,233
17668,17668000,58,-4,-300,1020,16,-1,-258,-4,14,-261,237,236,226,233
17670,17670000,58,-4,-300,1020,16,-1,-258,4,18,-261,237,236,226,233
17672,17672000,57,-3,-300,1020,16,-1,-258,-5,15,-250,237,236,226,233
17674,17674000,57,-3,-300,1020,16,-0,-258,-5,15,-262,237,236,226,233
17676,17676000,57,-3,-300,1020,16,-0,-258,2,18,-261,237,236,226,233
17678,17678000,57,-3,-300,1020,16,-0,-258,-1,18,-255,237,236,226,233
17680,17680000,57,-3,-300,1020,16,-0,-258,-5,17,-261,237,236,226,234
17682,17682000,57,-3,-300,1020,16,-0,-258,3,15,-259,238,236,226,234
17684,17684000,57,-2,-300,1020,16,-0,-258,-3,17,-263,238,237,226,234
17686,17686000,56,-2,-300,1020,16,-0,-258,-5,11,-258,238,237,226,235
17688,17688000,56,-2,-300,1020,16,-0,-258,-5,15,-255,238,237,226,235
17690,17690000,56,-2,-300,1020,15,-0,-258,-1,18,-261,238,237,226,235
17692,17692000,56,-2,-300,1020,15,-0,-258,-3,12,-256,238,237,226,235
17694,17694000,56,-2,-300,1020,15,-0,-258,-7,11,-261,237,236,226,235
17696,17696000,56,-2,-300,1020,15,-0,-258,-4,17,-254,238,236,226,235
17698,17698000,56,-1,-300,1020,15,-0,-258,-8,13,-257,238,236,226,234
17700,17700000,55,-1,-300,1020,15,-0,-258,-4,13,-256,238,236,226,234
17702,17702000,55,-1,-300,1020,15,-0,-258,-5,9,-255,238,236,226,235
17704,17704000,55,-1,-300,1020,15,-0,-258,-1,17,-256,238,236,226,235
17706,17706000,55,-1,-300,1020,15,-0,-258,1,13,-260,238,236,226,235
17708,17708000,55,-1,-300,1020,15,-0,-258,1,19,-257,238,236,226,235
17710,17710000,55,0,-300,1020,15,-0,-258,1,18,-260,238,237,226,235
17712,17712000,55,0,-300,1020,15,-0,-258,-3,13,-257,238,237,226,236
17714,17714000,54,0,-300,1020,15,-0,-258,-1,12,-261,238,237,226,236
17716,17716000,54,0,-300,1020,15,-0,-258,-5,9,-262,239,237,226,236
17718,17718000,54,0,-300,1020,15,0,-258,-1,15,-253,239,237,226,236
17720,17720000,54,0,-300,1020,15,0,-258,-2,17,-260,238,236,226,236
17722,17722000,54,0,-300,1020,14,0,-258,-2,18,-254,238,236,226,236
17724,17724000,54,1,-300,1020,14,0,-258,-3,12,-256,238,236,226,236
17726,17726000,54,1,-300,1020,14,0,-258,5,13,-256,238,236,226,236
17728,17728000,53,1,-300,1020,14,0,-258,-10,13,-254,238,237,226,236
17730,17730000,53,1,-300,1020,14,0,-258,-4,12,-252,239,237,226,237
17732,17732000,53,1,-300,1020,14,0,-258,-5,15,-252,239,237,226,237
17734,17734000,53,1,-300,1020,14,0,-258,-5,19,-260,239,237,226,236
17736,17736000,53,1,-300,1020,14,0,-258,-9,9,-258,239,237,226,236
17738,17738000,53,2,-300,1020,14,0,-258,1,12,-256,239,236,226,236
17740,17740000,52,2,-300,1020,14,0,-258,-4,10,-262,239,236,226,236
17742,17742000,52,2,-300,1020,14,0,-258,2,17,-254,239,236,226,236
17744,17744000,52,2,-300,1020,14,0,-258,3,14,-256,239,236,226,237
17746,17746000,52,2,-300,1020,14,0,-258,0,18,-259,239,236,226,237
17748,17748000,52,2,-300,1020,14,0,-258,-6,16,-256,239,236,226,237
17750,17750000,52,2,-300,1020,14,0,-258,-1,14,-260,239,237,226,237
17752,17752000,51,3,-300,1020,14,0,-258,4,18,-257,239,237,226,238
17754,17754000,51,3,-300,1020,14,0,-258,-7,17,-257,239,237,226,238
17756,17756000,51,3,-300,1020,13,0,-258,-8,18,-254,239,237,226,238
17758,17758000,51,3,-300,1020,13,0,-258,3,19,-258,240,237,226,237
17760,17760000,51,3,-300,1020,13,0,-258,-4,10,-258,240,237,226,237
17762,17762000,51,3,-300,1020,13,0,-258,-2,15,-256,240,237,226,237
17764,17764000,51,3,-300,1020,13,0,-258,-5,9,-262,240,236,226,237
17766,17766000,50,3,-300,1020,13,0,-258,-5,11,-260,240,236,226,238
17768,17768000,50,4,-300,1020,13,1,-258,-4,13,-258,240,236,226,238
17770,17770000,50,4,-300,1020,13,1,-258,-2,17,-261,240,236,226,238
17772,17772000,50,4,-300,1020,13,1,-258,-6,16,-252,240,236,226,238
17774,17774000,50,4,-300,1020,13,1,-258,-7,16,-249,240,237,226,238
17776,17776000,50,4,-300,1020,13,1,-258,-0,11,-254,240,237,226,238
17778,17778000,49,4,-300,1020,13,1,-258,-9,13,-256,240,236,226,238
17780,17780000,49,4,-300,1020,13,1,-258,-8,14,-259,240,236,226,238
17782,17782000,49,4,-300,1020,13,1,-258,-3,4,-256,240,236,226,238
17784,17784000,49,4,-300,1020,13,1,-258,-5,9,-262,240,236,226,238
17786,17786000,49,5,-300,1020,13,1,-258,-5,9,-253,240,236,226,238
17788,17788000,49,5,-300,1020,12,1,-258,-3,15,-257,240,237,226,239
17790,17790000,48,5,-300,1020,12,1,-258,-11,8,-256,240,237,226,239
17792,17792000,48,5,-300,1020,12,1,-258,-4,12,-255,241,237,226,239
17794,17794000,48,5,-300,1020,12,1,-258,-1,9,-258,240,237,226,239
17796,17796000,48,5,-300,1020,12,1,-258,0,10,-257,240,237,226,239
17798,17798000,48,5,-300,1020,12,1,-258,-1,12,-258,240,236,226,239
17800,17800000,48,5,-300,1020,12,1,-258,-10,9,-256,240,236,226,239
17802,17802000,47,5,-300,1020,12,1,-258,2,14,-260,240,236,226,239
17804,17804000,47,6,-300,1020,12,1,-258,-3,16,-255,240,236,226,239
17806,17806000,47,6,-300,1020,12,1,-258,-1,17,-257,241,236,226,239
17808,17808000,47,6,-300,1020,12,1,-258,3,14,-263,241,236,226,239
17810,17810000,47,6,-300,1020,12,1,-258,-9,14,-252,241,236,226,239
17812,17812000,47,6,-300,1020,12,1,-258,1,17,-260,241,237,226,240
17814,17814000,46,6,-300,1020,12,1,-258,-8,14,-253,241,237,226,240
17816,17816000,46,6,-300,1020,12,1,-258,1,13,-256,241,237,226,240
17818,17818000,46,6,-300,1020,12,1,-258,-2,7,-262,241,237,226,240
17820,17820000,46,6,-300,1020,12,1,-258,-4,6,-256,241,237,226,240
17822,17822000,46,6,-300,1020,11,1,-258,-6,11,-258,241,236,226,240
17824,17824000,46,6,-300,1020,11,1,-258,-2,17,-263,241,236,226,240
17826,17826000,45,6,-300,1020,11,1,-258,-7,15,-256,241,236,226,240
17828,17828000,45,7,-300,1020,11,1,-258,-2,8,-255,241,236,226,240
17830,17830000,45,7,-300,1020,11,1,-258,-0,11,-260,241,236,226,240
17832,17832000,45,7,-300,1020,11,1,-258,-8,11,-252,241,236,226,240
17834,17834000,45,7,-300,1020,11,1,-258,3,13,-258,242,237,226,240
17836,17836000,45,7,-300,1020,11,1,-258,-10,16,-253,242,237,226,240
17838,17838000,44,7,-300,1020,11,1,-258,2,12,-259,242,237,226,240
17840,17840000,44,7,-300,1020,11,1,-258,-4,7,-255,242,237,226,240
17842,17842000,44,7,-300,1020,11,1,-258,1,19,-257,242,236,226,240
17844,17844000,44,7,-300,1020,11,1,-258,-5,9,-255,242,236,226,240
17846,17846000,44,7,-300,1020,11,1,-258,-5,19,-257,242,236,226,240
17848,17848000,44,7,-300,1020,11,1,-258,-1,13,-256,242,236,226,240
17850,17850000,43,7,-300,1020,11,1,-258,-0,10,-264,242,236,226,240
17852,17852000,43,7,-300,1020,11,1,-258,1,10,-262,242,236,226,241
17854,17854000,43,8,-300,1020,11,1,-258,-0,16,-258,242,236,226,241
17856,17856000,43,8,-300,1020,10,1,-258,-3,17,-253,242,236,226,241
17858,17858000,43,8,-300,1020,10,1,-258,-5,11,-252,242,236,226,241
17860,17860000,43,8,-300,1020,10,1,-258,-4,10,-253,242,237,226,241
17862,17862000,43,8,-300,1020,10,1,-258,-4,12,-258,242,237,226,241
17864,17864000,42,8,-300,1020,10,1,-258,2,13,-261,242,237,226,241
17866,17866000,42,8,-300,1020,10,1,-258,-2,17,-256,243,237,226,241
17868,17868000,42,8,-300,1020,10,1,-258,-9,10,-260,242,236,226,241
17870,17870000,42,8,-300,1020,10,1,-258,-1,12,-254,242,236,226,241
17872,17872000,42,8,-300,1020,10,1,-258,-6,13,-253,242,236,226,241
17874,17874000,41,8,-300,1020,10,1,-258,-8,13,-259,242,236,226,241
17876,17876000,41,8,-300,1020,10,1,-258,1,10,-258,242,236,226,241
17878,17878000,41,8,-300,1020,10,1,-258,-3,16,-258,242,236,226,241
17880,17880000,41,8,-300,1020,10,1,-258,-4,12,-259,242,236,226,242
17882,17882000,41,8,-300,1020,10,1,-258,-2,9,-260,243,237,226,242
17884,17884000,41,8,-300,1020,10,1,-258,-4,11,-259,243,237,226,241
17886,17886000,41,8,-300,1020,10,1,-258,-3,14,-252,243,236,226,241
17888,17888000,40,8,-300,1020,10,1,-258,-4,10,-260,243,236,226,241
17890,17890000,40,8,-300,1020,9,1,-258,-0,14,-257,243,236,226,241
17892,17892000,40,9,-300,1020,9,1,-258,-7,10,-256,243,237,226,241
17894,17894000,40,9,-300,1020,9,1,-258,-0,19,-254,243,237,226,242
17896,17896000,40,9,-300,1020,9,1,-258,-1,12,-256,243,237,226,242
17898,17898000,40,9,-300,1020,9,1,-258,2,13,-263,243,237,226,242
17900,17900000,39,9,-300,1020,9,1,-258,1,13,-262,243,237,226,242
17902,17902000,39,9,-300,1020,9,1,-258,-5,17,-251,243,236,226,242
17904,17904000,39,9,-300,1020,9,1,-258,-3,8,-250,243,236,226,242
17906,17906000,39,9,-300,1020,9,1,-258,-2,15,-254,243,236,226,242
17908,17908000,39,9,-300,1020,9,1,-258,-4,13,-257,243,236,226,242
17910,17910000,39,9,-300,1020,9,1,-258,-4,5,-257,243,236,226,242
17912,17912000,38,9,-300,1020,9,1,-258,-6,11,-256,243,236,226,242
17914,17914000,38,9,-300,1020,9,1,-258,-2,10,-254,243,236,226,242
17916,17916000,38,9,-300,1020,9,1,-258,-9,11,-257,244,237,226,242
17918,17918000,38,9,-300,1020,9,1,-258,-2,11,-258,244,237,226,242
17920,17920000,38,9,-300,1020,9,1,-258,-3,5,-261,244,237,226,243
17922,17922000,38,9,-300,1020,9,1,-258,-4,10,-252,244,237,226,243
17924,17924000,37,9,-300,1020,9,1,-258,-1,6,-259,244,237,226,243
17926,17926000,37,9,-300,1020,9,1,-258,-0,6,-257,244,237,226,243
17928,17928000,37,9,-300,1020,9,1,-258,1,8,-255,243,236,226,242
17930,17930000,37,9,-300,1020,8,1,-258,-10,12,-255,243,236,226,242
17932,17932000,37,9,-300,1020,8,1,-258,-6,3,-257,243,236,226,242
17934,17934000,37,9,-300,1020,8,1,-258,-2,8,-257,244,236,226,242
17936,17936000,37,9,-300,1020,8,1,-258,-3,9,-257,244,237,226,243
17938,17938000,36,9,-300,1020,8,1,-258,1,11,-260,244,237,226,243
17940,17940000,36,9,-300,1020,8,1,-258,-2,14,-256,244,237,226,243
17942,17942000,36,9,-300,1020,8,1,-258,-0,17,-254,245,237,226,243
17944,17944000,36,9,-300,1020,8,1,-258,-4,4,-252,244,237,226,243
17946,17946000,36,9,-300,1020,8,1,-258,-4,13,-251,244,237,226,243
17948,17948000,36,9,-300,1020,8,2,-258,-9,13,-259,244,237,226,243
17950,17950000,35,9,-300,1020,8,2,-258,-6,9,-259,244,236,226,243
17952,17952000,35,9,-300,1020,8,2,-258,-2,12,-256,244,236,226,243
17954,17954000,35,9,-300,1020,8,2,-258,-5,14,-258,244,236,226,243
17956,17956000,35,9,-300,1020,8,2,-258,-1,15,-255,244,237,226,243
17958,17958000,35,9,-300,1020,8,2,-258,-4,12,-261,244,237,226,243
17960,17960000,35,9,-300,1020,8,2,-258,-4,13,-262,244,237,226,243
17962,17962000,35,9,-300,1020,8,2,-258,-6,5,-260,245,237,226,243
17964,17964000,34,9,-300,1020,8,2,-258,-4,13,-253,245,237,226,244
17966,17966000,34,9,-300,1020,8,2,-258,-2,5,-261,245,238,226,244
17968,17968000,34,9,-300,1020,8,2,-258,-6,13,-257,245,237,226,244
17970,17970000,34,9,-300,1020,8,2,-258,-12,10,-251,245,237,226,243
17972,17972000,34,9,-300,1020,7,2,-258,-5,13,-259,245,237,226,243
17974,17974000,34,9,-300,1020,7,2,-258,-1,18,-260,245,237,226,243
17976,17976000,33,9,-300,1020,7,2,-258,-0,13,-256,245,236,226,243
17978,17978000,33,9,-300,1020,7,2,-258,-6,10,-262,245,237,226,243
17980,17980000,33,9,-300,1020,7,2,-258,-5,9,-260,245,237,226,243
17982,17982000,33,9,-300,1020,7,2,-258,-4,9,-260,245,237,226,244
17984,17984000,33,9,-300,1020,7,2,-258,-1,13,-256,245,237,226,244
17986,17986000,33,9,-300,1020,7,2,-258,0,10,-264,245,237,226,244
17988,17988000,33,9,-300,1020,7,2,-258,-5,9,-259,245,237,226,244
17990,17990000,32,9,-300,1020,7,2,-258,-5,10,-257,245,237,226,244
17992,17992000,32,9,-300,1020,7,2,-258,-2,11,-258,245,237,226,244
17994,17994000,32,9,-300,1020,7,2,-258,-5,14,-260,245,237,226,244
17996,17996000,32,9,-300,1020,7,2,-258,-7,5,-262,246,237,226,244
17998,17998000,32,9,-300,1020,7,2,-258,-3,14,-260,246,237,226,244
18000,18000000,32,9,-273,1020,7,2,-217,-10,14,-262,228,1689,1678,226
18002,18002000,32,9,-226,1020,7,2,-154,-9,8,-226,250,1693,1682,249
18004,18004000,32,9,-187,1020,7,2,-110,-6,9,-203,250,1693,1683,249
18006,18006000,31,9,-155,1020,7,2,-79,1,14,-168,250,1693,1683,249
18008,18008000,31,9,-128,1020,7,1,-58,-8,10,-145,251,1694,1683,249
18010,18010000,31,9,-106,1020,7,1,-42,-5,12,-109,252,1695,1683,249
18012,18012000,31,9,-88,1020,7,1,-31,-10,7,-84,255,1697,1684,249
18014,18014000,31,9,-73,1020,7,1,-23,-2,13,-46,258,1487,1474,249
18016,18016000,31,8,-60,1020,7,1,-17,-7,9,-27,249,1034,1020,238
18018,18018000,30,8,-50,1020,6,1,-13,-7,12,-15,240,690,675,229
18020,18020000,30,7,-41,1020,6,1,-10,0,7,-27,235,458,441,226
18022,18022000,30,7,-34,1020,6,1,-8,1,10,-32,233,321,303,225
18024,18024000,30,7,-28,1020,7,1,-6,-3,16,-36,232,257,237,225
18026,18026000,31,6,-24,1020,7,1,-5,-4,12,-51,236,247,225,231
18028,18028000,31,6,-20,1020,7,1,-4,-4,10,-62,231,257,234,225
18030,18030000,31,5,-16,1020,7,1,-3,3,9,-69,231,288,265,225
18032,18032000,31,5,-13,1020,7,1,-2,-6,16,-80,231,326,303,225
18034,18034000,31,5,-11,1020,7,1,-2,-4,10,-82,232,365,343,226
18036,18036000,31,4,-9,1020,7,1,-1,-0,16,-88,233,401,380,226
18038,18038000,31,4,-8,1020,7,1,-1,-9,12,-93,234,433,412,226
18040,18040000,32,4,-6,1020,7,1,-1,-4,16,-95,234,460,439,226
18042,18042000,32,3,-5,1020,7,0,-1,2,12,-93,235,482,461,226
18044,18044000,32,3,-4,1020,7,0,-1,-2,19,-94,235,498,477,226
18046,18046000,32,3,-4,1020,7,0,-1,-10,8,-89,234,510,489,227
18048,18048000,32,2,-3,1020,7,0,-0,-3,10,-88,234,519,498,227
18050,18050000,32,2,-2,1020,7,0,-0,-3,6,-87,233,524,504,227
18052,18052000,32,2,-2,1020,7,0,-0,-1,13,-83,233,527,508,227
18054,18054000,32,2,-2,1020,7,0,-0,-7,11,-79,233,529,510,227
18056,18056000,32,2,-1,1020,7,0,-0,-10,12,-78,233,529,511,227
18058,18058000,32,2,-1,1020,7,0,-0,-0,13,-80,233,529,510,227
18060,18060000,32,2,-1,1020,7,0,-0,-5,13,-67,233,528,509,227
18062,18062000,32,2,-1,1020,7,0,-0,-8,13,-65,233,527,507,227
18064,18064000,32,1,-1,1020,7,0,-0,-1,8,-68,232,525,505,227
18066,18066000,32,1,-1,1020,7,0,-0,-2,15,-66,232,523,502,227
18068,18068000,32,1,0,1020,7,0,-0,-5,12,-63,233,522,499,227
18070,18070000,32,1,0,1020,7,0,-0,-3,8,-68,233,520,497,227
18072,18072000,32,1,0,1020,7,0,-0,-5,14,-54,233,517,495,227
18074,18074000,32,1,0,1020,7,0,-0,-3,9,-56,233,514,493,227
18076,18076000,32,0,0,1020,7,0,-0,-7,8,-60,233,511,492,227
18078,18078000,32,0,0,1020,7,0,-0,-4,11,-55,233,507,490,227
18080,18080000,32,0,0,1020,7,0,-0,-1,15,-49,233,505,488,226
18082,18082000,32,0,0,1020,7,0,-0,-0,15,-49,232,503,486,226
18084,18084000,32,0,0,1020,7,0,-0,-4,10,-55,233,501,484,226
18086,18086000,32,0,0,1020,7,0,-0,-8,11,-47,233,500,481,226
18088,18088000,32,0,0,1020,7,0,-0,2,5,-50,233,499,478,226
18090,18090000,32,0,0,1020,7,-0,-0,-4,8,-51,232,497,476,226
18092,18092000,32,0,0,1020,7,-0,-0,-8,17,-40,232,496,473,226
18094,18094000,32,0,0,1020,7,-0,-0,-1,14,-43,231,493,472,226
18096,18096000,32,0,0,1020,7,-0,-0,-8,12,-41,231,491,470,226
18098,18098000,32,-1,0,1020,7,-0,-0,-5,8,-44,231,489,469,226
18100,18100000,32,-1,0,1020,7,-0,-0,-2,11,-48,232,488,468,226
18102,18102000,32,-1,0,1020,7,-0,-0,3,12,-35,232,486,466,226
18104,18104000,32,-1,0,1020,7,-0,-0,-7,8,-36,232,484,465,226
18106,18106000,32,-1,0,1020,7,-0,-0,-4,11,-39,232,482,463,226
18108,18108000,32,-1,0,1020,7,-0,-0,-7,7,-39,231,480,462,226
18110,18110000,32,-1,0,1020,7,-0,-0,-6,10,-36,231,478,460,226
18112,18112000,32,-1,0,1020,7,-0,-0,-1,12,-36,231,477,458,226
18114,18114000,32,-1,0,1020,7,-0,-0,2,10,-38,231,476,457,226
18116,18116000,32,-1,0,1020,7,-0,-0,-4,7,-39,232,475,456,226
18118,18118000,32,-1,0,1020,7,-0,-0,-0,11,-29,233,474,454,226
18120,18120000,32,-2,0,1020,7,-0,-0,-5,10,-33,233,473,453,226
18122,18122000,32,-2,0,1020,7,-0,-0,-10,5,-34,233,471,452,226
18124,18124000,32,-2,0,1020,7,-0,-0,-6,9,-37,232,469,450,226
18126,18126000,32,-2,0,1020,7,-0,-0,-1,11,-25,231,467,448,226
18128,18128000,32,-2,0,1020,7,-0,-0,-3,10,-27,230,465,446,226
18130,18130000,32,-2,0,1020,7,-0,-0,-5,8,-29,229,464,444,226
18132,18132000,32,-2,0,1020,7,-0,-0,-11,8,-26,229,462,442,226
18134,18134000,32,-2,0,1020,7,-0,-0,-7,12,-22,229,461,441,226
18136,18136000,32,-2,0,1020,7,-0,-0,-10,8,-28,229,459,440,226
18138,18138000,32,-2,0,1020,7,-0,-0,-5,13,-24,230,458,439,226
18140,18140000,32,-2,0,1020,7,-0,-0,-6,7,-23,231,457,439,226
18142,18142000,32,-2,0,1020,7,-0,-0,-9,7,-22,232,456,438,226
18144,18144000,32,-2,0,1020,7,-0,-0,-1,14,-27,233,455,437,226
18146,18146000,32,-3,0,1020,7,-0,-0,-5,8,-26,234,454,436,226
18148,18148000,32,-3,0,1020,7,-0,-0,-6,12,-22,233,452,434,226
18150,18150000,32,-3,0,1020,7,-0,-0,-4,12,-25,232,450,432,226
18152,18152000,32,-3,0,1020,7,-0,-0,-3,5,-21,231,448,430,226
18154,18154000,32,-3,0,1020,7,-0,-0,1,11,-22,229,446,429,226
18156,18156000,32,-3,0,1020,7,-0,-0,-4,11,-16,229,445,427,226
18158,18158000,32,-3,0,1020,7,-0,-0,-7,10,-19,229,444,425,226
18160,18160000,32,-3,0,1020,7,-0,-0,-1,10,-21,229,443,424,226
18162,18162000,32,-3,0,1020,7,-0,-0,4,11,-20,230,442,423,226
18164,18164000,32,-3,0,1020,7,-0,-0,-6,9,-17,230,441,422,226
18166,18166000,32,-3,0,1020,7,-0,-0,2,10,-21,231,440,421,226
18168,18168000,32,-3,0,1020,7,-0,-0,-9,5,-14,231,438,420,226
18170,18170000,32,-3,0,1020,7,-1,-0,-9,8,-14,231,437,418,226
18172,18172000,32,-4,0,1020,7,-1,-0,-3,9,-14,231,436,417,226
18174,18174000,32,-4,0,1020,7,-1,-0,-3,13,-13,231,434,416,226
18176,18176000,32,-4,0,1020,7,-1,-0,-6,11,-19,231,433,415,226
18178,18178000,32,-4,0,1020,7,-1,-0,-2,5,-15,231,432,414,226
18180,18180000,32,-4,0,1020,7,-1,-0,-1,9,-17,231,430,413,226
18182,18182000,32,-4,0,1020,7,-1,-0,-2,6,-12,231,428,412,226
18184,18184000,32,-4,0,1020,7,-1,-0,-3,7,-14,230,427,411,226
18186,18186000,32,-4,0,1020,7,-1,-0,-5,4,-18,230,425,410,226
18188,18188000,32,-4,0,1020,7,-1,-0,4,2,-14,230,424,408,226
18190,18190000,32,-4,0,1020,7,-1,-0,2,11,-8,230,424,406,226
18192,18192000,32,-4,0,1020,7,-1,-0,-6,10,-7,230,423,404,226
18194,18194000,32,-4,0,1020,7,-1,-0,-3,4,-13,230,422,402,226
18196,18196000,32,-4,0,1020,7,-1,-0,-4,8,-7,230,421,401,226
18198,18198000,32,-5,0,1020,7,-1,-0,2,12,-3,230,420,400,226
18200,18200000,32,-5,0,1020,7,-1,-0,0,13,-2,230,418,399,226
18202,18202000,32,-5,0,1020,7,-1,-0,0,8,-12,230,417,398,226
18204,18204000,32,-5,0,1020,7,-1,-0,-4,8,-11,230,415,398,226
18206,18206000,32,-5,0,1020,7,-1,-0,-6,6,-11,230,413,397,226
18208,18208000,32,-5,0,1020,7,-1,-0,-2,1,-10,231,412,396,226
18210,18210000,32,-5,0,1020,7,-1,-0,-1,4,-8,231,411,395,226
18212,18212000,32,-5,0,1020,7,-1,-0,3,9,1,231,409,394,226
18214,18214000,32,-5,0,1020,7,-1,-0,-6,6,-5,230,409,393,226
18216,18216000,32,-5,0,1020,7,-1,-0,1,3,-13,231,408,391,226
18218,18218000,32,-5,0,1020,7,-1,-0,3,12,-5,231,407,390,226
18220,18220000,32,-5,0,1020,7,-1,-0,-1,3,-6,231,407,388,226
18222,18222000,32,-5,0,1020,7,-1,-0,1,12,-6,231,405,387,226
18224,18224000,32,-6,0,1020,7,-1,-0,-4,6,-4,230,404,386,226
18226,18226000,32,-6,0,1020,7,-1,-0,-1,2,-5,230,402,385,226
18228,18228000,32,-6,0,1020,7,-1,-0,-5,7,2,230,401,384,226
18230,18230000,32,-6,0,1020,7,-1,-0,-5,9,0,229,399,383,226
18232,18232000,32,-6,0,1020,7,-1,-0,-3,8,-2,229,398,381,226
18234,18234000,32,-6,0,1020,7,-1,-0,-1,4,-2,229,397,380,226
18236,18236000,32,-6,0,1020,7,-1,-0,-4,8,1,229,396,379,226
18238,18238000,32,-6,0,1020,7,-1,-0,1,3,-2,230,395,378,226
18240,18240000,32,-6,0,1020,7,-1,-0,6,-1,-5,230,394,377,226
18242,18242000,32,-6,0,1020,7,-1,-0,-4,6,1,230,393,376,226
18244,18244000,32,-6,0,1020,7,-1,-0,-4,7,-0,231,392,376,226
18246,18246000,31,-6,0,1020,7,-1,-0,-3,9,0,231,391,375,226
18248,18248000,31,-6,0,1020,7,-1,-0,-2,1,-3,232,390,374,226
18250,18250000,31,-6,0,1020,7,-1,-0,-4,5,-0,232,390,373,226
18252,18252000,31,-6,0,1020,7,-1,-0,3,4,-0,232,389,372,226
18254,18254000,31,-7,0,1020,7,-1,-0,-3,9,6,231,387,370,226
18256,18256000,31,-7,0,1020,7,-1,-0,-8,7,0,230,385,369,226
18258,18258000,31,-7,0,1020,7,-1,-0,-3,11,3,229,384,367,226
18260,18260000,31,-7,0,1020,7,-1,-0,6,6,0,228,383,366,226
18262,18262000,31,-7,0,1020,7,-1,-0,6,9,0,228,382,365,226
18264,18264000,31,-7,0,1020,7,-1,-0,-2,9,4,228,381,364,226
18266,18266000,31,-7,0,1020,7,-1,-0,1,8,3,229,380,363,226
18268,18268000,31,-7,0,1020,7,-1,-0,-1,2,7,230,380,363,226
18270,18270000,31,-7,0,1020,7,-1,-0,7,5,4,231,379,362,226
18272,18272000,31,-7,0,1020,7,-1,-0,-1,3,6,231,378,362,226
18274,18274000,31,-7,0,1020,7,-1,-0,1,4,-2,232,377,361,226
18276,18276000,31,-7,0,1020,7,-1,-0,-2,5,10,231,376,360,226
18278,18278000,31,-7,0,1020,7,-1,-0,-6,4,3,231,374,359,226
18280,18280000,31,-7,0,1020,7,-1,-0,-8,-1,6,231,373,358,226
18282,18282000,31,-7,0,1020,7,-1,-0,1,13,10,230,372,356,226
18284,18284000,31,-8,0,1020,7,-1,-0,-8,7,8,230,371,355,226
18286,18286000,31,-8,0,1020,7,-1,-0,3,4,7,230,370,354,226
18288,18288000,31,-8,0,1020,7,-1,-0,-1,5,5,230,369,353,226
18290,18290000,31,-8,0,1020,7,-1,-0,1,6,3,230,368,352,226
18292,18292000,31,-8,0,1020,7,-1,-0,-2,2,8,230,368,351,226
18294,18294000,31,-8,0,1020,7,-1,-0,0,1,8,230,367,350,226
18296,18296000,31,-8,0,1020,7,-1,-0,3,14,7,230,366,349,226
18298,18298000,31,-8,0,1020,7,-1,-0,-3,-4,3,230,365,348,226
18300,18300000,31,-8,0,1020,7,-1,-0,-8,2,9,230,364,347,226
18302,18302000,31,-8,0,1020,7,-1,-0,-3,2,1,230,363,346,226
18304,18304000,31,-8,0,1020,7,-1,-0,4,12,10,230,362,345,226
18306,18306000,31,-8,0,1020,7,-1,-0,3,7,3,230,361,345,226
18308,18308000,31,-8,0,1020,7,-1,-0,4,4,8,231,360,344,226
18310,18310000,31,-8,0,1020,7,-1,-0,-1,3,9,231,359,344,226
18312,18312000,31,-8,0,1020,7,-1,-0,-4,5,9,231,358,343,226
18314,18314000,31,-8,0,1020,7,-1,-0,-3,-2,6,231,357,343,226
18316,18316000,30,-8,0,1020,6,-1,-0,-4,1,6,231,356,342,226
18318,18318000,30,-9,0,1020,6,-1,-0,-5,3,8,231,355,340,226
18320,18320000,30,-9,0,1020,6,-1,-0,0,4,5,230,354,339,226
18322,18322000,30,-9,0,1020,6,-1,-0,-2,5,6,230,354,337,226
18324,18324000,30,-9,0,1020,6,-1,-0,0,-0,14,230,354,336,226
18326,18326000,30,-9,0,1020,6,-1,-0,1,10,10,230,353,335,226
18328,18328000,30,-9,0,1020,6,-1,-0,-2,6,7,230,352,334,226
18330,18330000,30,-9,0,1020,6,-1,-0,-4,6,9,230,351,334,226
18332,18332000,30,-9,0,1020,6,-1,-0,-3,1,9,230,349,333,226
18334,18334000,30,-9,0,1020,6,-1,-0,-2,11,8,230,348,333,226
18336,18336000,30,-9,0,1020,6,-1,-0,3,6,12,230,347,332,226
18338,18338000,30,-9,0,1020,6,-1,-0,-3,9,6,230,346,332,226
18340,18340000,30,-9,0,1020,6,-1,-0,2,10,10,231,346,331,226
18342,18342000,30,-9,0,1020,6,-1,-0,-3,4,6,231,345,330,226
18344,18344000,30,-9,0,1020,6,-2,-0,3,0,6,231,345,329,226
18346,18346000,30,-9,0,1020,6,-2,-0,-1,12,9,231,344,328,226
18348,18348000,30,-9,0,1020,6,-2,-0,-0,5,15,231,343,328,226
18350,18350000,30,-10,0,1020,6,-2,-0,-2,2,13,231,342,327,226
18352,18352000,30,-10,0,1020,6,-2,-0,5,4,10,231,341,326,226
18354,18354000,30,-10,0,1020,6,-2,-0,-1,2,4,231,341,325,226
18356,18356000,30,-10,0,1020,6,-2,-0,7,6,9,231,340,324,226
18358,18358000,30,-10,0,1020,6,-2,-0,-2,3,9,230,339,323,226
18360,18360000,30,-10,0,1020,6,-2,-0,-3,6,9,230,338,322,226
18362,18362000,30,-10,0,1020,6,-2,-0,-1,0,8,229,337,321,226
18364,18364000,30,-10,0,1020,6,-2,-0,-3,-1,7,229,336,320,226
18366,18366000,30,-10,0,1020,6,-2,-0,3,-2,12,230,335,319,226
18368,18368000,30,-10,0,1020,6,-2,-0,4,3,10,230,335,319,226
18370,18370000,30,-10,0,1020,6,-2,-0,-4,3,10,231,334,318,226
18372,18372000,30,-10,0,1020,6,-2,-0,8,8,14,231,334,318,226
18374,18374000,30,-10,0,1020,6,-2,-0,3,6,9,232,333,318,226
18376,18376000,30,-10,0,1020,6,-2,-0,-5,4,16,232,332,317,226
18378,18378000,29,-10,0,1020,6,-2,-0,0,7,9,232,331,317,226
18380,18380000,29,-10,0,1020,6,-2,-0,-2,7,16,232,331,316,226
18382,18382000,29,-10,0,1020,6,-2,-0,-4,-1,13,232,330,315,226
18384,18384000,29,-11,0,1020,6,-2,-0,0,5,9,231,329,314,226
18386,18386000,29,-11,0,1020,6,-2,-0,2,-1,10,231,328,313,226
18388,18388000,29,-11,0,1020,6,-2,-0,3,10,21,230,327,312,226
18390,18390000,29,-11,0,1020,6,-2,-0,2,1,17,230,326,311,226
18392,18392000,29,-11,0,1020,6,-2,-0,-2,-4,7,230,325,310,226
18394,18394000,29,-11,0,1020,6,-2,-0,-2,1,11,230,325,309,226
18396,18396000,29,-11,0,1020,6,-2,-0,2,5,10,230,325,309,226
18398,18398000,29,-11,0,1020,6,-2,-0,-3,1,13,231,324,308,226
18400,18400000,29,-11,0,1020,6,-2,-0,7,5,9,232,324,308,226
18402,18402000,29,-11,0,1020,6,-2,-0,3,4,10,232,323,307,226
18404,18404000,29,-11,0,1020,6,-2,-0,2,10,16,232,322,307,226
18406,18406000,29,-11,0,1020,6,-2,-0,2,-5,12,231,321,306,226
18408,18408000,29,-11,0,1020,6,-2,-0,6,6,16,231,320,306,226
18410,18410000,29,-11,0,1020,6,-2,-0,-4,-0,17,231,319,305,226
18412,18412000,29,-11,0,1020,6,-2,-0,-4,3,10,231,319,304,226
18414,18414000,29,-11,0,1020,6,-2,-0,7,3,8,231,318,304,226
18416,18416000,29,-11,0,1020,6,-2,-0,-2,-2,14,232,318,303,226
18418,18418000,29,-11,0,1020,6,-2,-0,2,4,17,232,317,303,226
18420,18420000,29,-11,0,1020,6,-2,-0,3,2,13,232,317,302,226
18422,18422000,29,-11,0,1020,6,-2,-0,5,6,13,231,316,301,226
18424,18424000,29,-11,0,1020,6,-2,-0,2,7,16,231,316,300,226
18426,18426000,29,-12,0,1020,6,-2,-0,4,1,10,231,315,299,226
18428,18428000,29,-12,0,1020,6,-2,-0,-0,4,16,231,314,298,226
18430,18430000,29,-12,0,1020,6,-2,-0,0,1,11,231,314,297,226
18432,18432000,29,-12,0,1020,6,-2,-0,2,5,12,231,313,297,226
18434,18434000,29,-12,0,1020,6,-2,-0,6,4,12,231,312,297,226
18436,18436000,28,-12,0,1020,6,-2,-0,-3,-4,14,231,311,296,226
18438,18438000,28,-12,0,1020,6,-2,-0,-2,-3,7,231,311,296,226
18440,18440000,28,-12,0,1020,6,-2,-0,1,1,15,232,310,296,226
18442,18442000,28,-12,0,1020,6,-2,-0,-4,1,15,232,309,295,226
18444,18444000,28,-12,0,1020,6,-2,-0,-4,-1,16,232,309,295,226
18446,18446000,28,-12,0,1020,6,-2,-0,2,3,12,232,309,294,226
18448,18448000,28,-12,0,1020,6,-2,-0,-1,2,15,232,308,293,226
18450,18450000,28,-12,0,1020,6,-2,-0,2,2,15,232,308,292,226
18452,18452000,28,-12,0,1020,6,-2,-0,0,2,6,232,307,292,226
18454,18454000,28,-12,0,1020,6,-2,-0,1,8,17,232,307,291,226
18456,18456000,28,-12,0,1020,6,-2,-0,-1,2,17,231,306,290,226
18458,18458000,28,-12,0,1020,6,-2,-0,5,4,13,231,305,290,226
18460,18460000,28,-12,0,1020,6,-2,-0,1,1,11,231,305,289,226
18462,18462000,28,-12,0,1020,6,-2,-0,-5,-1,13,231,304,289,226
18464,18464000,28,-12,0,1020,6,-2,-0,2,0,14,231,303,288,226
18466,18466000,28,-12,0,1020,6,-2,-0,2,5,16,231,302,288,226
18468,18468000,28,-12,0,1020,6,-2,-0,9,1,16,231,302,287,226
18470,18470000,28,-13,0,1020,6,-2,-0,-5,-0,12,231,302,287,226
18472,18472000,28,-13,0,1020,6,-2,-0,-3,5,17,232,301,286,226
18474,18474000,28,-13,0,1020,6,-2,-0,-3,3,18,232,301,286,226
18476,18476000,28,-13,0,1020,6,-2,-0,-3,5,14,233,301,285,226
18478,18478000,27,-13,0,1020,6,-2,-0,-7,-1,19,233,300,285,226
18480,18480000,27,-13,0,1020,6,-2,-0,-3,1,12,233,299,285,226
18482,18482000,27,-13,0,1020,6,-2,-0,2,-0,13,232,298,284,226
18484,18484000,27,-13,0,1020,6,-2,-0,-0,-3,18,232,298,284,226
18486,18486000,27,-13,0,1020,6,-2,-0,-3,2,11,232,297,283,226
18488,18488000,27,-13,0,1020,6,-2,-0,-1,5,18,232,297,282,226
18490,18490000,27,-13,0,1020,6,-2,-0,-0,-0,16,231,296,281,226
18492,18492000,27,-13,0,1020,6,-2,-0,-4,-3,14,231,296,280,226
18494,18494000,27,-13,0,1020,6,-2,-0,2,2,8,231,295,280,226
18496,18496000,27,-13,0,1020,6,-2,-0,-0,7,18,231,295,279,226
18498,18498000,27,-13,0,1020,6,-2,-0,5,1,16,231,294,279,226
18500,18500000,27,-13,0,1020,6,-2,-0,3,-0,11,232,294,279,226
18502,18502000,27,-13,0,1020,6,-2,-0,-4,3,14,232,294,279,226
18504,18504000,27,-13,0,1020,6,-2,-0,8,4,13,233,293,278,226
18506,18506000,27,-13,0,1020,5,-2,-0,0,-1,9,233,293,278,226
18508,18508000,27,-13,0,1020,5,-2,-0,-4,-1,18,233,292,278,226
18510,18510000,27,-13,0,1020,5,-2,-0,-3,3,14,233,292,277,226
18512,18512000,27,-13,0,1020,5,-2,-0,4,3,21,233,291,277,226
18514,18514000,27,-13,0,1020,5,-2,-0,-1,6,14,232,290,276,226
18516,18516000,27,-13,0,1020,5,-2,-0,-0,-4,10,232,290,275,226
18518,18518000,26,-14,0,1020,5,-2,-0,3,1,16,232,289,275,226
18520,18520000,26,-14,0,1020,5,-2,-0,5,1,15,232,289,274,226
18522,18522000,26,-14,0,1020,5,-2,-0,-3,-2,14,232,289,274,226
18524,18524000,26,-14,0,1020,5,-2,-0,3,9,16,232,288,273,226
18526,18526000,26,-14,0,1020,5,-2,-0,-3,2,10,232,288,273,226
18528,18528000,26,-14,0,1020,5,-2,-0,-2,3,11,232,288,272,226
18530,18530000,26,-14,0,1020,5,-2,-0,-1,-3,13,232,287,272,226
18532,18532000,26,-14,0,1020,5,-2,-0,2,2,15,233,287,271,226
18534,18534000,26,-14,0,1020,5,-2,-0,0,-0,22,233,286,271,226
18536,18536000,26,-14,0,1020,5,-2,-0,-2,-1,17,233,286,271,226
18538,18538000,26,-14,0,1020,5,-2,-0,-3,1,14,233,285,270,226
18540,18540000,26,-14,0,1020,5,-2,-0,-1,-3,17,233,284,270,226
18542,18542000,26,-14,0,1020,5,-2,-0,4,7,17,233,284,270,226
18544,18544000,26,-14,0,1020,5,-2,-0,-4,2,12,233,284,270,226
18546,18546000,26,-14,0,1020,5,-2,-0,3,4,15,234,283,269,226
18548,18548000,26,-14,0,1020,5,-2,-0,-2,3,13,234,283,269,226
18550,18550000,26,-14,0,1020,5,-2,-0,-3,1,15,234,283,268,226
18552,18552000,26,-14,0,1020,5,-2,-0,-1,5,18,234,283,267,226
18554,18554000,26,-14,0,1020,5,-2,-0,2,3,18,233,282,267,226
18556,18556000,26,-14,0,1020,5,-2,-0,-6,1,12,233,282,266,226
18558,18558000,25,-14,0,1020,5,-2,-0,4,4,18,233,281,266,226
18560,18560000,25,-14,0,1020,5,-3,-0,0,1,15,233,281,265,226
18562,18562000,25,-14,0,1020,5,-3,-0,1,-4,12,233,280,265,226
18564,18564000,25,-14,0,1020,5,-3,-0,-5,5,13,233,280,265,226
18566,18566000,25,-14,0,1020,5,-3,-0,6,5,13,233,279,264,226
18568,18568000,25,-14,0,1020,5,-3,-0,1,-4,12,233,279,264,226
18570,18570000,25,-14,0,1020,5,-3,-0,1,9,16,233,278,264,226
18572,18572000,25,-14,0,1020,5,-3,-0,3,2,11,233,278,263,226
18574,18574000,25,-14,0,1020,5,-3,-0,3,-2,11,233,278,263,226
18576,18576000,25,-15,0,1020,5,-3,-0,-6,1,12,233,277,263,226
18578,18578000,25,-15,0,1020,5,-3,-0,1,1,17,233,277,262,226
18580,18580000,25,-15,0,1020,5,-3,-0,4,4,16,233,277,262,226
18582,18582000,25,-15,0,1020,5,-3,-0,1,-1,11,233,276,261,226
18584,18584000,25,-15,0,1020,5,-3,-0,-5,0,16,232,276,260,226
18586,18586000,25,-15,0,1020,5,-3,-0,4,2,13,231,275,259,226
18588,18588000,25,-15,0,1020,5,-3,-0,5,3,18,230,274,258,226
18590,18590000,25,-15,0,1020,5,-3,-0,-3,-1,12,230,274,258,226
18592,18592000,25,-15,0,1020,5,-3,-0,-1,4,11,230,273,257,226
18594,18594000,25,-14,0,1020,5,-3,-0,5,-2,15,230,273,257,226
18596,18596000,25,-14,0,1020,5,-3,-0,6,-1,10,231,273,257,226
18598,18598000,25,-14,0,1020,5,-3,-0,-2,2,16,231,272,258,226
18600,18600000,25,-14,0,1020,5,-3,-0,-0,-5,11,233,272,258,226
18602,18602000,25,-15,0,1020,5,-3,-0,4,2,11,234,273,258,226
18604,18604000,25,-15,0,1020,5,-3,-0,-3,-3,15,235,273,258,226
18606,18606000,25,-15,0,1020,5,-3,-0,-4,3,17,235,273,258,226
18608,18608000,25,-15,0,1020,5,-3,-0,-5,-7,13,236,273,258,226
18610,18610000,25,-15,0,1020,5,-3,-0,-1,2,9,236,273,257,226
18612,18612000,24,-15,0,1020,5,-3,-0,4,5,12,236,273,257,226
18614,18614000,24,-15,0,1020,5,-3,-0,2,1,11,236,272,257,226
18616,18616000,24,-15,0,1020,5,-3,-0,0,0,16,237,272,257,226
18618,18618000,24,-15,0,1020,5,-3,-0,4,7,17,237,271,257,226
18620,18620000,24,-15,0,1020,5,-3,-0,1,3,17,237,270,257,226
18622,18622000,24,-15,0,1020,5,-3,-0,-1,-2,9,236,269,257,226
18624,18624000,23,-15,0,1020,5,-3,-0,-3,-1,15,235,268,257,226
18626,18626000,23,-15,0,1020,5,-3,-0,7,-1,16,234,266,256,226
18628,18628000,23,-15,0,1020,5,-3,-0,6,-1,9,232,265,256,226
18630,18630000,23,-15,0,1020,4,-3,-0,2,3,14,231,265,255,226
18632,18632000,23,-15,0,1020,4,-3,-0,3,-1,10,231,265,254,226
18634,18634000,23,-15,0,1020,4,-3,-0,4,5,16,231,265,253,226
18636,18636000,23,-15,0,1020,4,-3,-0,5,2,17,232,266,252,226
18638,18638000,23,-15,0,1020,4,-3,-0,-2,-7,14,233,267,251,226
18640,18640000,23,-15,0,1020,5,-3,-0,-6,3,16,234,268,250,226
18642,18642000,23,-15,0,1020,5,-3,-0,-3,-2,16,234,269,250,226
18644,18644000,23,-15,0,1020,5,-3,-0,1,1,8,234,269,249,226
18646,18646000,23,-15,0,1020,5,-3,-0,-3,-6,8,234,268,248,226
18648,18648000,23,-15,0,1020,5,-3,-0,5,-2,9,233,267,248,226
18650,18650000,24,-15,0,1020,5,-3,-0,-2,2,19,232,266,248,226
18652,18652000,24,-15,0,1020,5,-3,-0,1,8,13,232,265,248,226
18654,18654000,24,-16,0,1020,5,-3,-0,-2,-0,16,232,264,248,226
18656,18656000,24,-16,0,1020,5,-3,-0,2,-4,16,232,264,247,226
18658,18658000,24,-16,0,1020,5,-3,-0,0,4,19,233,265,247,226
18660,18660000,24,-16,0,1020,5,-3,-0,4,3,9,234,266,246,226
18662,18662000,24,-16,0,1020,5,-3,-0,2,-1,10,235,267,245,226
18664,18664000,24,-16,0,1020,5,-3,-0,5,9,10,235,268,244,226
18666,18666000,24,-17,0,1020,5,-3,-0,-5,2,9,236,268,244,226
18668,18668000,24,-17,0,1020,5,-3,-0,-1,-2,11,237,268,245,226
18670,18670000,24,-17,0,1020,5,-3,-0,5,-6,7,237,267,246,226
18672,18672000,24,-17,0,1020,5,-3,-0,5,6,12,238,265,248,226
18674,18674000,24,-17,0,1020,5,-3,-0,-0,1,15,240,265,250,226
18676,18676000,23,-17,0,1020,5,-3,-0,5,0,11,242,264,251,226
18678,18678000,23,-17,0,1020,4,-3,-0,5,3,7,244,265,252,226
18680,18680000,23,-18,0,1020,4,-3,-0,2,1,17,245,266,252,226
18682,18682000,22,-18,0,1020,4,-3,-0,0,7,13,246,268,251,226
18684,18684000,22,-18,0,1020,4,-3,-0,-1,5,11,246,269,249,226
18686,18686000,22,-18,0,1020,4,-3,-0,7,9,9,244,268,247,226
18688,18688000,22,-19,0,1020,4,-3,-0,0,5,13,241,267,245,226
18690,18690000,22,-19,0,1020,4,-3,-0,7,5,13,238,264,244,226
18692,18692000,22,-19,0,1020,4,-3,-0,-2,3,10,235,261,243,226
18694,18694000,22,-18,0,1020,4,-3,-0,6,3,8,232,258,244,226
18696,18696000,22,-18,0,1020,4,-3,-0,1,4,8,231,255,245,226
18698,18698000,22,-18,0,1020,4,-3,-0,-1,5,14,230,252,247,226
18700,18700000,21,-17,0,1020,4,-3,-0,0,-5,9,231,251,248,226
18702,18702000,21,-17,0,1020,4,-3,-0,-1,-3,11,232,251,249,226
18704,18704000,21,-16,0,1020,4,-3,-0,4,-1,10,233,251,249,226
18706,18706000,20,-16,0,1020,4,-3,-0,5,-1,12,234,252,249,226
18708,18708000,20,-15,0,1020,4,-3,-0,-0,-3,10,234,252,248,226
18710,18710000,20,-15,0,1020,4,-3,-0,7,0,14,234,252,247,226
18712,18712000,20,-15,0,1020,4,-3,-0,3,-1,14,233,252,246,226
18714,18714000,20,-15,0,1020,4,-3,-0,-0,0,13,232,252,244,226
18716,18716000,20,-14,0,1020,4,-3,-0,-4,-7,13,231,252,243,226
18718,18718000,20,-14,0,1020,4,-2,-0,-5,-6,10,230,252,242,226
18720,18720000,20,-14,0,1020,4,-2,-0,-2,-3,12,230,253,240,226
18722,18722000,20,-14,0,1020,4,-2,-0,3,-1,7,230,253,240,226
18724,18724000,20,-14,0,1020,4,-2,-0,-6,-8,6,230,254,239,226
18726,18726000,20,-14,0,1020,4,-2,-0,3,2,4,230,254,238,226
18728,18728000,21,-14,0,1020,4,-2,-0,2,1,15,230,253,238,226
18730,18730000,21,-14,0,1020,4,-2,-0,3,4,13,229,253,237,226
18732,18732000,21,-14,0,1020,4,-2,-0,-1,-4,9,228,252,236,226
18734,18734000,21,-14,0,1020,4,-2,-0,0,5,12,227,252,235,226
18736,18736000,22,-14,0,1020,4,-2,-0,-1,-0,14,227,253,234,226
18738,18738000,22,-14,0,1020,4,-3,-0,1,4,15,228,254,233,226
18740,18740000,22,-15,0,1020,4,-3,-0,-0,-5,10,231,257,233,226
18742,18742000,23,-15,0,1020,4,-3,-0,2,3,16,234,259,233,226
18744,18744000,23,-15,0,1020,4,-3,-0,-0,-0,12,237,260,234,226
18746,18746000,23,-16,0,1020,4,-3,-0,0,2,12,239,261,236,226
18748,18748000,23,-16,0,1020,4,-3,-0,-0,-2,9,241,261,237,226
18750,18750000,23,-17,0,1020,4,-3,-0,2,3,11,241,260,238,226
18752,18752000,23,-17,0,1020,4,-3,-0,2,2,13,240,258,238,226
18754,18754000,22,-17,0,1020,4,-3,-0,2,5,9,238,256,238,226
18756,18756000,22,-17,0,1020,4,-3,-0,3,-0,9,235,254,237,226
18758,18758000,22,-17,0,1020,4,-3,-0,3,-2,12,233,253,235,226
18760,18760000,22,-17,0,1020,4,-3,-0,4,3,13,231,253,233,226
18762,18762000,22,-17,0,1020,4,-3,-0,1,-1,10,231,253,232,226
18764,18764000,23,-17,0,1020,4,-3,-0,-3,-3,10,231,255,230,226
18766,18766000,23,-18,0,1020,4,-3,-0,-2,1,6,232,256,229,226
18768,18768000,23,-18,0,1020,5,-3,-0,4,5,6,233,258,229,226
18770,18770000,23,-18,0,1020,5,-3,-0,-0,-3,9,234,259,228,226
18772,18772000,24,-18,0,1020,5,-3,-0,-1,-4,9,235,259,228,226
18774,18774000,24,-19,0,1020,5,-3,-0,-2,8,17,235,258,229,226
18776,18776000,24,-19,0,1020,5,-3,-0,-1,6,2,235,256,230,226
18778,18778000,24,-19,0,1020,5,-3,-0,0,3,7,236,254,233,226
18780,18780000,23,-19,0,1020,5,-3,-0,3,5,13,237,252,236,226
18782,18782000,23,-19,0,1020,4,-3,-0,-3,-0,12,239,250,240,226
18784,18784000,22,-18,0,1020,4,-3,-0,-1,-3,13,242,249,244,226
18786,18786000,21,-18,0,1020,4,-3,-0,7,6,9,244,248,247,226
18788,18788000,20,-18,0,1020,4,-3,-0,9,2,10,246,248,248,226
18790,18790000,20,-18,0,1020,4,-3,-0,-2,2,13,246,249,247,226
18792,18792000,19,-18,0,1020,4,-3,-0,7,1,6,245,250,245,226
18794,18794000,19,-18,0,1020,3,-3,-0,-0,-1,4,243,251,241,226
18796,18796000,18,-18,0,1020,3,-3,-0,0,0,16,241,252,237,226
18798,18798000,18,-18,0,1020,3,-3,-0,-2,-1,10,239,253,234,226
18800,18800000,18,-18,0,1020,3,-3,-0,-4,1,11,238,253,233,226
18802,18802000,18,-18,0,1020,3,-3,-0,3,-3,7,239,253,234,226
18804,18804000,18,-18,0,1020,3,-3,-0,2,5,15,241,252,236,226
18806,18806000,18,-18,0,1020,3,-3,-0,5,-2,2,243,250,240,226
18808,18808000,17,-18,0,1020,3,-3,-0,5,4,10,246,248,244,226
18810,18810000,17,-18,0,1020,3,-3,-0,6,-6,8,247,247,246,226
18812,18812000,16,-17,0,1020,3,-3,-0,5,-5,7,248,246,247,226
18814,18814000,15,-17,0,1020,3,-3,-0,8,1,9,246,247,245,226
18816,18816000,15,-17,0,1020,3,-3,-0,4,-1,4,244,247,241,226
18818,18818000,15,-17,0,1020,3,-3,-0,4,1,9,240,248,237,226
18820,18820000,15,-17,0,1020,3,-3,-0,4,-0,9,237,249,232,226
18822,18822000,16,-17,0,1020,3,-3,-0,2,-5,9,235,250,229,226
18824,18824000,16,-17,0,1020,3,-3,-0,4,-3,10,233,250,228,226
18826,18826000,16,-17,0,1020,3,-3,-0,-2,-3,10,233,249,228,226
18828,18828000,17,-17,0,1020,3,-3,-0,4,5,9,232,247,229,226
18830,18830000,17,-17,0,1020,3,-3,-0,8,3,6,232,245,230,226
18832,18832000,17,-17,0,1020,3,-3,-0,2,0,2,230,242,231,226
18834,18834000,17,-17,0,1020,3,-3,-0,4,3,5,229,240,231,226
18836,18836000,18,-16,0,1020,3,-3,-0,-3,-3,7,227,239,230,226
18838,18838000,18,-16,0,1020,3,-3,-0,1,-5,8,226,239,229,226
18840,18840000,18,-15,0,1020,3,-3,-0,8,0,8,227,240,228,226
18842,18842000,18,-15,0,1020,3,-3,-0,2,-2,6,229,243,227,226
18844,18844000,19,-15,0,1020,3,-3,-0,-3,-5,14,233,247,227,226
18846,18846000,19,-16,0,1020,4,-3,-0,3,-4,7,237,251,227,226
18848,18848000,19,-16,0,1020,4,-3,-0,0,-3,9,242,255,228,226
18850,18850000,19,-17,0,1020,4,-3,-0,-8,-4,3,247,259,228,226
18852,18852000,19,-18,0,1020,4,-3,-0,-1,1,4,250,261,229,226
18854,18854000,19,-18,0,1020,4,-3,-0,1,-2,5,251,262,229,226
18856,18856000,19,-19,0,1020,4,-4,-0,-4,-1,11,251,261,229,226
18858,18858000,19,-20,0,1020,4,-4,-0,-1,3,5,249,259,229,226
18860,18860000,19,-20,0,1020,4,-4,-0,-2,1,14,246,256,229,226
18862,18862000,19,-21,0,1020,4,-4,-0,3,6,8,244,253,230,226
18864,18864000,19,-21,0,1020,4,-4,-0,3,6,11,242,250,230,226
18866,18866000,19,-21,0,1020,3,-4,-0,1,-1,8,241,248,231,226
18868,18868000,19,-21,0,1020,3,-4,-0,0,1,9,241,247,232,226
18870,18870000,18,-20,0,1020,3,-4,-0,-2,1,8,241,246,233,226
18872,18872000,18,-20,0,1020,3,-4,-0,2,3,13,240,246,232,226
18874,18874000,18,-20,0,1020,3,-4,-0,2,1,12,239,246,230,226
18876,18876000,18,-20,0,1020,3,-4,-0,2,5,7,236,245,228,226
18878,18878000,18,-20,0,1020,3,-4,-0,3,9,8,233,244,226,226
18880,18880000,18,-19,0,1020,3,-4,-0,3,5,11,231,245,226,228
18882,18882000,19,-19,0,1020,3,-4,-0,-4,-1,4,230,245,226,230
18884,18884000,19,-19,0,1020,4,-3,-0,-3,7,8,229,244,226,231
18886,18886000,19,-18,0,1020,4,-3,-0,3,2,5,228,243,226,231
18888,18888000,20,-18,0,1020,4,-3,-0,-1,-4,4,227,241,226,230
18890,18890000,20,-17,0,1020,4,-3,-0,3,3,11,227,240,226,229
18892,18892000,20,-17,0,1020,4,-3,-0,-2,-5,8,227,239,226,228
18894,18894000,20,-16,0,1020,4,-3,-0,-6,-3,9,227,237,226,227
18896,18896000,20,-16,0,1020,4,-3,-0,-5,-5,4,226,236,226,227
18898,18898000,20,-15,0,1020,4,-3,-0,3,0,10,226,236,227,228
18900,18900000,20,-15,0,1020,4,-3,-0,-2,-2,4,226,235,228,228
18902,18902000,20,-14,0,1020,4,-3,-0,1,3,4,226,235,228,229
18904,18904000,20,-14,0,1020,4,-2,-0,9,-0,8,226,234,228,228
18906,18906000,20,-14,0,1020,4,-2,-0,5,2,10,227,234,227,226
18908,18908000,19,-13,0,1020,4,-2,-0,1,-1,3,231,236,229,226
18910,18910000,19,-13,0,1020,4,-2,-0,-1,-3,2,237,240,231,226
18912,18912000,18,-14,0,1020,3,-2,-0,-2,-1,7,244,243,234,226
18914,18914000,18,-14,0,1020,3,-2,-0,3,4,1,250,247,236,226
18916,18916000,17,-14,0,1020,3,-3,-0,2,-1,10,254,249,238,226
18918,18918000,16,-15,0,1020,3,-3,-0,2,-0,3,257,251,240,226
18920,18920000,15,-16,0,1020,3,-3,-0,11,1,5,259,251,240,226
18922,18922000,15,-16,0,1020,3,-3,-0,4,-5,5,258,251,240,226
18924,18924000,14,-17,0,1020,2,-3,-0,1,-1,6,257,251,239,226
18926,18926000,13,-17,0,1020,2,-3,-0,14,6,1,256,251,237,226
18928,18928000,13,-18,0,1020,2,-3,-0,7,7,8,255,252,235,226
18930,18930000,13,-18,0,1020,2,-3,-0,2,-2,3,254,254,232,226
18932,18932000,13,-19,0,1020,2,-4,-0,10,5,5,254,256,230,226
18934,18934000,13,-20,0,1020,2,-4,-0,4,6,12,253,257,228,226
18936,18936000,13,-20,0,1020,2,-4,-0,5,8,5,252,258,226,226
18938,18938000,13,-21,0,1020,2,-4,-0,11,5,2,251,257,226,227
18940,18940000,14,-21,0,1020,2,-4,-0,7,5,6,248,255,226,228
18942,18942000,14,-22,0,1020,2,-4,-0,-5,-0,5,245,252,226,228
18944,18944000,14,-22,0,1020,2,-4,-0,5,4,7,241,249,226,229
18946,18946000,15,-21,0,1020,3,-4,-0,8,4,5,239,247,226,230
18948,18948000,15,-21,0,1020,3,-4,-0,-1,2,9,237,246,226,230
18950,18950000,15,-21,0,1020,3,-4,-0,-3,5,5,237,246,226,230
18952,18952000,16,-21,0,1020,3,-4,-0,3,2,3,238,246,226,229
18954,18954000,16,-21,0,1020,3,-4,-0,3,2,1,240,247,226,229
18956,18956000,16,-21,0,1020,3,-4,-0,6,2,10,241,247,226,228
18958,18958000,16,-20,0,1020,3,-4,-0,2,3,9,241,247,226,228
18960,18960000,16,-20,0,1020,3,-4,-0,-2,2,10,241,246,226,227
18962,18962000,16,-20,0,1020,3,-4,-0,-1,-0,8,239,245,226,228
18964,18964000,17,-20,0,1020,3,-4,-0,-0,-2,-3,238,244,226,229
18966,18966000,17,-20,0,1020,3,-4,-0,1,-3,5,237,244,226,230
18968,18968000,17,-19,0,1020,3,-4,-0,-1,0,3,236,245,226,231
18970,18970000,17,-19,0,1020,3,-4,-0,1,-3,7,237,246,226,231
18972,18972000,17,-19,0,1020,3,-4,-0,5,2,2,239,247,226,230
18974,18974000,17,-19,0,1020,3,-4,-0,-2,1,-1,241,247,226,229
18976,18976000,17,-19,0,1020,3,-4,-0,3,-1,-2,244,247,226,227
18978,18978000,17,-19,0,1020,3,-4,-0,-1,4,0,246,248,227,226
18980,18980000,17,-19,0,1020,3,-4,-0,-2,-4,-1,249,248,229,226
18982,18982000,16,-20,0,1020,3,-4,-0,1,-0,3,249,247,231,226
18984,18984000,16,-20,0,1020,3,-4,-0,2,4,7,249,245,233,226
18986,18986000,15,-19,0,1020,3,-4,-0,3,-3,2,248,243,233,226
18988,18988000,15,-19,0,1020,3,-4,-0,2,3,3,247,241,234,226
18990,18990000,14,-19,0,1020,2,-4,-0,3,1,3,247,241,235,226
18992,18992000,13,-19,0,1020,2,-4,-0,1,-3,3,248,241,235,226
18994,18994000,13,-19,0,1020,2,-4,-0,4,1,-0,250,242,236,226
18996,18996000,12,-19,0,1020,2,-4,-0,8,4,7,252,244,236,226
18998,18998000,12,-19,0,1020,2,-4,-0,7,5,0,253,245,235,226
19000,19000000,11,-19,0,1020,2,-4,-0,3,2,3,252,246,233,226
19002,19002000,11,-19,0,1020,2,-4,-0,4,7,2,249,246,230,226
19004,19004000,11,-19,0,1020,2,-4,-0,5,4,9,246,246,227,226
19006,19006000,11,-19,0,1020,2,-4,-0,3,1,1,244,247,226,228
19008,19008000,12,-20,0,1020,2,-4,-0,-0,5,10,243,249,226,231
19010,19010000,12,-20,0,1020,2,-4,-0,2,3,3,242,249,226,232
19012,19012000,13,-19,0,1020,2,-4,-0,0,4,7,242,248,226,232
19014,19014000,13,-19,0,1020,2,-4,-0,-4,-4,0,242,247,226,230
19016,19016000,13,-19,0,1020,2,-4,-0,-1,2,9,242,245,226,228
19018,19018000,13,-19,0,1020,2,-4,-0,-0,-4,2,243,244,226,226
19020,19020000,13,-19,0,1020,2,-4,-0,1,-4,8,243,244,226,226
19022,19022000,13,-19,0,1020,2,-4,-0,-4,-2,5,243,244,226,226
19024,19024000,14,-19,0,1020,2,-4,-0,-0,1,6,243,246,226,229
19026,19026000,14,-19,0,1020,2,-4,-0,1,-4,2,242,248,226,231
19028,19028000,14,-19,0,1020,2,-4,-0,1,-7,3,240,249,226,234
19030,19030000,15,-19,0,1020,3,-4,-0,-7,-0,10,239,249,226,236
19032,19032000,15,-19,0,1020,3,-3,-0,-6,1,5,238,248,226,236
19034,19034000,16,-18,0,1020,3,-3,-0,1,-1,11,237,245,226,234
19036,19036000,16,-18,0,1020,3,-3,-0,4,-2,3,237,242,226,232
19038,19038000,16,-18,0,1020,3,-3,-0,-3,-1,8,237,239,226,229
19040,19040000,16,-18,0,1020,3,-3,-0,0,-3,5,237,237,226,226
19042,19042000,15,-17,0,1020,3,-3,-0,1,1,4,237,237,226,226
19044,19044000,15,-17,0,1020,3,-3,-0,-1,-2,6,237,237,226,226
19046,19046000,15,-17,0,1020,3,-3,-0,2,-3,5,238,239,226,228
19048,19048000,15,-17,0,1020,3,-3,-0,1,3,7,238,243,226,230
19050,19050000,15,-17,0,1020,3,-3,-0,5,4,10,240,246,226,232
19052,19052000,16,-17,0,1020,3,-3,-0,0,-1,4,241,248,226,233
19054,19054000,16,-17,0,1020,3,-3,-0,1,1,4,243,249,226,233
19056,19056000,16,-17,0,1020,3,-3,-0,0,-2,-1,245,249,226,231
19058,19058000,16,-17,0,1020,3,-3,-0,-3,-0,9,247,248,226,228
19060,19060000,15,-18,0,1020,3,-3,-0,-4,6,7,250,248,227,226
19062,19062000,15,-18,0,1020,3,-3,-0,3,-2,0,253,249,229,226
19064,19064000,14,-19,0,1020,3,-3,-0,3,6,6,254,249,230,226
19066,19066000,14,-19,0,1020,2,-4,-0,3,1,1,253,249,229,226
19068,19068000,14,-19,0,1020,2,-4,-0,-2,2,7,250,248,228,226
19070,19070000,14,-20,0,1020,2,-4,-0,-1,5,4,248,246,226,226
19072,19072000,13,-20,0,1020,2,-4,-0,-1,7,7,246,246,226,227
19074,19074000,13,-20,0,1020,2,-4,-0,7,-1,-1,246,246,226,227
19076,19076000,13,-20,0,1020,2,-4,-0,4,2,2,248,246,226,226
19078,19078000,13,-20,0,1020,2,-4,-0,0,1,4,252,248,228,226
19080,19080000,12,-21,0,1020,2,-4,-0,4,4,2,256,251,230,226
19082,19082000,12,-21,0,1020,2,-4,-0,9,2,-1,259,253,230,226
19084,19084000,12,-22,0,1020,2,-4,-0,3,1,3,261,255,230,226
19086,19086000,11,-22,0,1020,2,-4,-0,0,6,10,260,256,229,226
19088,19088000,11,-23,0,1020,2,-4,-0,4,5,2,257,255,227,226
19090,19090000,11,-23,0,1020,2,-5,-0,-0,3,4,255,255,226,227
19092,19092000,11,-23,0,1020,2,-5,-0,1,-1,3,253,254,226,228
19094,19094000,11,-24,0,1020,2,-5,-0,4,2,3,252,253,226,228
19096,19096000,11,-24,0,1020,2,-5,-0,1,-0,2,252,251,226,227
19098,19098000,11,-24,0,1020,2,-5,-0,2,7,4,254,251,227,226
19100,19100000,11,-24,0,1020,2,-5,-0,4,-2,-2,258,252,230,226
19102,19102000,11,-24,0,1020,2,-5,-0,3,2,0,261,253,233,226
19104,19104000,10,-24,0,1020,2,-5,-0,4,8,9,263,253,234,226
19106,19106000,10,-25,0,1020,2,-5,-0,8,8,4,264,252,236,226
19108,19108000,9,-25,0,1020,1,-5,-0,7,3,6,261,250,236,226
19110,19110000,9,-24,0,1020,1,-5,-0,8,5,4,258,246,235,226
19112,19112000,8,-24,0,1020,1,-5,-0,1,-4,7,253,242,235,226
19114,19114000,8,-23,0,1020,1,-5,-0,3,-2,1,249,238,235,226
19116,19116000,7,-23,0,1020,1,-4,-0,8,3,4,246,235,236,226
19118,19118000,7,-22,0,1020,1,-4,-0,5,-1,3,245,233,236,226
19120,19120000,6,-21,0,1020,1,-4,-0,4,1,6,245,233,237,226
19122,19122000,6,-21,0,1020,1,-4,-0,9,5,5,246,234,237,226
19124,19124000,5,-20,0,1020,1,-4,-0,3,-7,-3,247,235,236,226
19126,19126000,5,-20,0,1020,1,-4,-0,4,-0,3,247,237,234,226
19128,19128000,5,-19,0,1020,1,-4,-0,1,-3,3,245,238,231,226
19130,19130000,5,-19,0,1020,1,-4,-0,5,4,4,241,238,227,226
19132,19132000,6,-19,0,1020,1,-3,-0,1,-0,5,240,241,226,229
19134,19134000,6,-18,0,1020,1,-3,-0,0,-1,3,240,244,226,232
19136,19136000,7,-18,0,1020,1,-3,-0,6,2,4,239,246,226,235
19138,19138000,8,-18,0,1020,1,-3,-0,6,-1,0,240,248,226,236
19140,19140000,9,-18,0,1020,1,-3,-0,0,3,3,242,249,226,236
19142,19142000,9,-18,0,1020,2,-3,-0,4,4,7,244,249,226,234
19144,19144000,10,-18,0,1020,2,-3,-0,-4,-3,2,246,249,226,232
19146,19146000,10,-18,0,1020,2,-3,-0,7,-3,-2,247,249,226,229
19148,19148000,10,-18,0,1020,2,-3,-0,-0,-5,-2,249,248,226,228
19150,19150000,11,-19,0,1020,2,-3,-0,-2,5,10,250,249,226,228
19152,19152000,11,-19,0,1020,2,-3,-0,4,7,-1,250,251,226,229
19154,19154000,11,-19,0,1020,2,-4,-0,-0,5,8,252,255,226,232
19156,19156000,12,-20,0,1020,2,-4,-0,-1,2,1,254,260,226,235
19158,19158000,12,-20,0,1020,2,-4,-0,6,-1,0,256,265,226,237
19160,19160000,13,-21,0,1020,2,-4,-0,-1,6,2,259,269,226,238
19162,19162000,13,-22,0,1020,2,-4,-0,-3,3,0,263,271,226,237
19164,19164000,13,-23,0,1020,2,-4,-0,-1,1,4,265,271,226,235
19166,19166000,13,-24,0,1020,2,-5,-0,5,-1,-3,266,269,226,231
19168,19168000,13,-24,0,1020,2,-5,-0,-4,3,8,266,265,226,227
19170,19170000,13,-25,0,1020,2,-5,-0,-1,1,-1,266,261,228,226
19172,19172000,13,-26,0,1020,2,-5,-0,4,3,-1,264,258,230,226
19174,19174000,12,-26,0,1020,2,-5,-0,-3,-1,2,260,254,229,226
19176,19176000,12,-26,0,1020,2,-5,-0,-5,4,7,254,251,227,226
19178,19178000,12,-26,0,1020,2,-5,-0,1,10,4,251,250,226,228
19180,19180000,12,-26,0,1020,2,-5,-0,1,-1,0,250,253,226,231
19182,19182000,12,-26,0,1020,2,-5,-0,-6,2,3,251,256,226,233
19184,19184000,12,-25,0,1020,2,-5,-0,-1,2,7,251,257,226,234
19186,19186000,12,-25,0,1020,2,-5,-0,-1,-5,7,251,256,226,234
19188,19188000,13,-25,0,1020,2,-5,-0,-3,1,-2,248,251,226,232
19190,19190000,12,-24,0,1020,2,-5,-0,2,3,-4,242,243,226,229
19192,19192000,12,-23,0,1020,2,-5,-0,-2,2,3,234,233,226,226
19194,19194000,12,-22,0,1020,2,-4,-0,10,-2,-4,230,226,230,228
19196,19196000,12,-21,0,1020,2,-4,-0,-4,-4,1,232,226,239,235
19198,19198000,11,-19,0,1020,2,-4,-0,10,-2,-3,233,226,244,239
19200,19200000,11,-17,0,1020,2,-3,-0,2,-3,4,234,226,245,240
19202,19202000,10,-16,0,1020,2,-3,-0,5,-6,-1,234,226,243,236
19204,19204000,9,-15,0,1020,2,-3,-0,2,-5,1,235,226,237,230
19206,19206000,9,-14,0,1020,1,-2,-0,7,-4,4,239,229,233,226
19208,19208000,8,-14,0,1020,1,-2,-0,8,1,2,247,237,234,226
19210,19210000,8,-14,0,1020,1,-2,-0,6,-3,3,253,243,234,226
19212,19212000,7,-14,0,1020,1,-3,-0,8,1,2,258,248,234,226
19214,19214000,7,-15,0,1020,1,-3,-0,3,-1,2,259,250,232,226
19216,19216000,7,-16,0,1020,1,-3,-0,5,-1,-3,259,252,231,226
19218,19218000,6,-16,0,1020,1,-3,-0,10,5,-1,259,252,231,226
19220,19220000,6,-17,0,1020,1,-3,-0,-0,-2,2,259,252,231,226
19222,19222000,6,-18,0,1020,1,-3,-0,5,5,2,261,252,232,226
19224,19224000,5,-18,0,1020,1,-3,-0,1,-5,-0,265,253,235,226
19226,19226000,5,-19,0,1020,1,-4,-0,5,-4,-2,270,256,238,226
19228,19228000,4,-20,0,1020,1,-4,-0,6,-1,-6,276,259,241,226
19230,19230000,3,-21,0,1020,0,-4,-0,8,1,-1,281,262,242,226
19232,19232000,3,-22,0,1020,0,-4,-0,4,10,3,283,265,241,226
19234,19234000,2,-23,0,1020,0,-5,-0,9,9,-4,282,267,238,226
19236,19236000,2,-24,0,1020,0,-5,-0,6,6,2,279,269,233,226
19238,19238000,2,-26,0,1020,0,-5,-0,6,11,-1,275,271,228,226
19240,19240000,3,-27,0,1020,0,-5,-0,3,5,-7,275,276,226,229
19242,19242000,3,-28,0,1020,0,-6,-0,-3,11,4,278,280,226,230
19244,19244000,4,-29,0,1020,1,-6,-0,5,2,-4,280,282,226,229
19246,19246000,4,-31,0,1020,1,-7,-0,-2,6,4,283,281,226,226
19248,19248000,4,-32,0,1020,1,-7,-0,8,8,1,287,281,230,226
19250,19250000,4,-33,0,1020,1,-7,-0,3,5,7,290,280,233,226
19252,19252000,4,-34,0,1020,1,-7,-0,4,5,-4,288,277,235,226
19254,19254000,4,-34,0,1020,1,-8,-0,1,5,5,281,271,234,226
19256,19256000,4,-34,0,1020,1,-8,-0,5,5,-3,270,263,230,226
19258,19258000,4,-34,0,1020,1,-7,-0,-3,-0,6,258,257,226,227
19260,19260000,5,-33,0,1020,1,-7,-0,-0,-2,-1,251,257,226,233
19262,19262000,6,-32,0,1020,1,-7,-0,-2,0,9,248,258,226,238
19264,19264000,7,-32,0,1020,1,-7,-0,3,3,-2,246,260,226,241
19266,19266000,8,-31,0,1020,1,-7,-0,-3,8,5,247,260,226,241
19268,19268000,9,-30,0,1020,1,-6,-0,-4,-1,3,248,259,226,239
19270,19270000,9,-29,0,1020,2,-6,-0,-4,-3,2,249,256,226,235
19272,19272000,10,-29,0,1020,2,-6,-0,2,9,9,248,251,226,231
19274,19274000,10,-28,0,1020,2,-6,-0,-2,6,5,245,244,226,227
19276,19276000,10,-27,0,1020,2,-6,-0,1,3,5,244,239,229,226
19278,19278000,9,-26,0,1020,2,-5,-0,-2,-2,5,241,233,232,226
19280,19280000,9,-24,0,1020,1,-5,-0,3,-2,5,237,227,234,226
19282,19282000,8,-23,0,1020,1,-4,-0,1,-3,-2,237,226,238,229
19284,19284000,8,-21,0,1020,1,-4,-0,2,-6,-1,237,226,241,231
19286,19286000,7,-20,0,1020,1,-4,-0,4,-2,1,237,226,241,231
19288,19288000,6,-19,0,1020,1,-3,-0,-0,-4,5,236,226,236,227
19290,19290000,6,-18,0,1020,1,-3,-0,-1,-5,4,239,230,233,226
19292,19292000,6,-17,0,1020,1,-3,-0,-2,-10,1,242,237,229,226
19294,19294000,6,-17,0,1020,1,-3,-0,8,-9,-2,245,244,226,227
19296,19296000,6,-17,0,1020,1,-3,-0,6,3,2,250,253,226,231
19298,19298000,7,-18,0,1020,1,-3,-0,3,-4,1,253,259,226,234
19300,19300000,7,-18,0,1020,1,-3,-0,-2,-1,2,253,261,226,235
19302,19302000,8,-18,0,1020,1,-3,-0,5,2,-0,252,258,226,234
19304,19304000,8,-19,0,1020,1,-3,-0,-1,-1,-2,251,253,226,230
19306,19306000,8,-19,0,1020,1,-4,-0,-3,-4,2,251,248,227,226
19308,19308000,7,-19,0,1020,1,-4,-0,4,4,-4,259,249,234,226
19310,19310000,7,-20,0,1020,1,-4,-0,2,3,-3,267,252,239,226
19312,19312000,6,-20,0,1020,1,-4,-0,1,1,6,276,257,243,226
19314,19314000,5,-21,0,1020,1,-4,-0,3,5,4,284,263,245,226
19316,19316000,4,-23,0,1020,1,-4,-0,5,3,4,289,270,243,226
19318,19318000,3,-24,0,1020,0,-5,-0,8,9,2,290,275,240,226
19320,19320000,3,-25,0,1020,0,-5,-0,4,2,5,288,277,235,226
19322,19322000,2,-27,0,1020,0,-5,-0,2,4,1,283,276,231,226
19324,19324000,2,-28,0,1020,0,-6,-0,7,6,-1,275,272,227,226
19326,19326000,3,-28,0,1020,0,-6,-0,0,6,2,269,268,226,227
19328,19328000,3,-29,0,1020,0,-6,-0,4,3,-8,263,263,226,228
19330,19330000,3,-29,0,1020,0,-6,-0,-6,3,0,258,258,226,227
19332,19332000,4,-29,0,1020,1,-6,-0,1,-2,1,255,254,226,227
19334,19334000,4,-29,0,1020,1,-6,-0,-4,-4,1,254,253,226,226
19336,19336000,4,-29,0,1020,1,-6,-0,-3,2,4,255,254,226,226
19338,19338000,5,-29,0,1020,1,-6,-0,5,1,3,256,257,226,228
19340,19340000,5,-28,0,1020,1,-6,-0,0,5,3,257,259,226,230
19342,19342000,5,-28,0,1020,1,-6,-0,-1,7,4,256,260,226,232
19344,19344000,6,-28,0,1020,1,-6,-0,2,6,1,254,260,226,233
19346,19346000,7,-28,0,1020,1,-6,-0,-1,6,-3,252,258,226,233
19348,19348000,7,-27,0,1020,1,-6,-0,-2,1,4,250,255,226,232
19350,19350000,7,-27,0,1020,1,-6,-0,-3,-0,1,249,251,226,229
19352,19352000,7,-27,0,1020,1,-5,-0,6,3,0,249,247,226,226
19354,19354000,7,-26,0,1020,1,-5,-0,6,4,-3,253,248,230,226
19356,19356000,7,-26,0,1020,1,-5,-0,2,1,0,256,248,233,226
19358,19358000,6,-25,0,1020,1,-5,-0,4,3,2,259,249,235,226
19360,19360000,6,-25,0,1020,1,-5,-0,-3,1,3,258,248,235,226
19362,19362000,5,-25,0,1020,1,-5,-0,4,1,2,257,248,234,226
19364,19364000,5,-24,0,1020,1,-5,-0,3,-4,-2,254,247,232,226
19366,19366000,5,-24,0,1020,1,-5,-0,3,3,-2,252,247,229,226
19368,19368000,5,-24,0,1020,1,-5,-0,1,0,3,252,249,227,226
19370,19370000,5,-24,0,1020,1,-5,-0,-2,-6,5,255,253,227,226
19372,19372000,5,-24,0,1020,1,-5,-0,8,-2,2,262,259,228,226
19374,19374000,5,-25,0,1020,1,-5,-0,5,1,-6,271,265,230,226
19376,19376000,4,-26,0,1020,1,-5,-0,3,7,-4,281,272,234,226
19378,19378000,4,-27,0,1020,1,-6,-0,-0,5,5,291,278,237,226
19380,19380000,3,-28,0,1020,0,-6,-0,8,4,3,298,282,240,226
19382,19382000,2,-30,0,1020,0,-6,-0,-1,9,4,301,284,242,226
19384,19384000,1,-31,0,1020,0,-7,-0,5,9,5,300,283,242,226
19386,19386000,1,-32,0,1020,0,-7,-0,8,5,-3,296,281,240,226
19388,19388000,0,-33,0,1020,0,-7,-0,9,7,-2,290,278,237,226
19390,19390000,0,-34,0,1020,0,-7,-0,6,11,2,284,275,234,226
19392,19392000,0,-34,0,1020,0,-8,-0,1,2,-4,279,272,232,226
19394,19394000,0,-34,0,1020,0,-8,-0,-2,1,2,276,269,231,226
19396,19396000,0,-34,0,1020,0,-8,-0,-1,2,3,273,266,232,226
19398,19398000,0,-34,0,1020,-0,-8,-0,3,1,1,269,262,232,226
19400,19400000,0,-34,0,1020,-0,-7,-0,2,4,7,264,256,233,226
19402,19402000,0,-33,0,1020,-0,-7,-0,2,7,-0,257,250,233,226
19404,19404000,0,-32,0,1020,-0,-7,-0,-1,3,2,250,244,232,226
19406,19406000,0,-31,0,1020,0,-7,-0,1,-0,-3,243,239,230,226
19408,19408000,0,-30,0,1020,0,-6,-0,4,0,-2,239,236,228,226
19410,19410000,1,-28,0,1020,0,-6,-0,4,2,-0,239,237,228,226
19412,19412000,1,-27,0,1020,0,-6,-0,1,-3,-0,243,240,228,226
19414,19414000,1,-27,0,1020,0,-5,-0,3,-2,0,250,245,231,226
19416,19416000,1,-26,0,1020,0,-5,-0,2,-3,-4,257,249,234,226
19418,19418000,1,-26,0,1020,0,-5,-0,8,-6,-1,264,253,237,226
19420,19420000,0,-26,0,1020,0,-5,-0,2,0,-0,267,254,239,226
19422,19422000,0,-26,0,1020,-0,-5,-0,7,2,-3,267,254,239,226
19424,19424000,0,-25,0,1020,-0,-5,-0,-1,-2,4,262,251,236,226
19426,19426000,0,-25,0,1020,-0,-5,-0,8,2,1,255,248,232,226
19428,19428000,0,-24,0,1020,-0,-5,-0,4,-2,0,247,244,228,226
19430,19430000,0,-24,0,1020,0,-5,-0,5,-2,-1,242,244,226,228
19432,19432000,1,-23,0,1020,0,-5,-0,-2,-4,-3,241,245,226,230
19434,19434000,2,-23,0,1020,0,-4,-0,3,4,5,241,245,226,230
19436,19436000,2,-22,0,1020,0,-4,-0,2,1,2,242,243,226,228
19438,19438000,2,-22,0,1020,0,-4,-0,3,-3,1,244,243,227,226
19440,19440000,2,-21,0,1020,0,-4,-0,7,4,-6,249,244,230,226
19442,19442000,2,-21,0,1020,0,-4,-0,5,-3,2,253,246,232,226
19444,19444000,2,-21,0,1020,0,-4,-0,1,6,2,256,249,232,226
19446,19446000,2,-21,0,1020,0,-4,-0,1,-1,4,257,252,230,226
19448,19448000,3,-22,0,1020,0,-4,-0,4,-1,1,257,257,226,226
19450,19450000,3,-22,0,1020,0,-4,-0,-1,-0,2,262,266,226,230
19452,19452000,4,-23,0,1020,1,-5,-0,3,5,-3,268,275,226,233
19454,19454000,4,-24,0,1020,1,-5,-0,0,9,2,274,282,226,235
19456,19456000,5,-26,0,1020,1,-5,-0,-3,3,-2,279,287,226,235
19458,19458000,6,-27,0,1020,1,-6,-0,1,5,4,282,289,226,233
19460,19460000,6,-28,0,1020,1,-6,-0,2,7,2,284,289,226,232
19462,19462000,6,-30,0,1020,1,-6,-0,6,1,-2,283,287,226,231
19464,19464000,7,-31,0,1020,1,-7,-0,-1,2,1,280,285,226,231
19466,19466000,7,-32,0,1020,1,-7,-0,-4,4,-3,275,282,226,233
19468,19468000,8,-32,0,1020,1,-7,-0,-0,5,4,270,280,226,236
19470,19470000,8,-32,0,1020,1,-7,-0,-4,3,-2,266,279,226,239
19472,19472000,9,-33,0,1020,1,-7,-0,-1,6,5,264,278,226,240
19474,19474000,10,-33,0,1020,2,-7,-0,-11,5,6,263,276,226,239
19476,19476000,10,-33,0,1020,2,-7,-0,-8,6,-1,265,274,226,235
19478,19478000,10,-33,0,1020,2,-7,-0,-1,5,-5,267,271,226,229
19480,19480000,10,-33,0,1020,2,-7,-0,2,6,1,273,270,229,226
19482,19482000,9,-33,0,1020,1,-7,-0,-4,3,7,282,272,236,226
19484,19484000,8,-34,0,1020,1,-7,-0,-3,3,-2,287,272,242,226
19486,19486000,7,-34,0,1020,1,-7,-0,-4,4,2,288,270,245,226
19488,19488000,5,-34,0,1020,1,-7,-0,8,4,1,285,266,246,226
19490,19490000,4,-33,0,1020,1,-7,-0,3,-1,-5,279,261,245,226
19492,19492000,3,-33,0,1020,0,-7,-0,2,2,0,271,255,243,226
19494,19494000,2,-32,0,1020,0,-7,-0,5,-2,3,264,250,241,226
19496,19496000,1,-31,0,1020,0,-7,-0,5,-1,-3,259,247,239,226
19498,19498000,1,-30,0,1020,0,-6,-0,-3,-7,5,255,245,237,226
19500,19500000,0,-29,0,1020,0,-6,-0,2,1,3,254,245,236,226
19502,19502000,0,-29,0,1020,-0,-6,-0,5,1,3,253,245,234,226
19504,19504000,0,-28,0,1020,-0,-6,-0,-1,-1,-1,253,246,233,226
19506,19506000,0,-27,0,1020,-0,-6,-0,3,-7,-4,252,247,232,226
19508,19508000,0,-26,0,1020,-0,-5,-0,1,2,-3,252,247,232,226
19510,19510000,0,-26,0,1020,-0,-5,-0,1,5,-0,252,246,232,226
19512,19512000,-1,-25,0,1020,-0,-5,-0,5,-3,-2,252,245,234,226
19514,19514000,-1,-24,0,1020,-0,-5,-0,10,-2,4,254,244,236,226
19516,19516000,-1,-24,0,1020,-0,-5,-0,-2,-2,-3,257,245,239,226
19518,19518000,-2,-23,0,1020,-0,-5,-0,4,-2,5,261,247,242,226
19520,19520000,-2,-23,0,1020,-0,-5,-0,-0,-1,-2,267,251,243,226
19522,19522000,-3,-23,0,1020,-0,-5,-0,8,-1,5,272,256,243,226
19524,19524000,-3,-24,0,1020,-0,-5,-0,9,2,-2,276,262,241,226
19526,19526000,-4,-24,0,1020,-1,-5,-0,9,1,-6,278,267,238,226
19528,19528000,-4,-25,0,1020,-1,-5,-0,4,8,3,278,271,235,226
19530,19530000,-3,-26,0,1020,-0,-5,-0,-2,1,-1,275,272,231,226
19532,19532000,-3,-27,0,1020,-0,-5,-0,4,2,-3,271,271,228,226
19534,19534000,-2,-27,0,1020,-0,-6,-0,10,3,-4,267,269,226,227
19536,19536000,-2,-28,0,1020,-0,-6,-0,2,1,-3,266,270,226,229
19538,19538000,-1,-28,0,1020,-0,-6,-0,1,2,0,266,272,226,230
19540,19540000,0,-29,0,1020,-0,-6,-0,4,5,0,268,275,226,231
19542,19542000,1,-30,0,1020,0,-6,-0,-3,6,-5,273,281,226,232
19544,19544000,2,-31,0,1020,0,-7,-0,-2,9,3,280,287,226,231
19546,19546000,2,-32,0,1020,0,-7,-0,-0,6,-0,287,294,226,231
19548,19548000,3,-33,0,1020,0,-7,-0,1,3,-4,294,299,226,229
19550,19550000,3,-35,0,1020,0,-8,-0,6,11,2,298,301,226,227
19552,19552000,3,-37,0,1020,1,-8,-0,-4,10,-2,303,303,228,226
19554,19554000,3,-38,0,1020,0,-9,-0,5,9,-6,306,302,232,226
19556,19556000,3,-40,0,1020,0,-9,-0,-7,3,2,307,299,236,226
19558,19558000,2,-41,0,1020,0,-10,-0,4,16,0,306,295,240,226
19560,19560000,2,-41,0,1020,0,-10,-0,4,3,-0,304,289,243,226
19562,19562000,1,-42,0,1020,0,-10,-0,1,8,-2,300,285,243,226
19564,19564000,0,-42,0,1020,0,-10,-0,1,5,4,294,281,242,226
19566,19566000,0,-42,0,1020,-0,-10,-0,5,9,2,288,279,238,226
19568,19568000,0,-42,0,1020,-0,-10,-0,6,9,1,281,277,233,226
19570,19570000,0,-41,0,1020,-0,-10,-0,-1,13,7,273,275,227,226
19572,19572000,0,-41,0,1020,0,-10,-0,-7,3,3,268,276,226,231
19574,19574000,1,-40,0,1020,0,-10,-0,1,5,-3,262,275,226,235
19576,19576000,2,-39,0,1020,0,-9,-0,-5,-1,-4,255,271,226,238
19578,19578000,3,-38,0,1020,0,-9,-0,-3,-2,-1,248,264,226,239
19580,19580000,4,-36,0,1020,1,-8,-0,0,3,4,242,256,226,237
19582,19582000,5,-35,0,1020,1,-8,-0,-4,-4,-8,237,248,226,234
19584,19584000,5,-33,0,1020,1,-7,-0,1,0,0,235,242,226,230
19586,19586000,6,-32,0,1020,1,-7,-0,4,2,-4,235,238,226,226
19588,19588000,6,-30,0,1020,1,-6,-0,1,-2,-4,237,238,228,226
19590,19590000,6,-29,0,1020,1,-6,-0,2,-8,3,238,239,229,226
19592,19592000,6,-27,0,1020,1,-6,-0,-4,-3,0,237,238,228,226
19594,19594000,6,-26,0,1020,1,-5,-0,-5,-5,4,234,237,226,226
19596,19596000,6,-24,0,1020,1,-5,-0,-4,2,4,233,239,226,228
19598,19598000,6,-23,0,1020,1,-5,-0,-3,-10,-9,233,242,226,231
19600,19600000,7,-22,0,1020,1,-4,-0,-2,-4,3,234,245,226,232
19602,19602000,7,-21,0,1020,1,-4,-0,4,-3,2,237,247,226,233
19604,19604000,7,-21,0,1020,1,-4,-0,-3,-6,-4,240,249,226,231
19606,19606000,8,-20,0,1020,1,-4,-0,1,-4,-0,244,250,226,228
19608,19608000,7,-20,0,1020,1,-4,-0,-7,-5,-0,250,251,228,226
19610,19610000,7,-20,0,1020,1,-4,-0,-4,-3,3,257,254,232,226
19612,19612000,6,-21,0,1020,1,-4,-0,-2,-9,0,264,257,237,226
19614,19614000,5,-21,0,1020,1,-4,-0,1,-8,4,270,259,240,226
19616,19616000,4,-21,0,1020,1,-4,-0,-3,-5,5,276,262,243,226
19618,19618000,3,-22,0,1020,0,-4,-0,2,1,5,281,266,244,226
19620,19620000,2,-23,0,1020,0,-5,-0,2,5,-2,287,272,245,226
19622,19622000,1,-24,0,1020,0,-5,-0,1,-1,3,295,279,245,226
19624,19624000,0,-26,0,1020,0,-5,-0,-5,2,1,303,287,245,226
19626,19626000,-1,-28,0,1020,-0,-6,-0,9,6,-5,312,296,245,226
19628,19628000,-2,-30,0,1020,-0,-6,-0,7,2,-6,318,302,245,226
19630,19630000,-3,-32,0,1020,-0,-7,-0,11,10,-3,319,304,244,226
19632,19632000,-3,-34,0,1020,-0,-8,-0,5,3,-1,314,301,242,226
19634,19634000,-3,-35,0,1020,-1,-8,-0,4,13,1,303,293,238,226
19636,19636000,-4,-36,0,1020,-1,-8,-0,-3,-0,-2,288,282,235,226
19638,19638000,-4,-36,0,1020,-1,-8,-0,1,3,2,272,269,232,226
19640,19640000,-3,-36,0,1020,-0,-8,-0,-1,6,6,260,258,231,226
19642,19642000,-3,-35,0,1020,-0,-8,-0,-2,1,4,253,251,232,226
19644,19644000,-3,-34,0,1020,-0,-7,-0,1,4,5,252,248,233,226
19646,19646000,-3,-33,0,1020,-0,-7,-0,1,3,6,255,249,236,226
19648,19648000,-3,-32,0,1020,-0,-7,-0,5,-4,-4,259,252,237,226
19650,19650000,-3,-31,0,1020,-0,-7,-0,4,4,3,262,255,236,226
19652,19652000,-3,-31,0,1020,-0,-7,-0,2,-5,-2,262,259,233,226
19654,19654000,-2,-30,0,1020,-0,-6,-0,0,-3,-3,259,262,227,226
19656,19656000,-2,-30,0,1020,-0,-6,-0,-2,-1,-2,260,270,226,231
19658,19658000,0,-30,0,1020,-0,-6,-0,3,1,-4,263,278,226,237
19660,19660000,1,-30,0,1020,0,-6,-0,3,5,-2,265,284,226,240
19662,19662000,2,-31,0,1020,0,-7,-0,-4,1,-4,267,286,226,241
19664,19664000,3,-31,0,1020,1,-7,-0,-3,3,-0,268,285,226,238
19666,19666000,4,-31,0,1020,1,-7,-0,-2,2,-5,269,280,226,232
19668,19668000,5,-31,0,1020,1,-7,-0,1,8,-1,268,272,226,226
19670,19670000,4,-31,0,1020,1,-7,-0,6,8,1,273,270,233,226
19672,19672000,4,-31,0,1020,1,-7,-0,-2,7,1,276,268,238,226
19674,19674000,3,-31,0,1020,1,-7,-0,3,-2,-3,277,267,241,226
19676,19676000,3,-31,0,1020,0,-7,-0,1,-1,-9,277,267,240,226
19678,19678000,2,-31,0,1020,0,-7,-0,4,-2,-0,276,269,238,226
19680,19680000,2,-32,0,1020,0,-7,-0,-0,3,-3,277,273,235,226
19682,19682000,2,-32,0,1020,0,-7,-0,3,-1,1,281,278,233,226
19684,19684000,1,-33,0,1020,0,-7,-0,3,5,1,287,284,234,226
19686,19686000,1,-34,0,1020,0,-7,-0,6,8,-1,296,289,238,226
19688,19688000,0,-35,0,1020,0,-8,-0,-2,2,3,305,292,244,226
19690,19690000,-1,-36,0,1020,-0,-8,-0,9,7,-2,312,292,251,226
19692,19692000,-3,-36,0,1020,-0,-8,-0,13,6,-1,315,288,257,226
19694,19694000,-4,-37,0,1020,-1,-8,-0,6,3,-4,312,282,262,226
19696,19696000,-6,-37,0,1020,-1,-8,-0,7,3,5,305,274,262,226
19698,19698000,-7,-36,0,1020,-1,-8,-0,8,-1,2,294,266,259,226
19700,19700000,-8,-36,0,1020,-1,-8,-0,3,0,1,282,261,252,226
19702,19702000,-9,-35,0,1020,-1,-8,-0,-1,3,-4,271,258,244,226
19704,19704000,-8,-34,0,1020,-1,-8,-0,7,1,-2,262,258,235,226
19706,19706000,-8,-34,0,1020,-1,-7,-0,9,6,7,257,260,228,226
19708,19708000,-7,-33,0,1020,-1,-7,-0,6,-1,-4,256,264,226,228
19710,19710000,-6,-33,0,1020,-1,-7,-0,0,-2,-0,257,267,226,230
19712,19712000,-5,-32,0,1020,-1,-7,-0,-1,4,1,257,268,226,230
19714,19714000,-4,-31,0,1020,-1,-7,-0,-0,-0,-6,255,265,226,229
19716,19716000,-3,-31,0,1020,-0,-7,-0,-3,-5,2,253,261,226,227
19718,19718000,-2,-30,0,1020,-0,-6,-0,-1,-1,2,251,257,226,226
19720,19720000,-2,-30,0,1020,-0,-6,-0,-4,-4,-3,252,255,229,226
19722,19722000,-1,-29,0,1020,-0,-6,-0,2,-3,0,253,253,232,226
19724,19724000,-1,-28,0,1020,-0,-6,-0,-1,-1,-1,254,252,235,226
19726,19726000,-1,-27,0,1020,-0,-6,-0,-1,-2,-0,255,251,237,226
19728,19728000,-1,-27,0,1020,-0,-5,-0,-2,-7,2,257,252,238,226
19730,19730000,-1,-26,0,1020,-0,-5,-0,1,1,7,259,254,238,226
19732,19732000,-1,-26,0,1020,-0,-5,-0,-1,-5,-2,261,257,236,226
19734,19734000,-1,-26,0,1020,-0,-5,-0,-1,-2,-4,261,261,234,226
19736,19736000,-1,-26,0,1020,-0,-5,-0,1,-1,1,261,264,230,226
19738,19738000,-1,-26,0,1020,-0,-5,-0,0,-3,4,260,268,226,226
19740,19740000,0,-26,0,1020,0,-5,-0,3,5,3,262,273,226,229
19742,19742000,1,-26,0,1020,0,-5,-0,5,-3,-2,263,276,226,231
19744,19744000,2,-27,0,1020,0,-5,-0,-2,-0,2,262,276,226,232
19746,19746000,2,-27,0,1020,0,-6,-0,-1,-2,-3,260,274,226,231
19748,19748000,3,-27,0,1020,0,-6,-0,-3,2,-3,258,270,226,229
19750,19750000,3,-27,0,1020,1,-6,-0,-6,-7,-1,256,264,226,226
19752,19752000,4,-27,0,1020,1,-6,-0,-6,-6,-0,258,262,229,226
19754,19754000,4,-27,0,1020,1,-5,-0,3,-1,-7,259,261,232,226
19756,19756000,4,-27,0,1020,1,-5,-0,4,1,-5,261,261,234,226
19758,19758000,3,-27,0,1020,0,-5,-0,-2,-0,-0,261,261,234,226
19760,19760000,3,-26,0,1020,0,-5,-0,3,-0,-0,261,262,234,226
19762,19762000,3,-26,0,1020,0,-5,-0,0,3,-3,259,262,232,226
19764,19764000,3,-26,0,1020,0,-5,-0,0,1,3,257,261,230,226
19766,19766000,3,-26,0,1020,0,-5,-0,-1,-1,-1,255,261,229,226
19768,19768000,3,-26,0,1020,0,-5,-0,2,-7,-1,253,259,229,226
19770,19770000,3,-25,0,1020,0,-5,-0,4,-5,-5,252,258,229,226
19772,19772000,3,-25,0,1020,0,-5,-0,-6,-6,1,251,257,230,226
19774,19774000,3,-25,0,1020,0,-5,-0,5,-3,-5,252,256,231,226
19776,19776000,3,-24,0,1020,0,-5,-0,-4,-5,1,252,256,232,226
19778,19778000,3,-24,0,1020,0,-5,-0,-0,-0,4,252,256,232,226
19780,19780000,3,-24,0,1020,0,-5,-0,0,2,2,252,256,232,226
19782,19782000,3,-23,0,1020,0,-5,-0,-4,-0,-0,252,256,232,226
19784,19784000,3,-23,0,1020,0,-4,-0,3,0,-0,251,256,231,226
19786,19786000,3,-23,0,1020,0,-4,-0,-4,-2,-2,251,257,230,226
19788,19788000,3,-23,0,1020,0,-4,-0,-2,-11,-5,253,259,230,226
19790,19790000,3,-23,0,1020,0,-4,-0,-4,-1,-1,256,262,230,226
19792,19792000,3,-23,0,1020,0,-4,-0,0,-5,-3,261,265,232,226
19794,19794000,3,-23,0,1020,0,-5,-0,-1,0,-4,265,268,233,226
19796,19796000,3,-24,0,1020,0,-5,-0,1,-5,2,269,270,236,226
19798,19798000,2,-24,0,1020,0,-5,-0,3,1,-2,271,269,238,226
19800,19800000,2,-24,0,1020,0,-5,-0,2,1,-3,269,265,241,226
19802,19802000,1,-24,0,1020,0,-5,-0,4,-1,-7,265,258,243,226
19804,19804000,0,-23,0,1020,0,-5,-0,0,-10,4,258,250,244,226
19806,19806000,0,-22,0,1020,-0,-4,-0,4,-6,1,251,243,245,226
19808,19808000,-1,-21,0,1020,-0,-4,-0,4,1,2,247,239,244,226
19810,19810000,-1,-20,0,1020,-0,-4,-0,5,-0,-4,245,238,244,226
19812,19812000,-2,-19,0,1020,-0,-4,-0,4,-5,-1,247,241,242,226
19814,19814000,-2,-19,0,1020,-0,-3,-0,3,-12,-3,251,246,241,226
19816,19816000,-3,-18,0,1020,-0,-3,-0,7,-4,3,254,251,239,226
19818,19818000,-3,-18,0,1020,-0,-3,-0,3,1,0,256,255,238,226
19820,19820000,-3,-18,0,1020,-0,-3,-0,2,-6,-5,254,255,236,226
19822,19822000,-3,-18,0,1020,-0,-3,-0,4,-3,-2,250,252,234,226
19824,19824000,-2,-17,0,1020,-0,-3,-0,0,-8,2,242,247,232,226
19826,19826000,-2,-16,0,1020,-0,-3,-0,1,-5,1,234,241,230,226
19828,19828000,-1,-16,0,1020,-0,-3,-0,0,-11,-3,228,236,229,226
19830,19830000,-1,-15,0,1020,-0,-3,-0,2,-5,3,226,235,229,227
19832,19832000,0,-14,0,1020,-0,-2,-0,-7,-10,-1,226,236,228,228
19834,19834000,0,-13,0,1020,0,-2,-0,-2,-12,-5,226,238,226,226
19836,19836000,1,-12,0,1020,0,-2,-0,2,-8,-0,230,242,226,227
19838,19838000,2,-12,0,1020,0,-2,-0,3,-1,4,233,247,226,228
19840,19840000,3,-12,0,1020,0,-2,-0,-5,-8,2,235,250,226,229
19842,19842000,3,-12,0,1020,0,-2,-0,-4,-15,-2,235,251,226,229
19844,19844000,4,-11,0,1020,1,-2,-0,-4,-2,2,233,250,226,230
19846,19846000,5,-11,0,1020,1,-2,-0,-4,-3,-2,231,247,226,230
19848,19848000,5,-11,0,1020,1,-2,-0,-8,-13,0,228,244,226,230
19850,19850000,6,-10,0,1020,1,-2,-0,-5,-7,-2,227,242,226,229
19852,19852000,6,-10,0,1020,1,-2,-0,-9,-9,-4,228,241,226,227
19854,19854000,7,-9,0,1020,1,-2,-0,-8,-7,3,229,242,226,226
19856,19856000,7,-9,0,1020,1,-2,-0,-11,-8,-6,233,244,226,226
19858,19858000,7,-9,0,1020,1,-2,-0,-2,-6,3,237,248,227,226
19860,19860000,7,-10,0,1020,1,-2,-0,-3,-0,0,240,250,227,226
19862,19862000,7,-10,0,1020,1,-2,-0,-6,-11,-4,241,253,227,226
19864,19864000,7,-10,0,1020,1,-2,-0,-2,-7,-1,242,254,226,226
19866,19866000,8,-11,0,1020,1,-2,-0,-8,-9,1,242,256,226,226
19868,19868000,8,-11,0,1020,1,-2,-0,-5,-5,-7,243,257,226,227
19870,19870000,8,-11,0,1020,1,-2,-0,-9,-3,4,243,258,226,228
19872,19872000,8,-12,0,1020,1,-2,-0,-4,-6,2,243,258,226,228
19874,19874000,8,-12,0,1020,1,-2,-0,-2,-4,-2,243,258,226,228
19876,19876000,9,-12,0,1020,1,-2,-0,-6,-4,-0,243,256,226,226
19878,19878000,9,-13,0,1020,1,-2,-0,-5,-9,7,244,255,227,226
19880,19880000,8,-13,0,1020,1,-2,-0,-1,-3,-3,245,254,229,226
19882,19882000,8,-13,0,1020,1,-2,-0,2,2,2,245,252,231,226
19884,19884000,8,-13,0,1020,1,-2,-0,-2,-9,-1,243,249,233,226
19886,19886000,7,-13,0,1020,1,-2,-0,-5,-2,-1,241,246,234,226
19888,19888000,7,-12,0,1020,1,-2,-0,-3,-3,6,239,243,234,226
19890,19890000,7,-12,0,1020,1,-2,-0,-1,-10,-0,236,242,233,226
19892,19892000,7,-11,0,1020,1,-2,-0,3,-7,8,234,241,232,226
19894,19894000,6,-11,0,1020,1,-2,-0,-3,-10,-2,233,241,230,226
19896,19896000,6,-10,0,1020,1,-2,-0,3,-5,-7,233,242,230,226
19898,19898000,6,-10,0,1020,1,-2,-0,-1,-9,4,233,242,229,226
19900,19900000,6,-9,0,1020,1,-2,-0,-2,-8,-1,233,242,229,226
19902,19902000,6,-9,0,1020,1,-1,-0,-6,-11,1,233,242,229,226
19904,19904000,6,-8,0,1020,1,-1,-0,3,-7,3,233,242,229,226
19906,19906000,6,-8,0,1020,1,-1,-0,-6,-14,-4,232,241,229,226
19908,19908000,6,-8,0,1020,1,-1,-0,-4,-12,1,231,241,229,226
19910,19910000,6,-7,0,1020,1,-1,-0,-4,-4,-0,231,240,230,226
19912,19912000,6,-7,0,1020,1,-1,-0,1,-4,-0,231,240,230,226
19914,19914000,6,-7,0,1020,1,-1,-0,2,-11,-5,233,241,231,226
19916,19916000,6,-6,0,1020,1,-1,-0,1,-16,-2,234,241,232,226
19918,19918000,6,-6,0,1020,1,-1,-0,-2,-7,2,236,242,233,226
19920,19920000,5,-6,0,1020,1,-1,-0,2,-3,-0,238,243,234,226
19922,19922000,5,-6,0,1020,1,-1,-0,2,-7,-6,239,244,235,226
19924,19924000,5,-6,0,1020,1,-1,-0,4,-6,0,241,245,235,226
19926,19926000,5,-6,0,1020,1,-1,-0,-4,-11,-3,242,246,235,226
19928,19928000,4,-6,0,1020,1,-1,-0,4,-10,-6,243,247,235,226
19930,19930000,4,-6,0,1020,1,-1,-0,-4,-7,2,243,248,234,226
19932,19932000,4,-6,0,1020,1,-1,-0,-6,-6,1,243,249,234,226
19934,19934000,4,-6,0,1020,1,-1,-0,4,-9,1,243,249,234,226
19936,19936000,4,-6,0,1020,1,-1,-0,-2,-1,0,243,248,234,226
19938,19938000,4,-6,0,1020,1,-1,-0,-1,-9,-6,243,248,235,226
19940,19940000,4,-6,0,1020,1,-1,-0,2,-2,0,243,248,235,226
19942,19942000,3,-6,0,1020,0,-1,-0,-1,-5,-5,243,248,235,226
19944,19944000,3,-7,0,1020,0,-1,-0,1,-0,3,243,249,234,226
19946,19946000,3,-7,0,1020,0,-1,-0,-2,2,-2,243,251,233,226
19948,19948000,3,-7,0,1020,1,-1,-0,3,-5,-7,243,252,231,226
19950,19950000,4,-7,0,1020,1,-1,-0,3,-1,-0,242,254,229,226
19952,19952000,4,-8,0,1020,1,-1,-0,0,-5,-6,241,255,227,226
19954,19954000,5,-8,0,1020,1,-1,-0,-4,-0,-0,241,256,226,226
19956,19956000,5,-8,0,1020,1,-1,-0,-1,-2,0,241,257,226,227
19958,19958000,6,-9,0,1020,1,-1,-0,-1,1,2,240,256,226,227
19960,19960000,6,-9,0,1020,1,-1,-0,0,-1,-4,239,254,226,226
19962,19962000,6,-9,0,1020,1,-1,-0,-3,-5,1,237,252,226,226
19964,19964000,7,-9,0,1020,1,-1,-0,1,-8,-2,237,250,227,226
19966,19966000,7,-9,0,1020,1,-1,-0,-8,-2,2,236,249,229,226
19968,19968000,7,-8,0,1020,1,-1,-0,-4,-5,1,235,247,229,226
19970,19970000,7,-8,0,1020,1,-1,-0,-6,-3,-0,234,246,230,226
19972,19972000,7,-8,0,1020,1,-1,-0,4,-7,-2,234,245,230,226
19974,19974000,7,-7,0,1020,1,-1,-0,5,-10,-3,233,244,231,226
19976,19976000,7,-7,0,1020,1,-1,-0,-4,-4,3,232,243,231,226
19978,19978000,7,-7,0,1020,1,-1,-0,-6,-12,-2,232,243,231,226
19980,19980000,7,-6,0,1020,1,-1,-0,-5,-7,-2,233,243,231,226
19982,19982000,7,-6,0,1020,1,-1,-0,5,-5,-4,233,244,231,226
19984,19984000,7,-5,0,1020,1,-1,-0,-5,-9,-3,234,245,231,226
19986,19986000,7,-5,0,1020,1,-1,-0,-4,-4,-1,235,246,232,226
19988,19988000,7,-5,0,1020,1,-1,-0,-3,-10,-1,236,247,232,226
19990,19990000,7,-5,0,1020,1,-1,-0,-1,-5,0,236,247,232,226
19992,19992000,7,-5,0,1020,1,-1,-0,-1,-6,2,236,246,233,226
19994,19994000,7,-4,0,1020,1,-1,-0,-2,-3,-0,236,245,234,226
19996,19996000,6,-4,0,1020,1,-1,-0,4,-8,-1,236,244,235,226
19998,19998000,6,-4,0,1020,1,-1,-0,-0,-6,1,236,244,236,226
